session_id,athlete_id,frame_num,sport,hip_angle_l,hip_angle_r,knee_angle_l,knee_angle_r,shoulder_angle_l,shoulder_angle_r,elbow_angle_l,elbow_angle_r,ankle_dorsiflexion_l,ankle_dorsiflexion_r,trunk_lean,spine_deviation,shoulder_hip_sep,head_forward_pos,com_height_norm,estimated_jump_height,limb_symmetry_idx,form_score,phase_label,quality_label,feedback_tag
SES_VER_AVE_0002,athlete_51,9,vertical_jump,145.07,108.44,110.04,124.2,64.52,101.16,147.09,125.55,94.75,80.62,24.28,2.2,26.9,2.0,0.48,43.2,0.69,74,flight,average,Control trunk lean.
SES_SNA_ELI_0004,athlete_62,1,snatch,91.84,86.75,105.82,108.96,33.58,41.69,175.07,178.49,91.52,85.85,24.04,3.49,29.65,0.43,0.4,0,0.925,92.0,setup,elite,Elite biomechanics detected.
SES_SNA_GOO_0005,athlete_31,18,snatch,76.62,92.62,101.86,95.7,51.82,35.27,162.46,175.61,81.9,84.15,33.57,3.23,43.17,-3.14,0.47,0,0.83,83.7,descent,good,"Good depth, push harder through the heels."
SES_JAV_AVE_0014,athlete_53,19,javelin,126.32,117.75,178,156.61,151.13,140.07,135.91,120.45,94.39,75.85,45.58,3.62,38.41,6.8,0.43,0,0.624,65.9,setup,average,Control trunk lean.
SES_SNA_POO_0007,athlete_14,24,snatch,143.23,146.07,140.45,127.94,91.4,73.07,173.45,148.2,68.36,87.84,41.88,3.58,12.16,2.03,0.3,0,0.687,48.8,descent,poor,Adjust knee alignment.
SES_CRI_GOO_0017,athlete_46,73,cricket_bat,143.77,130.83,144.4,142.81,99.83,125.53,152.85,135.33,81.16,76.81,21.15,1.23,18.25,3.07,0.48,0,0.75,82.5,setup,good,Slight asymmetry detected.
SES_SPR_POO_0011,athlete_21,8,sprint,108.28,70.63,132.25,116.58,115.39,133.02,115.63,130.31,91.52,95.9,27.63,0.59,32.21,4.97,0.34,0,0.58,34.0,descent,poor,Adjust knee alignment.
SES_VER_GOO_0001,athlete_35,72,vertical_jump,89.88,108.08,106.86,93.92,92.2,84.34,139.47,132.37,82.4,83.6,14.14,2.26,24.79,6.67,0.53,54.2,0.793,80.6,setup,good,Extend hips fully.
SES_CRI_AVE_0018,athlete_26,97,cricket_bat,147.4,153.83,148.61,166.52,106.08,94.24,151.07,165.39,95.72,94.95,45.88,1.23,22.48,5.72,0.58,0,0.675,66.7,setup,average,Control trunk lean.
SES_CRI_AVE_0018,athlete_50,55,cricket_bat,171.52,129.47,162.57,155.58,92.7,117.92,147.24,156.04,96.58,93.79,33.14,0.48,20.05,4.49,0.43,0,0.634,69.2,setup,average,Lower your hips.
SES_SNA_GOO_0005,athlete_08,58,snatch,103.16,107.98,122.93,110.69,48.02,53.96,166.8,176.49,83.95,84.86,37.63,1.03,31.27,2.5,0.48,0,0.857,82.1,descent,good,Slight asymmetry detected.
SES_SPR_AVE_0010,athlete_45,80,sprint,80.11,59.5,131.08,104.92,100.91,109.03,154.18,114.64,90.64,102.55,21.96,1.18,32.13,3.77,0.51,0,0.663,66.9,setup,average,Control trunk lean.
SES_SPR_AVE_0010,athlete_12,68,sprint,62.56,90.05,111.96,114.44,112.85,91.99,129.78,119.28,90.24,85.85,21.13,1.36,26.27,2.21,0.53,0,0.702,72.0,descent,average,Activate core more.
SES_CRI_ELI_0016,athlete_33,58,cricket_bat,109.85,133.29,144.79,143.91,87.36,95.36,133.62,137.02,89.9,80.71,15.11,2.55,27.51,2.59,0.62,0,0.765,99.0,descent,elite,Great form! Maintain position.
SES_JAV_POO_0015,athlete_30,87,javelin,149.89,140.98,178,161.93,143.56,145.86,138.01,156.96,58.24,70.46,80,3.42,42.99,-3.14,0.57,0,0.555,28.6,setup,poor,LOWER HIPS!
SES_SNA_GOO_0005,athlete_63,37,snatch,93.28,104.98,111.21,115.77,45.53,47.19,172.93,178.42,92.19,82.69,36.35,3.08,20.14,1.9,0.49,0,0.855,81.4,setup,good,"Good depth, push harder through the heels."
SES_VER_ELI_0000,athlete_72,55,vertical_jump,97.76,82.91,102.12,84.72,69.61,57.35,132.0,119.09,95.73,79.67,24.38,1.34,26.63,3.06,0.53,46.0,0.863,96.7,descent,elite,Great form! Maintain position.
SES_SNA_ELI_0004,athlete_70,98,snatch,82.93,78.5,127.5,102.88,47.91,47.84,178.29,180,97.27,82.62,27.58,1.76,34.81,0.03,0.59,0,0.876,94.0,descent,elite,Hold this form.
SES_VER_AVE_0002,athlete_11,19,vertical_jump,103.52,118.63,127.35,116.75,108.6,77.69,166.88,152.37,87.09,76.49,17.79,0,14.22,0.36,0.5,41.6,0.737,65.6,flight,average,Activate core more.
SES_JAV_POO_0015,athlete_70,24,javelin,140.97,146.73,149.81,176.91,175.45,151.55,180,173.58,63.55,67.43,60.69,3.79,22.94,-0.09,0.54,0,0.542,33.6,descent,poor,Critical form deviation.
SES_SPR_GOO_0009,athlete_24,65,sprint,62.11,37.99,95.67,96.05,86.18,79.04,90.75,100.5,89.4,68.32,18.56,2.91,15.26,-1.04,0.47,0,0.732,82.8,setup,good,"Good depth, push harder through the heels."
SES_SNA_POO_0007,athlete_68,68,snatch,116.88,133.91,125.1,133.11,114.41,79.78,156.06,96.32,58.39,74.79,65.6,0.56,26.99,2.75,0.51,0,0.664,20,descent,poor,Adjust knee alignment.
SES_CRI_ELI_0016,athlete_70,87,cricket_bat,119.52,123.77,138.83,135.09,90.97,75.35,141.36,149.84,85.13,102.03,18.12,3.96,50.12,6.98,0.57,0,0.802,96.9,setup,elite,Hold this form.
SES_VER_ELI_0000,athlete_57,67,vertical_jump,100.58,94.79,95.0,91.8,59.4,59.3,101.7,107.1,101.51,80.04,3.3,0.51,27.71,3.07,0.55,54.1,0.933,91.7,landing,elite,Hold this form.
SES_JAV_POO_0015,athlete_26,88,javelin,175,121.75,144.33,155.66,120.28,130.47,180,178.23,86.89,67.56,80,2.64,8.46,0.32,0.43,0,0.5,33.1,setup,poor,Critical form deviation.
SES_SNA_AVE_0006,athlete_43,43,snatch,106.22,104.92,128.67,137.94,52.82,85.6,136.59,160.56,83.34,86.25,35.23,1.7,12.37,6.37,0.52,0,0.796,67.1,setup,average,Activate core more.
SES_CRI_GOO_0017,athlete_69,70,cricket_bat,137.69,115.9,141.39,151.04,88.65,101.81,158.37,133.14,97.71,89.77,35.29,1.87,18.47,1.66,0.49,0,0.713,78.6,descent,good,"Good depth, push harder through the heels."
SES_VER_POO_0003,athlete_25,11,vertical_jump,135.44,142.14,171.01,144.45,116.1,135.54,123.87,141.81,80.81,87.53,47.25,0,24.95,2.2,0.55,28.5,0.639,43.5,setup,poor,Critical form deviation.
SES_CRI_ELI_0016,athlete_35,86,cricket_bat,111.12,122.27,120.03,146.18,100.01,95.02,162.44,128.46,89.78,94.27,34.34,1.6,28.11,1.39,0.45,0,0.739,97.5,setup,elite,Hold this form.
SES_VER_AVE_0002,athlete_67,30,vertical_jump,95.1,119.72,100.49,119.42,61.72,96.79,136.11,146.53,90.37,69.04,43.1,1.43,29.47,6.23,0.48,28.6,0.691,61.0,descent,average,Lower your hips.
SES_CRI_POO_0019,athlete_67,18,cricket_bat,151.79,164.95,152.41,172.4,144.25,157.32,179.87,173.29,94.56,81.84,61.77,0,31.06,-0.34,0.48,0,0.561,36.0,setup,poor,Work on symmetry.
SES_SNA_ELI_0004,athlete_78,10,snatch,88.47,79.29,92.17,110.36,42.49,48.05,172.48,180,86.16,94.64,34.04,1.53,35.22,1.78,0.55,0,0.869,93.2,setup,elite,Great form! Maintain position.
SES_CRI_GOO_0017,athlete_04,80,cricket_bat,134.07,130.91,132.94,154.33,111.82,84.72,132.66,154.37,95.63,95.43,21.07,3.33,21.15,1.52,0.54,0,0.731,86.4,descent,good,Extend hips fully.
SES_VER_POO_0003,athlete_07,36,vertical_jump,154.7,118.57,139.53,112.6,57.88,67.94,147.76,170.72,61.69,92.04,50.2,1.18,38.58,1.83,0.54,32.8,0.572,37.8,flight,poor,Critical form deviation.
SES_SNA_GOO_0005,athlete_31,68,snatch,104.53,116.32,110.07,104.94,60.14,48.47,173.78,157.68,72.34,102.58,23.35,2.23,29.52,2.01,0.54,0,0.856,80.0,setup,good,"Good depth, push harder through the heels."
SES_JAV_ELI_0012,athlete_23,91,javelin,93.93,105.31,154.48,162.58,169.1,166.23,126.92,121.33,71.89,83.36,27.87,0.03,46.4,0.77,0.56,0,0.733,94.5,descent,elite,Elite biomechanics detected.
SES_CRI_AVE_0018,athlete_33,39,cricket_bat,138.09,136.67,154.8,166.13,107.73,110.0,180,169.45,81.16,91.38,32.71,2.83,36.17,-2.13,0.4,0,0.696,63.6,descent,average,Control trunk lean.
SES_SPR_POO_0011,athlete_27,58,sprint,80.96,76.62,154.09,96.36,136.97,117.15,110.93,138.3,69.58,80.89,45.38,3.75,41.39,1.57,0.34,0,0.592,33.7,setup,poor,Work on symmetry.
SES_CRI_POO_0019,athlete_72,85,cricket_bat,146.93,171.13,161.5,177.95,163.51,163.87,141.12,180,66.76,63.4,45.66,0.57,35.25,4.32,0.3,0,0.55,29.2,setup,poor,Work on symmetry.
SES_SNA_ELI_0004,athlete_23,2,snatch,106.8,96.27,95.14,102.89,40.72,31.23,180,171.56,81.15,92.73,27.84,2.18,43.21,-2.02,0.58,0,0.898,93.4,setup,elite,Hold this form.
SES_SPR_POO_0011,athlete_71,79,sprint,95.94,76.65,161.83,143.46,116.66,110.58,139.48,134.44,52.14,83.05,49.93,2.43,16.8,2.36,0.32,0,0.626,21.9,setup,poor,Work on symmetry.
SES_VER_AVE_0002,athlete_79,55,vertical_jump,105.96,100.37,117.14,116.48,52.06,98.34,137.69,122.47,74.26,76.28,3.4,3.23,24.43,-0.03,0.44,12.7,0.782,62.0,descent,average,Lower your hips.
SES_SNA_POO_0007,athlete_60,93,snatch,139.75,158.63,128.56,154.39,98.62,131.18,176.48,128.49,87.03,66.08,61.47,2.42,20.91,3.45,0.32,0,0.634,44.5,descent,poor,Critical form deviation.
SES_JAV_AVE_0014,athlete_80,59,javelin,107.74,119.47,178,163.54,136.23,146.43,163.93,173.15,106.54,71.29,34.07,3.45,26.09,3.91,0.45,0,0.626,64.4,setup,average,Lower your hips.
SES_SNA_GOO_0005,athlete_29,14,snatch,85.76,92.12,100.03,120.68,61.56,54.15,169.27,174.15,79.92,83.43,40.32,3.24,23.8,3.43,0.51,0,0.828,86.7,descent,good,"Good depth, push harder through the heels."
SES_SNA_AVE_0006,athlete_13,12,snatch,102.23,114.47,120.13,127.14,31.88,80.65,126.96,170.38,93.15,77.91,38.17,1.95,8.04,2.96,0.48,0,0.771,68.7,descent,average,Activate core more.
SES_JAV_POO_0015,athlete_70,67,javelin,113.64,116.69,178,178,154.52,131.56,130.87,171.88,88.28,61.34,68.12,0,12.04,7.07,0.41,0,0.592,28.3,descent,poor,Work on symmetry.
SES_VER_GOO_0001,athlete_02,63,vertical_jump,109.64,93.66,100.18,113.77,47.08,67.41,149.29,140.85,103.15,84.92,26.9,4.89,21.55,-0.71,0.43,43.1,0.8,85.6,setup,good,Extend hips fully.
SES_JAV_POO_0015,athlete_57,37,javelin,122.59,167.2,157.61,170.18,135.62,147.04,180,136.66,83.51,54.07,80,1.55,35.3,4.02,0.53,0,0.5,25.8,setup,poor,Adjust knee alignment.
SES_VER_GOO_0001,athlete_40,40,vertical_jump,99.51,94.05,86.92,120.74,67.93,55.0,133.25,121.24,102.29,84.81,19.6,1.86,14.01,0.9,0.5,43.1,0.78,82.2,descent,good,Extend hips fully.
SES_CRI_AVE_0018,athlete_30,49,cricket_bat,154.41,121.47,169.58,143.01,108.21,112.6,162.28,146.88,89.07,100.52,16.34,1.65,20.85,6.35,0.39,0,0.609,69.9,descent,average,Lower your hips.
SES_CRI_AVE_0018,athlete_44,6,cricket_bat,139.09,143.69,158.89,178,119.86,108.22,162.82,128.05,69.39,83.33,39.68,0.78,13.11,4.95,0.42,0,0.678,67.5,setup,average,Activate core more.
SES_SNA_ELI_0004,athlete_49,8,snatch,89.63,91.84,110.38,97.21,46.74,43.47,178.22,174.91,92.02,86.23,27.03,1.11,27.18,-1.0,0.54,0,0.907,93.9,descent,elite,Great form! Maintain position.
SES_SNA_POO_0007,athlete_72,57,snatch,119.6,111.33,129.72,126.45,85.71,69.8,125.95,154.43,100.79,72.92,72.2,3.05,30.75,0.9,0.38,0,0.692,40.5,descent,poor,Work on symmetry.
SES_SNA_GOO_0005,athlete_12,83,snatch,94.15,92.67,99.06,105.18,58.41,51.24,162.87,165.98,79.36,87.54,37.1,2.95,23.56,2.35,0.47,0,0.878,80.7,descent,good,Extend hips fully.
SES_CRI_POO_0019,athlete_16,86,cricket_bat,175,165.35,146.04,166.42,114.38,126.15,170.54,180,89.64,81.02,43.08,2.8,36.87,-1.28,0.45,0,0.567,36.5,descent,poor,Adjust knee alignment.
SES_CRI_GOO_0017,athlete_78,48,cricket_bat,138.39,125.81,146.74,145.47,91.08,90.25,131.12,124.89,94.01,70.73,19.67,0,28.75,1.07,0.44,0,0.75,82.3,setup,good,Slight asymmetry detected.
SES_SPR_ELI_0008,athlete_62,7,sprint,46.76,49.07,84.63,84.32,73.01,74.39,83.05,96.36,90.82,67.75,10.03,0,35.85,3.95,0.5,0,0.885,94.1,setup,elite,Great form! Maintain position.
SES_VER_POO_0003,athlete_74,90,vertical_jump,143.87,127.49,149.18,123.85,83.77,102.52,143.11,123.98,78.64,81.19,53.77,6.4,10.93,3.87,0.4,16.3,0.615,28.0,descent,poor,Work on symmetry.
SES_CRI_GOO_0017,athlete_58,36,cricket_bat,123.75,127.52,159.28,143.38,114.47,89.67,149.54,139.11,90.66,78.83,30.08,0.05,24.93,-0.81,0.42,0,0.741,77.3,setup,good,"Good depth, push harder through the heels."
SES_SNA_AVE_0006,athlete_02,98,snatch,89.3,100.91,77.39,138.41,94.04,75.37,167.33,173.67,73.44,85.36,29.88,1.6,27.57,3.28,0.48,0,0.653,63.8,setup,average,Activate core more.
SES_VER_GOO_0001,athlete_21,98,vertical_jump,64.84,92.12,87.99,107.41,73.38,50.68,124.3,147.3,80.27,89.25,9.97,1.9,13.21,1.94,0.56,33.6,0.737,84.1,takeoff,good,Slight asymmetry detected.
SES_SNA_AVE_0006,athlete_04,10,snatch,118.04,117.73,144.6,128.92,58.33,84.24,168.33,146.55,84.92,95.25,44.62,3.61,33.46,6.45,0.45,0,0.787,60.5,setup,average,Lower your hips.
SES_CRI_POO_0019,athlete_53,11,cricket_bat,175,158.95,146.02,168.02,180,132.37,171.09,157.49,88.69,109.35,44.51,1.17,21.73,-4.58,0.43,0,0.553,31.6,setup,poor,Work on symmetry.
SES_SNA_POO_0007,athlete_04,89,snatch,148.79,106.45,160.43,165.65,53.01,78.11,165.74,134.08,94.27,72.11,60.97,1.99,32.85,1.62,0.46,0,0.625,40.3,setup,poor,Adjust knee alignment.
SES_CRI_GOO_0017,athlete_71,14,cricket_bat,124.22,127.78,144.3,132.06,105.57,104.28,170.29,148.25,103.19,87.89,35.84,0.23,27.3,2.92,0.42,0,0.746,86.2,descent,good,Extend hips fully.
SES_SPR_POO_0011,athlete_08,57,sprint,81.88,91.66,129.85,129.04,116.3,106.55,143.41,149.88,64.33,69.55,42.4,1.55,21.31,-3.17,0.52,0,0.686,36.0,descent,poor,Work on symmetry.
SES_SNA_POO_0007,athlete_46,19,snatch,109.83,131.41,178,156.09,78.14,85.07,120.88,149.3,99.09,55.63,41.06,0.69,18.89,0.37,0.36,0,0.634,36.2,descent,poor,LOWER HIPS!
SES_SNA_POO_0007,athlete_51,73,snatch,126.52,120.36,123.57,130.8,72.95,102.14,165.73,144.28,65.69,62.3,55.53,3.0,39.64,0.94,0.48,0,0.689,46.8,descent,poor,LOWER HIPS!
SES_VER_ELI_0000,athlete_37,98,vertical_jump,94.38,87.08,86.19,94.41,65.61,47.99,98.08,133.44,96.33,90.53,11.83,0.03,42.06,2.77,0.67,68.0,0.911,100,landing,elite,Great form! Maintain position.
SES_JAV_AVE_0014,athlete_05,84,javelin,116.86,130.87,159.14,156.23,137.95,145.64,125.55,160.14,86.84,76.59,66.03,0.7,23.29,-0.52,0.44,0,0.642,68.8,setup,average,Lower your hips.
SES_JAV_AVE_0014,athlete_72,22,javelin,138.81,132.66,162.53,146.41,128.2,135.25,126.51,148.41,89.42,65.36,67.33,3.16,38.92,3.28,0.56,0,0.637,60.3,descent,average,Lower your hips.
SES_JAV_AVE_0014,athlete_36,78,javelin,159.19,136.31,146.3,156.24,139.87,163.58,123.31,131.94,64.19,80.09,48.4,0,26.38,-0.55,0.44,0,0.618,58.3,descent,average,Control trunk lean.
SES_SNA_GOO_0005,athlete_72,33,snatch,101.05,96.4,108.72,122.17,52.21,51.8,158.09,177.11,99.92,79.4,32.25,1.95,37.01,-2.99,0.55,0,0.853,80.2,descent,good,Extend hips fully.
SES_VER_ELI_0000,athlete_10,82,vertical_jump,84.88,101.29,110.44,98.27,61.03,53.78,124.76,135.16,105.0,95.62,11.09,1.75,42.7,-0.42,0.49,52.7,0.878,95.9,descent,elite,Elite biomechanics detected.
SES_SPR_ELI_0008,athlete_42,97,sprint,57.43,47.82,90.23,88.11,83.05,92.49,82.59,99.62,76.32,69.14,23.91,1.75,42.92,2.39,0.44,0,0.843,96.1,setup,elite,Elite biomechanics detected.
SES_VER_AVE_0002,athlete_53,6,vertical_jump,114.94,116.0,119.94,118.85,70.41,87.67,148.58,120.67,63.61,76.36,33.26,2.98,19.65,0.81,0.39,30.3,0.795,69.3,takeoff,average,Lower your hips.
SES_JAV_AVE_0014,athlete_11,25,javelin,124.61,109.26,176.58,164.13,109.95,155.41,151.7,128.85,89.55,80.98,65.45,1.9,20.35,-0.15,0.46,0,0.622,70.3,descent,average,Control trunk lean.
SES_SNA_AVE_0006,athlete_11,63,snatch,88.09,91.85,95.43,130.95,85.24,80.59,169.29,180,81.28,75.58,42.59,2.32,25.67,1.92,0.49,0,0.726,61.2,setup,average,Activate core more.
SES_JAV_GOO_0013,athlete_72,85,javelin,103.85,120.6,169.66,159.39,168.74,154.14,119.44,165.03,88.84,84.73,42.61,4.73,25.76,-2.23,0.47,0,0.68,80.7,descent,good,Slight asymmetry detected.
SES_SNA_GOO_0005,athlete_32,66,snatch,82.14,84.27,122.54,110.5,71.44,62.5,168.12,180,77.67,94.96,28.66,2.29,28.21,-1.09,0.44,0,0.863,80.3,descent,good,Slight asymmetry detected.
SES_CRI_AVE_0018,athlete_60,76,cricket_bat,143.2,144.67,141.87,142.43,108.98,77.13,141.12,165.84,123.2,77.46,24.88,0,21.36,3.13,0.56,0,0.716,62.1,descent,average,Activate core more.
SES_SPR_ELI_0008,athlete_24,92,sprint,36.3,30,103.6,84.61,80.61,54.89,72.03,103.98,79.11,84.54,23.89,2.2,35.74,-2.64,0.56,0,0.793,95.7,descent,elite,Great form! Maintain position.
SES_SNA_ELI_0004,athlete_35,97,snatch,74.59,87.79,100.73,96.37,34.58,42.35,170.92,176.33,92.4,84.54,21.85,3.66,38.18,-0.24,0.49,0,0.892,97.6,descent,elite,Great form! Maintain position.
SES_SPR_GOO_0009,athlete_26,37,sprint,47.82,54.59,114.09,96.81,68.08,92.35,87.77,104.29,77.88,77.62,15.66,0.62,16.53,4.28,0.39,0,0.767,77.6,setup,good,Slight asymmetry detected.
SES_JAV_ELI_0012,athlete_74,28,javelin,113.71,104.71,133.55,164.91,174.05,159.75,120.16,142.74,92.81,81.01,18.35,0,34.45,5.23,0.51,0,0.699,97.5,setup,elite,Elite biomechanics detected.
SES_VER_GOO_0001,athlete_39,39,vertical_jump,107.46,99.57,108.99,98.41,64.55,81.34,76.79,135.8,93.46,89.1,17.14,0.81,26.42,3.5,0.46,43.2,0.829,81.9,descent,good,Extend hips fully.
SES_VER_POO_0003,athlete_58,60,vertical_jump,146.8,131.04,138.01,147.46,81.06,87.8,180,157.62,67.94,67.23,33.97,3.53,20.92,4.49,0.53,6.9,0.649,44.8,setup,poor,Work on symmetry.
SES_SNA_POO_0007,athlete_06,78,snatch,167.24,165.61,156.26,169.87,70.93,74.59,146.24,161.01,77.73,78.99,48.23,2.51,24.93,2.82,0.45,0,0.693,23.2,setup,poor,Work on symmetry.
SES_CRI_AVE_0018,athlete_65,42,cricket_bat,138.32,141.73,155.62,153.59,106.42,120.95,144.09,180,93.37,79.12,31.17,0,22.32,0.26,0.54,0,0.709,68.8,descent,average,Control trunk lean.
SES_SPR_GOO_0009,athlete_14,49,sprint,63.45,47.93,99.74,111.39,81.83,65.07,98.55,90.02,84.99,90.12,37.11,5.57,20.84,0.47,0.52,0,0.745,83.4,descent,good,Extend hips fully.
SES_SNA_GOO_0005,athlete_04,3,snatch,98.66,102.48,101.95,131.01,54.6,32.19,180,177.55,78.82,86.23,24.74,0.33,22.02,-0.59,0.46,0,0.822,85.1,descent,good,Slight asymmetry detected.
SES_CRI_AVE_0018,athlete_22,18,cricket_bat,162.53,136.49,163.79,153.7,135.05,100.76,160.14,157.4,87.74,82.29,28.36,3.34,28.68,0.09,0.56,0,0.653,67.6,setup,average,Lower your hips.
SES_CRI_POO_0019,athlete_35,20,cricket_bat,138.26,173.2,174.04,168.8,132.37,115.01,174.99,160.35,69.67,54.61,41.65,0.96,31.33,-0.26,0.44,0,0.55,26.9,setup,poor,LOWER HIPS!
SES_CRI_POO_0019,athlete_13,95,cricket_bat,151.01,169.49,174.65,166.87,137.91,113.94,180,162.46,98.63,70.91,40.06,1.49,31.43,0.74,0.38,0,0.574,28.8,setup,poor,Work on symmetry.
SES_CRI_POO_0019,athlete_69,46,cricket_bat,160.05,151.2,166.95,151.29,132.38,180,180,173.6,60.58,88.14,48.8,0.52,42.81,1.53,0.42,0,0.575,40.4,descent,poor,Adjust knee alignment.
SES_CRI_POO_0019,athlete_37,22,cricket_bat,139.28,158.4,177.19,160.1,159.88,132.73,180,144.33,77.47,65.58,80,2.22,33.01,0.07,0.39,0,0.555,35.1,setup,poor,Critical form deviation.
SES_JAV_ELI_0012,athlete_61,99,javelin,110.98,104.34,164.24,151.98,180,177.13,115.65,141.96,84.2,84.19,33.68,1.3,39.04,10.47,0.56,0,0.74,100,setup,elite,Great form! Maintain position.
SES_CRI_POO_0019,athlete_50,57,cricket_bat,151.51,158.71,141.14,157.16,101.02,131.97,180,166.78,101.49,65.71,25.98,2.79,11.21,3.81,0.42,0,0.576,20,descent,poor,Critical form deviation.
SES_SNA_GOO_0005,athlete_11,29,snatch,105.4,97.49,108.26,115.29,52.49,58.08,168.49,159.13,81.02,82.94,30.64,0,32.26,0.92,0.42,0,0.859,79.5,setup,good,Slight asymmetry detected.
SES_CRI_AVE_0018,athlete_73,43,cricket_bat,141.56,149.44,155.19,160.9,119.02,109.59,146.41,177.35,94.98,79.74,30.96,0.66,17.83,3.57,0.53,0,0.694,60.7,descent,average,Lower your hips.
SES_VER_POO_0003,athlete_40,17,vertical_jump,151.95,121.8,164.73,111.63,95.23,106.93,134.97,140.8,57.3,80.48,53.39,1.62,25.52,-3.58,0.39,15.9,0.544,49.6,takeoff,poor,Critical form deviation.
SES_SNA_ELI_0004,athlete_50,13,snatch,89.96,82.81,94.14,91.06,38.26,43.05,176.06,175.47,93.43,87.25,24.4,4.44,33.14,0.9,0.45,0,0.916,96.6,setup,elite,Elite biomechanics detected.
SES_CRI_GOO_0017,athlete_64,30,cricket_bat,131.95,125.1,141.37,155.56,107.57,100.81,131.76,122.7,89.16,95.34,18.81,3.87,23.02,1.96,0.61,0,0.737,83.1,descent,good,"Good depth, push harder through the heels."
SES_SNA_ELI_0004,athlete_42,47,snatch,90.52,83.97,106.09,98.92,55.76,40.52,178.45,176.14,99.78,88.59,21.84,0.53,25.82,-2.99,0.48,0,0.908,92.6,descent,elite,Great form! Maintain position.
SES_JAV_GOO_0013,athlete_45,64,javelin,101.14,117.24,150.43,157.61,156.37,146.97,153.32,146.35,74.06,91.66,49.87,0.98,27.65,6.32,0.57,0,0.685,87.7,descent,good,Slight asymmetry detected.
SES_SNA_POO_0007,athlete_35,38,snatch,113.24,110.04,111.24,160.84,117.9,101.34,133.59,168.28,74.55,78.88,45.53,1.83,41.16,1.34,0.45,0,0.619,36.5,setup,poor,LOWER HIPS!
SES_JAV_ELI_0012,athlete_25,6,javelin,108.63,108.32,142.02,148.86,159.57,177.14,132.58,133.88,81.11,84.97,30.21,1.69,28.86,1.15,0.47,0,0.765,94.4,setup,elite,Hold this form.
SES_JAV_ELI_0012,athlete_48,11,javelin,92.06,107.34,152.2,150.98,166.04,157.93,127.9,149.46,87.06,94.26,35.84,4.39,33.91,1.72,0.54,0,0.735,92.1,descent,elite,Elite biomechanics detected.
SES_SNA_GOO_0005,athlete_59,21,snatch,92.67,95.94,125.21,101.21,51.88,54.99,179.16,171.13,79.16,80.51,27.72,0.97,14.76,5.97,0.6,0,0.832,89,descent,good,Extend hips fully.
SES_CRI_AVE_0018,athlete_29,95,cricket_bat,168.2,148.49,147.36,168.76,133.18,102.03,137.45,180,99.08,75.64,35.37,0.29,27.08,-1.98,0.34,0,0.647,71.0,descent,average,Lower your hips.
SES_SPR_AVE_0010,athlete_03,22,sprint,74.45,72.02,105.01,114.73,114.77,94.41,91.4,100.99,89.32,68.74,40.13,2.04,26.18,-1.86,0.53,0,0.765,66.4,descent,average,Lower your hips.
SES_JAV_AVE_0014,athlete_35,3,javelin,111.9,122.38,178,158.92,149.85,149.08,156.86,155.9,76.62,76.01,35.65,1.28,24.24,0.47,0.49,0,0.622,67.2,descent,average,Lower your hips.
SES_JAV_AVE_0014,athlete_38,28,javelin,116.91,129.0,159.57,158.06,169.45,160.83,155.1,143.54,62.69,78.37,48.68,3.68,33.9,6.82,0.54,0,0.649,70.0,setup,average,Control trunk lean.
SES_SNA_POO_0007,athlete_21,26,snatch,97.6,138.41,156.56,158.43,90.8,87.93,166.09,128.97,106.68,77.4,75.17,1.48,12.11,5.27,0.43,0,0.628,48.4,setup,poor,Adjust knee alignment.
SES_VER_GOO_0001,athlete_31,47,vertical_jump,98.84,91.15,101.82,113.06,76.09,66.46,142.77,152.03,78.84,81.15,9.54,6.32,33.89,-3.03,0.48,62.9,0.827,82.0,setup,good,Extend hips fully.
SES_VER_GOO_0001,athlete_09,90,vertical_jump,86.89,109.68,110.83,109.03,44.41,67.82,106.25,128.29,84.64,83.23,11.31,2.1,20.92,-0.15,0.52,45.6,0.813,82.6,landing,good,Extend hips fully.
SES_CRI_POO_0019,athlete_09,8,cricket_bat,167.5,140.25,142.38,152.44,139.88,114.25,163.43,180,85.87,68.65,22.16,4.41,15.04,2.92,0.57,0,0.551,35.3,setup,poor,Work on symmetry.
SES_VER_ELI_0000,athlete_27,88,vertical_jump,88.13,89.84,83.04,80.81,70.85,62.9,96.3,117.09,82.94,85.82,12.75,0.55,37.59,-0.01,0.45,52.5,0.946,92.6,descent,elite,Elite biomechanics detected.
SES_VER_ELI_0000,athlete_52,95,vertical_jump,95.55,90.25,97.09,102.24,59.54,53.52,130.9,118.86,86.95,88.69,16.45,0.3,29.83,1.79,0.57,59.0,0.928,98.7,takeoff,elite,Great form! Maintain position.
SES_JAV_AVE_0014,athlete_12,94,javelin,175,105.11,167.92,171.57,144.92,161.83,162.92,143.08,65.14,81.13,28.17,2.98,22.99,-0.27,0.45,0,0.554,69.4,setup,average,Control trunk lean.
SES_SPR_POO_0011,athlete_52,1,sprint,100.61,107.64,127.57,155.36,94.39,92.05,125.95,132.12,83.09,81.55,68.9,3.83,33.54,1.11,0.45,0,0.647,42.4,descent,poor,Work on symmetry.
SES_VER_POO_0003,athlete_18,3,vertical_jump,145.73,119.77,154.28,129.35,91.76,82.25,180,134.49,74.51,79.01,36.09,3.88,16.47,-0.8,0.49,26.7,0.598,48.8,landing,poor,Work on symmetry.
SES_SNA_POO_0007,athlete_74,15,snatch,111.69,123.45,154.6,161.04,74.39,88.74,138.59,180,82.2,91.46,13.8,1.98,21.2,3.12,0.3,0,0.679,40.2,setup,poor,Adjust knee alignment.
SES_SPR_ELI_0008,athlete_61,59,sprint,47.18,45.97,84.82,96.37,92.45,79.9,85.33,83.78,67.52,69.1,15.2,2.86,29.37,9.42,0.54,0,0.856,92.5,descent,elite,Hold this form.
SES_CRI_POO_0019,athlete_41,69,cricket_bat,149.98,162.68,161.73,175.28,150.49,138.8,160.64,170.01,73.66,88.88,36.66,2.36,11.97,0.37,0.43,0,0.573,22.2,setup,poor,Adjust knee alignment.
SES_CRI_POO_0019,athlete_54,12,cricket_bat,150.56,161.84,178,143.98,119.16,142.3,180,180,72.26,82.52,71.5,1.89,22.13,4.34,0.3,0,0.542,45.4,setup,poor,Adjust knee alignment.
SES_SPR_GOO_0009,athlete_65,20,sprint,48.12,47.73,87.24,102.32,90.55,82.98,95.94,85.05,74.26,81.8,28.82,1.04,22.72,3.87,0.54,0,0.803,77.3,setup,good,Slight asymmetry detected.
SES_SNA_AVE_0006,athlete_70,87,snatch,119.38,113.65,133.09,111.41,61.65,47.24,148.95,178.57,61.92,94.78,24.81,3.09,9.09,8.19,0.48,0,0.757,61.8,descent,average,Activate core more.
SES_JAV_POO_0015,athlete_52,66,javelin,172.63,145.96,159.66,178,136.75,148.34,160.25,174.95,71.8,97.54,69.03,1.35,33.0,4.96,0.52,0,0.523,30.4,descent,poor,Adjust knee alignment.
SES_VER_ELI_0000,athlete_46,45,vertical_jump,97.22,91.98,96.1,99.63,54.73,53.12,124.94,105.4,71.79,86.35,8.27,0.99,37.78,3.13,0.49,51.1,0.933,96.9,descent,elite,Hold this form.
SES_CRI_AVE_0018,athlete_04,79,cricket_bat,144.89,164.48,169.24,152.41,127.25,93.64,142.46,180,79.72,91.5,55.36,0,36.71,4.62,0.53,0,0.654,65.6,descent,average,Lower your hips.
SES_SPR_GOO_0009,athlete_57,96,sprint,60.95,67.16,102.29,83.34,86.17,120.07,79.36,98.78,81.12,80.17,17.2,5.3,10.17,-0.9,0.61,0,0.767,82.9,setup,good,"Good depth, push harder through the heels."
SES_VER_ELI_0000,athlete_49,2,vertical_jump,92.81,93.7,87.71,85.65,66.54,54.18,92.78,126.56,103.66,86.83,14.44,3.2,29.02,-2.09,0.51,55.2,0.95,93.2,takeoff,elite,Elite biomechanics detected.
SES_CRI_ELI_0016,athlete_44,20,cricket_bat,115.69,116.84,146.0,131.71,82.04,100.45,150.43,130.36,98.89,96.56,8.79,2.01,41.23,7.21,0.44,0,0.788,97.4,descent,elite,Hold this form.
SES_CRI_POO_0019,athlete_19,27,cricket_bat,161.98,175,156.83,152.1,111.72,149.68,180,180,71.06,70.25,80,0.73,31.16,7.83,0.47,0,0.589,20.6,setup,poor,Work on symmetry.
SES_CRI_ELI_0016,athlete_05,80,cricket_bat,127.64,117.75,130.96,139.79,75.06,77.91,132.55,155.15,97.21,83.31,21.24,3.07,27.04,4.58,0.49,0,0.778,95.2,descent,elite,Great form! Maintain position.
SES_SNA_GOO_0005,athlete_68,67,snatch,95.84,103.73,100.52,122.31,64.62,38.66,180,166.45,76.76,105.22,15.87,3.23,32.76,1.13,0.57,0,0.824,82.8,descent,good,Extend hips fully.
SES_CRI_GOO_0017,athlete_70,63,cricket_bat,112.28,132.94,140.2,139.92,85.52,107.39,139.83,178.89,86.95,86.05,13.95,2.83,25.38,7.38,0.54,0,0.733,83.4,setup,good,"Good depth, push harder through the heels."
SES_VER_GOO_0001,athlete_60,87,vertical_jump,80.18,100.32,92.43,93.98,67.21,78.01,157.21,133.81,74.53,91.51,22.56,0.55,24.32,-1.45,0.53,50.3,0.815,85.4,descent,good,Slight asymmetry detected.
SES_VER_GOO_0001,athlete_69,28,vertical_jump,90.53,91.69,102.19,107.24,49.54,81.45,116.05,99.18,89.73,71.84,9.12,2.49,10.96,-0.98,0.52,41.5,0.862,78.4,landing,good,"Good depth, push harder through the heels."
SES_VER_ELI_0000,athlete_51,65,vertical_jump,96.87,88.33,98.94,85.78,57.05,69.99,132.64,115.9,79.85,86.58,19.84,0.19,20.5,3.89,0.49,54.2,0.894,94.3,descent,elite,Hold this form.
SES_VER_GOO_0001,athlete_61,55,vertical_jump,94.38,98.95,109.29,97.1,70.29,75.14,130.21,140.04,92.87,82.33,7.98,1.33,25.45,3.14,0.58,51.9,0.833,81.4,setup,good,Slight asymmetry detected.
SES_VER_ELI_0000,athlete_13,12,vertical_jump,101.2,98.9,95.26,103.6,49.48,55.12,129.3,116.76,81.9,83.45,11.22,0.92,25.53,4.73,0.51,64.6,0.929,97.5,flight,elite,Hold this form.
SES_CRI_GOO_0017,athlete_37,4,cricket_bat,115.02,122.05,141.86,141.17,99.65,98.49,117.3,157.42,83.71,96.3,19.45,0.55,15.94,5.4,0.4,0,0.761,80.1,descent,good,Extend hips fully.
SES_SPR_AVE_0010,athlete_54,37,sprint,64.09,72.28,101.63,113.7,88.58,85.84,116.18,133.39,83.17,84.15,30.85,0.29,34.52,-2.1,0.47,0,0.734,58.8,descent,average,Activate core more.
SES_SNA_POO_0007,athlete_27,75,snatch,154.14,108.95,137.5,109.48,46.31,79.17,133.39,162.56,89.97,63.88,31.4,2.42,16.53,4.09,0.56,0,0.571,23.5,setup,poor,Critical form deviation.
SES_JAV_POO_0015,athlete_19,27,javelin,133.3,163.6,162.4,157.01,112.58,135.2,127.37,180,52.45,65.45,80,0,14.57,0.48,0.56,0,0.534,32.4,setup,poor,Adjust knee alignment.
SES_VER_GOO_0001,athlete_05,71,vertical_jump,115.6,91.22,122.82,112.33,61.78,81.01,175.05,144.16,84.74,91.14,14.0,2.33,37.78,5.32,0.57,40.4,0.791,80.9,descent,good,Extend hips fully.
SES_CRI_GOO_0017,athlete_19,96,cricket_bat,129.62,136.74,165.26,132.11,109.02,102.33,132.77,152.7,78.41,88.92,34.38,3.11,13.02,-2.57,0.48,0,0.704,78.4,setup,good,Slight asymmetry detected.
SES_SNA_ELI_0004,athlete_19,0,snatch,92.11,83.29,100.61,109.95,42.13,51.76,176.7,172.63,99.85,84.76,18.11,2.9,34.18,2.12,0.53,0,0.896,94.3,setup,elite,Great form! Maintain position.
SES_SNA_POO_0007,athlete_67,83,snatch,90.4,112.89,140.64,129.57,57.88,92.38,91.38,123.89,71.1,93.77,29.87,3.0,30.76,-3.66,0.37,0,0.637,23.7,descent,poor,LOWER HIPS!
SES_SNA_ELI_0004,athlete_14,34,snatch,81.76,88.53,114.12,100.16,60.26,35.03,167.47,177.18,75.78,98.98,33.64,0.75,36.6,1.16,0.58,0,0.89,95.1,descent,elite,Elite biomechanics detected.
SES_JAV_POO_0015,athlete_37,72,javelin,137.4,150.63,159.17,178,116.05,134.28,150.5,143.46,45.47,87.33,48.6,1.34,19.41,5.46,0.55,0,0.542,37.5,descent,poor,Adjust knee alignment.
SES_CRI_POO_0019,athlete_66,44,cricket_bat,159.87,175,172.67,152.12,143.44,116.0,172.55,177.32,86.75,70.6,40.04,4.06,21.75,2.5,0.63,0,0.558,37.1,setup,poor,Critical form deviation.
SES_CRI_AVE_0018,athlete_13,60,cricket_bat,175,146.9,147.62,150.41,67.0,125.51,169.46,180,52.1,88.87,32.45,3.09,27.79,8.29,0.43,0,0.666,68.7,descent,average,Activate core more.
SES_VER_AVE_0002,athlete_03,97,vertical_jump,110.54,102.52,105.17,136.44,77.32,93.78,122.62,177.42,70.65,81.3,35.31,1.1,44.46,3.86,0.52,29.7,0.709,59.2,landing,average,Activate core more.
SES_SNA_ELI_0004,athlete_36,41,snatch,70.77,90.44,105.15,103.03,40.79,44.72,180,178.43,97.21,88.06,25.48,0.97,34.59,-0.84,0.53,0,0.879,92.0,descent,elite,Great form! Maintain position.
SES_CRI_GOO_0017,athlete_13,6,cricket_bat,129.38,122.27,160.23,166.14,107.63,119.9,153.79,155.54,80.14,84.4,24.25,2.5,22.11,5.81,0.52,0,0.753,87.2,setup,good,Extend hips fully.
SES_CRI_ELI_0016,athlete_67,1,cricket_bat,125.35,126.99,150.09,137.6,94.74,74.56,131.04,152.38,79.23,82.26,33.64,1.55,46.07,-2.37,0.45,0,0.791,97.1,descent,elite,Hold this form.
SES_JAV_AVE_0014,athlete_60,34,javelin,117.74,134.71,141.21,156.4,150.64,151.67,154.72,138.19,84.39,71.65,41.99,1.61,17.31,1.18,0.47,0,0.613,61.0,descent,average,Lower your hips.
SES_CRI_AVE_0018,athlete_25,75,cricket_bat,128.62,157.8,172.77,142.59,82.3,88.63,180,180,77.08,81.62,24.57,2.4,18.28,7.65,0.44,0,0.612,69.1,setup,average,Control trunk lean.
SES_SPR_ELI_0008,athlete_54,37,sprint,44.35,45.67,100.68,74.42,84.89,68.42,93.54,94.01,85.47,66.25,17.41,2.44,45.13,6.49,0.54,0,0.813,95.1,descent,elite,Elite biomechanics detected.
SES_SNA_POO_0007,athlete_69,64,snatch,104.37,86.94,142.55,148.18,77.74,76.95,147.27,140.38,75.52,72.2,38.67,4.27,28.78,-1.72,0.5,0,0.659,39.7,setup,poor,Work on symmetry.
SES_VER_ELI_0000,athlete_34,77,vertical_jump,92.49,84.4,109.89,98.62,62.98,57.0,122.07,127.44,88.93,82.14,15.64,1.52,40.94,2.67,0.52,61.8,0.903,97.8,landing,elite,Great form! Maintain position.
SES_JAV_AVE_0014,athlete_27,26,javelin,126.9,141.71,135.52,152.94,129.88,151.86,162.29,139.31,67.54,85.96,45.55,2.04,18.33,3.27,0.58,0,0.614,66.5,descent,average,Control trunk lean.
SES_JAV_POO_0015,athlete_44,44,javelin,148.84,151.34,164.07,175.72,111.51,138.86,180,173.82,67.9,75.11,71.74,2.19,22.55,2.92,0.39,0,0.575,31.6,setup,poor,Adjust knee alignment.
SES_JAV_POO_0015,athlete_39,74,javelin,142.66,124.02,144.78,172.62,127.71,115.7,142.27,161.5,76.25,65.51,71.32,6.08,17.87,3.34,0.48,0,0.512,26.3,setup,poor,LOWER HIPS!
SES_SPR_AVE_0010,athlete_08,26,sprint,78.0,58.64,126.58,121.15,78.4,103.3,95.35,125.31,84.77,76.28,21.31,1.3,29.94,0.48,0.42,0,0.713,67.4,setup,average,Lower your hips.
SES_CRI_GOO_0017,athlete_55,27,cricket_bat,126.16,126.43,161.27,130.29,104.96,98.41,149.87,131.21,86.49,86.54,31.0,4.52,22.31,3.21,0.58,0,0.722,84.4,descent,good,"Good depth, push harder through the heels."
SES_CRI_AVE_0018,athlete_02,68,cricket_bat,119.53,136.31,148.35,159.45,107.91,102.0,136.11,158.31,75.36,86.92,29.06,2.49,25.46,-2.43,0.39,0,0.662,57.3,descent,average,Activate core more.
SES_JAV_GOO_0013,athlete_43,51,javelin,105.9,106.3,145.71,148.78,148.58,158.97,135.45,148.45,76.32,91.06,34.95,1.39,31.61,3.35,0.54,0,0.733,89,descent,good,Slight asymmetry detected.
SES_SPR_ELI_0008,athlete_11,89,sprint,54.85,46.87,95.13,109.86,82.19,67.07,90.02,89.9,75.34,63.37,11.27,3.41,28.95,2.83,0.56,0,0.816,95.7,descent,elite,Elite biomechanics detected.
SES_SNA_AVE_0006,athlete_56,22,snatch,86.32,123.98,137.76,133.76,53.48,41.1,160.68,149.74,58.88,70.01,71.25,5.14,16.38,-0.45,0.39,0,0.72,71.8,descent,average,Activate core more.
SES_CRI_GOO_0017,athlete_36,71,cricket_bat,138.11,134.19,149.62,161.72,82.84,89.72,146.33,173.03,78.61,105.7,28.8,1.67,32.33,-0.45,0.55,0,0.749,89,setup,good,Slight asymmetry detected.
SES_SNA_GOO_0005,athlete_79,11,snatch,99.52,92.22,114.67,112.59,52.11,22.96,177.84,159.88,95.42,81.35,29.44,5.21,32.76,7.63,0.5,0,0.873,78.3,setup,good,"Good depth, push harder through the heels."
SES_JAV_POO_0015,athlete_52,34,javelin,139.54,157.89,178,178,107.72,118.68,177.82,167.96,87.31,81.84,39.97,5.49,23.23,-2.58,0.62,0,0.565,49.0,setup,poor,Work on symmetry.
SES_JAV_POO_0015,athlete_22,5,javelin,143.38,169.47,151.36,178,137.8,125.55,180,151.81,71.39,66.25,27.88,1.69,38.21,-3.87,0.45,0,0.509,49.8,descent,poor,Critical form deviation.
SES_SPR_AVE_0010,athlete_67,85,sprint,64.5,76.91,109.9,131.48,83.93,90.02,98.29,109.65,105.36,85.72,20.35,2.56,31.47,-1.5,0.48,0,0.702,60.5,descent,average,Activate core more.
SES_VER_POO_0003,athlete_75,82,vertical_jump,165.64,130.07,141.57,144.78,117.36,99.45,150.35,115.46,46.24,71.25,22.4,1.9,18.13,2.59,0.36,28.8,0.629,30.3,flight,poor,Work on symmetry.
SES_SNA_POO_0007,athlete_72,85,snatch,133.94,103.54,124.02,152.91,76.9,77.6,131.44,140.87,76.88,71.01,39.34,0.72,10.34,5.13,0.42,0,0.595,32.9,setup,poor,Adjust knee alignment.
SES_SPR_ELI_0008,athlete_29,98,sprint,52.73,48.19,91.14,92.97,72.55,79.67,81.64,92.15,48.77,72.79,10.29,2.29,25.22,-0.08,0.49,0,0.868,92.2,setup,elite,Great form! Maintain position.
SES_SPR_AVE_0010,athlete_71,53,sprint,66.45,75.11,101.03,122.33,76.94,99.83,124.82,123.8,104.6,55.69,39.83,0.58,36.94,7.69,0.55,0,0.713,58.8,descent,average,Lower your hips.
SES_SPR_ELI_0008,athlete_48,42,sprint,56.86,49.18,73.57,90.55,78.42,76.71,96.06,97.93,67.25,71.01,22.88,2.46,32.52,1.04,0.63,0,0.803,92.5,setup,elite,Great form! Maintain position.
SES_SPR_ELI_0008,athlete_68,31,sprint,66.42,47.08,83.63,95.55,70.77,75.11,85.1,86.34,75.05,75.94,11.49,0,20.54,4.5,0.56,0,0.775,95.2,setup,elite,Elite biomechanics detected.
SES_CRI_GOO_0017,athlete_56,67,cricket_bat,145.17,121.63,131.84,138.6,111.79,91.58,150.37,167.08,105.25,87.41,14.68,0.72,7.85,5.49,0.45,0,0.717,80.1,descent,good,"Good depth, push harder through the heels."
SES_CRI_GOO_0017,athlete_62,34,cricket_bat,127.14,128.27,148.15,144.61,108.6,97.26,168.28,132.15,94.94,78.45,15.43,2.32,37.26,7.8,0.41,0,0.77,88.3,setup,good,Extend hips fully.
SES_SPR_ELI_0008,athlete_44,57,sprint,73.52,36.86,88.7,86.17,65.35,68.33,80.47,91.8,85.05,64.72,11.27,2.35,42.91,-4.28,0.48,0,0.742,99.6,descent,elite,Elite biomechanics detected.
SES_VER_ELI_0000,athlete_58,97,vertical_jump,81.38,93.39,92.63,85.57,66.07,69.33,127.15,104.36,92.1,95.27,11.78,2.79,40.77,0.52,0.52,60.9,0.899,98.2,setup,elite,Hold this form.
SES_SNA_GOO_0005,athlete_27,13,snatch,84.77,99.95,111.27,106.06,52.57,51.42,172.65,172.63,110.06,88.08,29.58,0.08,29.81,-0.06,0.44,0,0.84,75,descent,good,"Good depth, push harder through the heels."
SES_SPR_GOO_0009,athlete_74,17,sprint,60.09,64.27,111.67,106.2,101.4,76.47,129.44,85.24,69.53,85.22,25.93,1.36,31.24,3.43,0.51,0,0.816,77.3,descent,good,Slight asymmetry detected.
SES_CRI_POO_0019,athlete_03,81,cricket_bat,151.26,175,143.95,178,146.19,125.36,165.82,170.05,98.74,84.97,8.01,0,41.09,-3.15,0.62,0,0.522,32.3,setup,poor,Critical form deviation.
SES_SNA_POO_0007,athlete_02,97,snatch,140.76,129.89,145.08,108.5,52.94,66.52,110.95,158.09,98.05,75.02,71.78,1.94,22.5,-0.9,0.5,0,0.621,34.6,descent,poor,Critical form deviation.
SES_VER_ELI_0000,athlete_21,0,vertical_jump,91.14,91.17,94.11,99.49,63.32,57.86,116.75,121.39,86.98,78.42,13.16,3.75,40.25,2.33,0.48,49.9,0.944,91.2,descent,elite,Great form! Maintain position.
SES_JAV_GOO_0013,athlete_16,65,javelin,93.49,109.09,147.73,143.73,157.8,149.87,103.69,140.11,91.0,80.53,51.38,2.89,38.54,3.45,0.59,0,0.689,78.8,descent,good,Extend hips fully.
SES_SNA_GOO_0005,athlete_43,30,snatch,120.24,90.39,125.47,109.4,48.5,38.11,180,180,99.11,84.84,31.26,0.04,19.76,-1.06,0.48,0,0.787,84.1,descent,good,"Good depth, push harder through the heels."
SES_VER_GOO_0001,athlete_62,73,vertical_jump,102.2,91.09,94.17,90.06,68.49,65.71,164.32,108.08,95.45,73.94,18.16,2.49,10.13,4.78,0.49,40.5,0.834,83.1,takeoff,good,"Good depth, push harder through the heels."
SES_JAV_ELI_0012,athlete_09,32,javelin,98.48,106.38,140.76,140.06,159.82,153.95,134.66,127.5,92.31,88.9,35.38,3.63,34.45,0.26,0.58,0,0.756,96.1,descent,elite,Elite biomechanics detected.
SES_SPR_AVE_0010,athlete_05,64,sprint,92.07,71.37,119.67,116.07,93.16,88.44,145.62,105.06,85.65,84.38,23.02,1.49,27.35,-4.44,0.51,0,0.724,55,setup,average,Activate core more.
SES_JAV_ELI_0012,athlete_18,55,javelin,114.92,97.62,154.48,158.96,179.1,163.37,119.66,120.59,80.82,81.8,46.65,3.36,27.23,4.29,0.48,0,0.726,92.7,setup,elite,Great form! Maintain position.
SES_JAV_GOO_0013,athlete_26,92,javelin,123.03,129.52,155.72,144.61,177.11,152.64,145.67,137.55,79.97,79.04,33.16,1.48,30.44,6.92,0.37,0,0.704,87.0,setup,good,Slight asymmetry detected.
SES_CRI_ELI_0016,athlete_25,21,cricket_bat,109.46,125.63,124.05,135.43,107.68,91.51,130.72,155.64,77.26,86.67,22.26,3.32,19.82,7.45,0.58,0,0.756,91.5,descent,elite,Great form! Maintain position.
SES_JAV_POO_0015,athlete_12,52,javelin,147.43,146.24,134.0,157.98,123.21,155.14,103.58,177.68,88.69,85.43,58.97,0.89,35.09,-2.79,0.48,0,0.552,20,descent,poor,Adjust knee alignment.
SES_SPR_AVE_0010,athlete_04,58,sprint,68.35,73.53,112.65,132.91,92.39,113.14,100.41,107.12,78.31,82.73,11.25,4.52,35.21,-4.43,0.57,0,0.733,64.8,setup,average,Lower your hips.
SES_SNA_GOO_0005,athlete_07,44,snatch,92.31,103.67,103.5,107.45,65.66,45.74,165.46,180,88.81,95.79,40.7,2.3,26.13,0.77,0.46,0,0.856,75,setup,good,Extend hips fully.
SES_JAV_AVE_0014,athlete_70,5,javelin,129.51,130.04,164.53,153.58,180,108.79,180,141.86,87.39,74.82,44.26,4.61,29.9,-1.51,0.5,0,0.659,66.6,setup,average,Activate core more.
SES_JAV_GOO_0013,athlete_16,52,javelin,109.29,111.69,138.25,154.75,163.0,157.12,128.79,120.73,79.59,94.41,39.87,3.77,15.8,-5.82,0.54,0,0.702,85.2,setup,good,Extend hips fully.
SES_CRI_POO_0019,athlete_73,96,cricket_bat,175,151.23,141.57,178,127.56,137.79,180,141.3,83.73,83.0,64.25,0.88,20.35,-0.45,0.41,0,0.518,20,setup,poor,LOWER HIPS!
SES_CRI_GOO_0017,athlete_47,17,cricket_bat,118.54,116.07,147.53,145.28,88.04,109.28,145.21,163.73,75.51,77.84,30.57,3.82,26.08,-1.71,0.46,0,0.769,86.6,setup,good,"Good depth, push harder through the heels."
SES_SPR_POO_0011,athlete_30,64,sprint,69.78,92.2,144.16,127.87,103.55,118.77,160.84,127.17,85.84,112.05,44.73,2.37,40.4,4.45,0.56,0,0.613,33.3,setup,poor,Critical form deviation.
SES_VER_POO_0003,athlete_77,75,vertical_jump,117.75,121.44,152.04,119.65,56.0,68.61,159.67,119.95,83.9,71.92,49.11,3.75,31.9,1.69,0.43,9.4,0.627,35.8,setup,poor,LOWER HIPS!
SES_VER_ELI_0000,athlete_55,21,vertical_jump,101.53,92.51,100.26,99.74,63.03,67.43,126.86,114.59,88.92,75.69,9.61,1.42,26.18,2.17,0.59,71.3,0.932,95.2,flight,elite,Great form! Maintain position.
SES_JAV_GOO_0013,athlete_76,91,javelin,87.42,112.3,157.71,144.3,176.73,144.48,124.52,142.35,67.9,70.75,57.1,2.56,9.67,-0.68,0.45,0,0.648,83.9,descent,good,Slight asymmetry detected.
SES_VER_POO_0003,athlete_69,62,vertical_jump,121.81,121.36,172.16,155.25,119.28,83.56,150.12,121.63,43.61,62.75,61.83,2.26,4.92,0.47,0.44,25.4,0.669,42.9,flight,poor,LOWER HIPS!
SES_CRI_GOO_0017,athlete_49,56,cricket_bat,139.45,131.19,131.75,160.62,53.61,110.75,158.19,129.12,89.75,82.13,43.66,3.44,18.14,2.19,0.54,0,0.708,81.3,descent,good,"Good depth, push harder through the heels."
SES_JAV_POO_0015,athlete_63,85,javelin,125.35,151.45,172.87,154.58,111.04,111.19,180,180,53.51,73.58,52.01,0,39.74,0.12,0.62,0,0.517,25.4,descent,poor,LOWER HIPS!
SES_SPR_ELI_0008,athlete_53,50,sprint,61.35,47.37,79.67,95.54,84.34,78.15,92.17,102.68,62.04,76.06,6.8,0.7,33.81,-0.79,0.52,0,0.782,91.6,setup,elite,Great form! Maintain position.
SES_CRI_POO_0019,athlete_49,94,cricket_bat,171.13,167.4,178,144.86,153.89,142.85,169.33,178.49,62.67,74.17,34.63,4.47,32.72,2.39,0.37,0,0.558,41.5,setup,poor,Critical form deviation.
SES_SPR_AVE_0010,athlete_38,87,sprint,75.78,69.24,106.22,127.69,113.39,100.8,121.68,108.02,81.57,82.41,28.82,1.81,17.82,1.71,0.45,0,0.724,58.0,descent,average,Lower your hips.
SES_SNA_AVE_0006,athlete_80,32,snatch,113.2,93.87,152.52,140.29,56.74,63.51,165.97,150.81,98.76,78.63,27.18,3.9,39.68,1.18,0.49,0,0.745,68.2,setup,average,Control trunk lean.
SES_CRI_AVE_0018,athlete_66,44,cricket_bat,147.3,172.94,158.74,166.49,124.84,102.67,158.33,153.74,77.97,78.26,42.02,1.42,17.92,0.38,0.49,0,0.662,66.8,descent,average,Lower your hips.
SES_SPR_AVE_0010,athlete_22,76,sprint,57.61,75.96,126.89,135.55,131.6,113.75,115.6,101.58,96.67,74.58,26.79,3.22,15.38,0.21,0.5,0,0.708,58.2,descent,average,Control trunk lean.
SES_CRI_ELI_0016,athlete_68,71,cricket_bat,115.47,121.41,144.29,149.42,106.29,77.16,143.69,150.18,93.42,87.22,32.56,0.53,34.89,0.68,0.46,0,0.795,91.2,descent,elite,Elite biomechanics detected.
SES_VER_AVE_0002,athlete_11,74,vertical_jump,127.37,120.65,125.76,113.77,82.12,77.89,151.84,147.99,84.56,83.77,20.2,1.53,11.28,3.79,0.47,41.3,0.756,67.4,takeoff,average,Control trunk lean.
SES_JAV_GOO_0013,athlete_80,25,javelin,100.03,117.62,153.15,162.39,144.64,159.35,155.68,145.84,96.78,98.34,38.02,3.02,36.9,4.31,0.51,0,0.678,76.9,setup,good,"Good depth, push harder through the heels."
SES_CRI_ELI_0016,athlete_51,14,cricket_bat,132.65,126.87,136.07,127.58,97.29,72.27,137.11,126.85,101.7,85.29,19.84,2.58,35.21,5.92,0.53,0,0.788,96.1,descent,elite,Great form! Maintain position.
SES_SPR_ELI_0008,athlete_73,38,sprint,41.84,50.49,85.55,101.34,90.19,79.0,85.42,84.43,72.46,60.61,13.99,2.3,29.04,-1.29,0.41,0,0.802,93.4,setup,elite,Hold this form.
SES_VER_POO_0003,athlete_45,18,vertical_jump,131.29,121.45,157.38,151.41,64.46,80.04,171.74,127.39,55.79,52.59,26.4,3.11,35.9,1.24,0.32,37.6,0.666,39.5,descent,poor,Adjust knee alignment.
SES_JAV_GOO_0013,athlete_52,28,javelin,121.31,103.31,155.25,145.91,151.98,145.97,115.71,129.92,78.44,83.53,58.93,0,28.17,2.72,0.55,0,0.677,79.3,descent,good,Slight asymmetry detected.
SES_JAV_ELI_0012,athlete_58,20,javelin,108.2,106.05,163.56,149.71,164.35,170.86,117.75,140.83,79.93,79.56,29.5,0,47.08,3.93,0.48,0,0.749,97.7,setup,elite,Hold this form.
SES_SPR_AVE_0010,athlete_31,32,sprint,98.12,55.54,109.41,121.84,103.38,93.56,123.25,117.56,76.15,76.96,17.39,3.78,31.86,-6.17,0.54,0,0.639,63.6,setup,average,Control trunk lean.
SES_CRI_GOO_0017,athlete_53,44,cricket_bat,113.79,138.0,152.18,148.01,88.41,86.68,180,127.03,89.38,89.53,35.59,3.37,25.11,-0.43,0.53,0,0.719,86.3,descent,good,Extend hips fully.
SES_JAV_AVE_0014,athlete_69,71,javelin,150.31,117.39,166.31,154.32,117.66,150.18,138.17,146.78,69.06,61.24,57.62,2.16,15.73,3.25,0.53,0,0.593,64.9,descent,average,Control trunk lean.
SES_VER_ELI_0000,athlete_09,7,vertical_jump,96.62,92.25,90.83,87.01,80.2,55.11,124.81,101.17,89.56,86.77,10.02,2.39,41.59,6.34,0.52,49.1,0.934,96.1,setup,elite,Great form! Maintain position.
SES_SPR_GOO_0009,athlete_17,93,sprint,52.18,51.55,100.74,90.5,111.62,76.44,85.56,89.21,64.18,76.84,16.63,2.67,31.53,0.47,0.51,0,0.816,78.0,descent,good,Extend hips fully.
SES_JAV_ELI_0012,athlete_34,79,javelin,91.79,116.79,151.82,151.92,167.7,175.22,129.39,117.7,84.34,82.0,24.32,2.43,46.72,3.87,0.52,0,0.716,95.5,descent,elite,Hold this form.
SES_SNA_ELI_0004,athlete_26,85,snatch,81.58,85.68,100.4,102.94,44.08,50.04,175.46,168.54,88.84,94.32,25.16,0,24.69,0.06,0.5,0,0.928,92.6,descent,elite,Great form! Maintain position.
SES_VER_AVE_0002,athlete_63,31,vertical_jump,120.68,113.44,116.98,125.57,81.86,81.46,145.93,127.52,75.13,82.48,17.29,0,25.71,1.2,0.47,33.8,0.761,71.9,setup,average,Lower your hips.
SES_SPR_AVE_0010,athlete_68,41,sprint,65.28,59.84,118.04,114.38,74.21,72.69,90.08,91.82,78.54,83.8,23.48,3.26,29.05,2.09,0.5,0,0.766,69.4,setup,average,Control trunk lean.
SES_JAV_POO_0015,athlete_37,49,javelin,129.0,131.64,177.31,178,152.85,131.8,180,119.4,55.49,74.19,47.14,3.93,18.57,6.06,0.43,0,0.593,42.1,descent,poor,Adjust knee alignment.
SES_SPR_ELI_0008,athlete_05,66,sprint,52.35,31.99,95.56,86.56,45.79,95.18,96.79,87.06,70.84,67.9,4.97,1.21,33.22,8.32,0.5,0,0.755,96.6,descent,elite,Great form! Maintain position.
SES_CRI_ELI_0016,athlete_26,77,cricket_bat,130.41,108.71,150.85,144.05,63.26,87.19,157.58,151.12,77.94,92.21,9.53,2.97,33.38,-4.54,0.52,0,0.757,95.6,descent,elite,Elite biomechanics detected.
SES_SPR_GOO_0009,athlete_41,97,sprint,54.96,58.5,95.84,113.27,92.33,106.55,83.21,110.03,68.65,81.8,12.71,0,23.41,1.85,0.47,0,0.786,75,setup,good,Extend hips fully.
SES_JAV_POO_0015,athlete_28,69,javelin,131.45,133.57,140.46,138.58,120.33,139.04,159.98,151.45,57.42,63.24,72.46,1.95,25.73,1.21,0.36,0,0.591,29.9,descent,poor,Critical form deviation.
SES_CRI_AVE_0018,athlete_02,70,cricket_bat,124.91,145.68,178,156.47,85.41,95.12,167.41,157.65,90.9,73.66,52.69,5.3,32.01,1.85,0.46,0,0.641,65.0,setup,average,Lower your hips.
SES_VER_ELI_0000,athlete_14,16,vertical_jump,87.34,96.89,110.24,82.76,60.5,64.75,122.89,112.87,87.94,73.4,9.32,2.49,47.43,-0.39,0.46,64.3,0.856,95.0,flight,elite,Hold this form.
SES_CRI_GOO_0017,athlete_06,51,cricket_bat,159.66,138.11,146.51,154.53,95.74,115.92,99.33,122.33,93.89,80.93,32.92,1.48,25.37,9.04,0.45,0,0.724,81.2,setup,good,Slight asymmetry detected.
SES_SPR_ELI_0008,athlete_50,76,sprint,51.55,40.53,103.14,98.52,76.9,64.3,86.28,87.8,81.46,67.99,15.22,0,25.88,3.61,0.51,0,0.822,96.3,descent,elite,Great form! Maintain position.
SES_SPR_AVE_0010,athlete_12,92,sprint,43.6,75.66,110.34,114.62,146.52,117.69,128.84,81.6,95.93,68.32,15.18,2.11,18.84,3.3,0.52,0,0.662,62.4,setup,average,Control trunk lean.
SES_CRI_POO_0019,athlete_14,23,cricket_bat,159.05,156.84,178,164.31,147.82,118.68,180,166.24,78.7,61.54,34.01,3.8,22.85,-2.32,0.49,0,0.593,26.4,setup,poor,Critical form deviation.
SES_SPR_POO_0011,athlete_11,0,sprint,69.48,94.62,154.41,91.42,117.0,96.25,138.91,165.34,70.27,98.51,24.0,3.47,20.47,-0.1,0.3,0,0.518,34.8,descent,poor,LOWER HIPS!
SES_SNA_POO_0007,athlete_61,2,snatch,134.93,130.45,152.85,139.92,62.49,91.11,164.5,103.18,62.91,63.05,44.65,3.75,21.8,4.28,0.54,0,0.685,33.8,descent,poor,Critical form deviation.
SES_VER_GOO_0001,athlete_40,22,vertical_jump,95.59,103.96,116.24,112.83,64.23,80.97,122.31,134.93,59.06,86.37,12.71,3.33,30.6,5.97,0.54,29.1,0.847,80.6,takeoff,good,"Good depth, push harder through the heels."
SES_JAV_ELI_0012,athlete_61,9,javelin,127.47,108.34,151.87,148.34,164.23,180,136.38,125.5,87.94,83.18,41.37,2.63,35.8,-3.26,0.41,0,0.728,94.6,descent,elite,Elite biomechanics detected.
SES_JAV_ELI_0012,athlete_62,45,javelin,116.24,114.37,135.02,133.23,176.01,170.61,132.06,129.86,89.43,95.56,40.93,0,34.06,3.94,0.49,0,0.771,92.4,setup,elite,Elite biomechanics detected.
SES_SNA_ELI_0004,athlete_52,66,snatch,99.07,74.94,89.38,108.64,50.6,35.17,172.78,174.05,83.76,89.81,21.75,0.88,35.44,1.66,0.54,0,0.824,93.3,setup,elite,Hold this form.
SES_SNA_AVE_0006,athlete_46,55,snatch,103.73,115.69,123.16,104.7,66.86,47.35,156.65,157.22,63.58,81.1,41.62,2.32,42.82,2.91,0.52,0,0.744,61.4,setup,average,Control trunk lean.
SES_VER_POO_0003,athlete_56,20,vertical_jump,105.97,140.82,110.62,129.29,27.96,59.37,128.54,166.59,65.59,86.42,15.52,0.8,34.7,4.65,0.4,28.1,0.582,30.7,flight,poor,Adjust knee alignment.
SES_CRI_POO_0019,athlete_19,70,cricket_bat,133.02,152.44,135.62,150.02,167.06,126.67,160.25,180,58.88,74.15,40.73,0,19.72,-3.06,0.36,0,0.553,47.5,descent,poor,Work on symmetry.
SES_CRI_ELI_0016,athlete_28,10,cricket_bat,105.14,130.48,147.28,137.16,58.81,95.7,160.89,160.09,101.91,90.75,15.59,1.73,38.35,0.58,0.5,0,0.741,92.1,setup,elite,Hold this form.
SES_VER_GOO_0001,athlete_37,54,vertical_jump,102.1,102.68,130.81,97.1,88.35,58.35,103.55,139.74,69.75,104.78,11.33,1.0,31.77,2.89,0.56,42.9,0.801,85.9,takeoff,good,Extend hips fully.
SES_VER_POO_0003,athlete_42,38,vertical_jump,134.99,112.68,119.6,133.15,132.65,90.88,178.52,180,80.38,109.14,40.43,3.76,30.92,3.5,0.4,42.0,0.62,23.3,setup,poor,LOWER HIPS!
SES_VER_GOO_0001,athlete_52,65,vertical_jump,99.39,90.05,99.94,102.52,71.55,68.24,147.49,126.07,99.87,77.8,29.52,4.08,21.56,3.37,0.57,44.1,0.844,83.2,landing,good,Extend hips fully.
SES_CRI_POO_0019,athlete_69,87,cricket_bat,154.76,170.4,166.16,153.61,146.58,143.1,165.51,180,84.64,67.72,43.84,2.53,29.78,7.23,0.41,0,0.57,39.1,setup,poor,Critical form deviation.
SES_CRI_GOO_0017,athlete_20,43,cricket_bat,135.0,133.12,140.23,148.93,97.1,83.54,180,164.75,110.48,81.72,34.21,3.94,11.55,-7.15,0.41,0,0.758,77.9,setup,good,Extend hips fully.
SES_CRI_POO_0019,athlete_17,82,cricket_bat,163.19,175,158.32,178,122.37,136.93,169.71,180,71.87,66.31,0,4.66,21.03,3.59,0.49,0,0.567,43.5,descent,poor,LOWER HIPS!
SES_SPR_AVE_0010,athlete_37,43,sprint,78.88,71.16,134.53,107.58,108.66,94.16,102.89,112.44,95.59,75.2,30.92,3.29,26.27,5.23,0.36,0,0.711,69.1,setup,average,Lower your hips.
SES_SPR_GOO_0009,athlete_68,44,sprint,53.87,67.8,108.81,94.33,85.83,88.97,129.53,102.38,92.75,83.03,22.68,1.5,25.97,0.01,0.54,0,0.748,79.6,descent,good,Slight asymmetry detected.
SES_SPR_POO_0011,athlete_79,10,sprint,102.59,83.22,155.11,125.54,153.92,83.87,180,142.56,115.7,86.98,27.31,3.35,27.45,1.13,0.42,0,0.606,31.6,setup,poor,Work on symmetry.
SES_CRI_AVE_0018,athlete_09,32,cricket_bat,170.55,153.27,156.45,162.61,89.02,85.78,175.09,165.71,79.66,79.11,51.27,2.2,26.78,4.02,0.55,0,0.678,61.4,setup,average,Activate core more.
SES_CRI_POO_0019,athlete_05,35,cricket_bat,175,175,145.31,165.74,105.75,152.83,180,180,86.91,92.04,36.11,0.47,28.69,0.66,0.6,0,0.583,48.4,descent,poor,Work on symmetry.
SES_CRI_ELI_0016,athlete_33,52,cricket_bat,106.32,127.52,135.23,153.24,89.57,99.44,152.45,147.51,90.67,90.61,19.63,0.47,33.31,4.34,0.51,0,0.735,92.4,descent,elite,Great form! Maintain position.
SES_JAV_AVE_0014,athlete_40,29,javelin,126.29,130.25,172.26,165.12,173.69,144.07,136.59,131.65,75.44,76.7,42.9,1.68,29.62,-0.5,0.4,0,0.658,66.0,descent,average,Lower your hips.
SES_CRI_AVE_0018,athlete_09,20,cricket_bat,158.89,149.41,178,166.95,84.97,134.48,134.55,141.77,77.56,79.61,18.75,0.14,25.14,-1.29,0.51,0,0.683,62.5,setup,average,Activate core more.
SES_SNA_AVE_0006,athlete_06,29,snatch,123.92,116.15,135.93,116.46,47.29,62.03,167.41,156.8,78.4,95.18,59.2,1.25,30.07,0.37,0.45,0,0.758,63.7,setup,average,Control trunk lean.
SES_JAV_ELI_0012,athlete_64,0,javelin,91.32,107.86,139.05,163.97,173.0,166.1,106.51,135.29,87.89,83.98,29.69,3.08,38.29,0.51,0.58,0,0.688,96.4,setup,elite,Great form! Maintain position.
SES_VER_GOO_0001,athlete_08,49,vertical_jump,76.88,95.23,102.51,121.48,70.63,64.79,130.52,131.23,83.44,78.13,23.59,1.95,24.95,3.75,0.48,51.6,0.775,86.1,landing,good,Slight asymmetry detected.
SES_SNA_ELI_0004,athlete_53,39,snatch,84.06,76.77,96.43,90.99,32.46,37.08,178.34,180,100.49,108.19,39.76,3.09,42.61,0.64,0.5,0,0.907,94.3,setup,elite,Elite biomechanics detected.
SES_SNA_GOO_0005,athlete_54,59,snatch,114.31,93.31,127.95,93.33,36.43,50.66,180,162.57,99.14,84.8,28.79,1.61,41.68,3.15,0.56,0,0.764,86.7,setup,good,"Good depth, push harder through the heels."
SES_CRI_GOO_0017,athlete_80,68,cricket_bat,118.77,128.56,171.17,164.74,71.68,88.95,156.3,149.02,77.71,90.25,26.34,1.88,14.61,-3.73,0.56,0,0.746,76.8,setup,good,Extend hips fully.
SES_VER_GOO_0001,athlete_48,86,vertical_jump,110.88,90.11,98.17,102.79,64.81,87.24,147.73,122.94,88.83,71.0,39.03,0.9,21.11,5.51,0.55,44.4,0.81,83.4,takeoff,good,"Good depth, push harder through the heels."
SES_SPR_ELI_0008,athlete_07,81,sprint,47.56,51.39,96.1,85.39,80.35,67.76,88.96,83.91,69.5,79.11,15.55,1.31,39.28,-0.38,0.56,0,0.844,91.6,setup,elite,Hold this form.
SES_SPR_AVE_0010,athlete_14,57,sprint,48.44,74.76,117.98,112.08,91.96,86.39,99.19,99.04,82.99,78.0,31.1,2.37,17.48,2.63,0.54,0,0.679,61.2,setup,average,Control trunk lean.
SES_JAV_AVE_0014,athlete_79,68,javelin,121.84,148.58,160.62,163.98,129.85,145.78,131.92,142.04,69.63,90.32,46.12,0.31,19.26,0.7,0.49,0,0.62,64.9,setup,average,Activate core more.
SES_SPR_POO_0011,athlete_20,96,sprint,118.83,83.3,122.44,135.4,96.0,102.94,150.35,131.07,100.2,94.09,28.68,0.35,17.47,-2.31,0.52,0,0.602,39.2,setup,poor,LOWER HIPS!
SES_VER_AVE_0002,athlete_76,86,vertical_jump,105.95,110.21,124.81,123.64,59.71,74.34,146.44,137.4,62.04,85.53,40.69,3.71,14.45,-1.38,0.56,32.7,0.786,65.4,setup,average,Activate core more.
SES_JAV_POO_0015,athlete_05,54,javelin,132.21,129.22,147.27,162.05,146.11,118.67,122.1,124.76,79.82,73.96,26.74,2.49,19.41,5.23,0.55,0,0.566,27.8,setup,poor,Work on symmetry.
SES_CRI_ELI_0016,athlete_04,49,cricket_bat,110.74,112.52,131.84,135.17,90.95,74.93,171.61,136.79,74.31,85.39,15.89,0.64,15.25,0.9,0.63,0,0.808,90.2,descent,elite,Hold this form.
SES_SNA_POO_0007,athlete_16,58,snatch,126.6,124.83,165.69,156.63,85.5,88.25,141.81,112.62,83.93,73.29,56.11,2.97,30.98,4.47,0.42,0,0.699,31.8,setup,poor,LOWER HIPS!
SES_VER_ELI_0000,athlete_35,35,vertical_jump,94.17,94.73,101.82,92.32,61.68,56.76,149.1,127.89,79.63,93.17,13.58,1.76,49.1,-2.58,0.47,59.3,0.93,96.2,descent,elite,Great form! Maintain position.
SES_VER_AVE_0002,athlete_17,90,vertical_jump,115.72,119.6,121.23,126.99,86.07,76.06,132.81,136.59,71.16,81.35,18.58,2.41,21.13,0.81,0.43,36.7,0.777,62.1,descent,average,Control trunk lean.
SES_SPR_AVE_0010,athlete_18,83,sprint,71.01,79.53,118.99,111.25,88.93,103.19,122.51,95.21,82.51,94.08,11.96,2.8,32.53,2.19,0.46,0,0.748,70.2,setup,average,Control trunk lean.
SES_VER_AVE_0002,athlete_47,35,vertical_jump,126.64,120.14,120.66,120.85,78.64,69.1,179.44,174.85,77.12,84.64,18.52,3.57,20.34,-1.53,0.44,37.5,0.784,67.5,descent,average,Control trunk lean.
SES_SPR_GOO_0009,athlete_58,59,sprint,59.52,45.91,120.43,109.09,74.04,87.96,95.18,90.74,71.19,90.99,9.49,2.97,33.79,7.19,0.5,0,0.753,78.4,descent,good,"Good depth, push harder through the heels."
SES_VER_ELI_0000,athlete_20,39,vertical_jump,99.7,92.2,89.61,81.03,65.87,75.55,147.88,113.12,82.42,78.83,9.66,3.03,43.49,0.74,0.51,75.7,0.909,94.7,takeoff,elite,Great form! Maintain position.
SES_SNA_AVE_0006,athlete_40,8,snatch,119.8,116.91,105.26,112.77,97.14,62.59,151.2,168.53,76.81,85.71,48.11,3.07,39.41,2.25,0.37,0,0.793,70.0,descent,average,Control trunk lean.
SES_SPR_AVE_0010,athlete_40,82,sprint,82.35,54.05,123.73,106.17,91.58,94.1,141.81,126.42,87.47,80.57,18.58,0.68,30.79,6.1,0.52,0,0.654,65.2,setup,average,Control trunk lean.
SES_SNA_GOO_0005,athlete_10,16,snatch,106.25,97.69,117.68,129.13,54.37,42.16,173.02,154.37,91.29,86.97,36.63,2.67,28.53,-1.63,0.41,0,0.849,77.8,setup,good,Slight asymmetry detected.
SES_SNA_AVE_0006,athlete_37,85,snatch,104.21,99.58,144.11,127.18,68.9,79.16,156.44,162.76,96.97,85.7,25.76,2.69,25.59,2.44,0.56,0,0.771,60.3,descent,average,Activate core more.
SES_SPR_POO_0011,athlete_03,48,sprint,106.33,96.02,103.03,113.4,111.7,95.7,104.27,143.7,116.97,90.67,23.94,2.81,25.73,4.61,0.43,0,0.663,37.5,setup,poor,Work on symmetry.
SES_CRI_ELI_0016,athlete_06,2,cricket_bat,125.3,118.63,137.8,113.09,80.57,102.79,151.16,149.63,92.04,86.75,18.61,2.5,25.44,2.78,0.49,0,0.75,94.4,setup,elite,Elite biomechanics detected.
SES_CRI_GOO_0017,athlete_45,40,cricket_bat,132.11,124.14,140.57,142.06,100.78,114.98,160.62,145.55,85.93,105.5,29.7,0,19.46,1.74,0.41,0,0.759,84.8,setup,good,"Good depth, push harder through the heels."
SES_SPR_ELI_0008,athlete_39,88,sprint,31.67,46.01,93.02,108.18,67.05,79.28,85.3,87.36,77.71,78.4,11.04,2.42,11.88,-0.69,0.63,0,0.764,94.9,setup,elite,Hold this form.
SES_JAV_POO_0015,athlete_51,42,javelin,126.59,156.22,162.44,162.96,129.18,142.88,161.2,180,72.17,74.22,52.94,3.45,27.96,-1.45,0.44,0,0.542,20,descent,poor,LOWER HIPS!
SES_SPR_GOO_0009,athlete_57,34,sprint,64.01,60.39,102.76,117.23,66.13,88.6,94.09,98.93,89.56,71.8,28.71,1.52,32.53,3.42,0.53,0,0.796,80.4,setup,good,"Good depth, push harder through the heels."
SES_JAV_POO_0015,athlete_03,47,javelin,162.16,142.26,140.07,154.4,109.46,106.89,166.13,129.16,63.14,55.04,65.85,0.59,15.28,1.3,0.36,0,0.535,22.5,descent,poor,Work on symmetry.
SES_VER_ELI_0000,athlete_09,51,vertical_jump,97.12,96.56,94.08,102.51,62.98,79.13,112.74,122.37,81.33,92.77,10.04,2.51,46.11,2.95,0.52,46.0,0.934,100,flight,elite,Great form! Maintain position.
SES_SNA_ELI_0004,athlete_20,70,snatch,96.57,85.38,82.93,96.9,50.87,37.66,180,173.4,98.37,88.53,25.14,1.38,33.21,-1.89,0.57,0,0.872,97.9,descent,elite,Great form! Maintain position.
SES_JAV_AVE_0014,athlete_80,83,javelin,121.72,124.15,144.88,157.13,180,175.02,173.98,172.67,85.44,79.66,55.85,0.76,28.2,3.86,0.44,0,0.651,57.5,setup,average,Control trunk lean.
SES_SNA_POO_0007,athlete_71,44,snatch,156.43,103.63,116.94,128.05,78.39,94.36,157.13,136.81,67.64,76.08,59.58,4.62,25.75,4.4,0.5,0,0.593,28.0,setup,poor,Adjust knee alignment.
SES_VER_GOO_0001,athlete_43,95,vertical_jump,105.94,111.04,86.34,113.89,66.18,74.97,133.73,127.17,84.6,78.69,8.86,1.62,28.66,1.23,0.48,33.0,0.794,76.9,descent,good,Slight asymmetry detected.
SES_SPR_ELI_0008,athlete_80,3,sprint,56.52,67.37,105.95,94.73,68.81,78.67,82.8,83.83,67.94,79.1,17.75,2.38,51.68,3.19,0.42,0,0.82,100,descent,elite,Hold this form.
SES_JAV_ELI_0012,athlete_68,58,javelin,104.03,97.54,163.88,150.32,152.08,169.7,114.32,127.37,77.35,89.13,37.83,1.43,20.68,0.95,0.54,0,0.736,100,descent,elite,Hold this form.
SES_SPR_GOO_0009,athlete_37,36,sprint,46.73,51.22,94.38,107.56,81.93,69.43,92.44,105.53,89.76,79.85,22.89,2.7,18.61,0.56,0.55,0,0.787,82.5,descent,good,Slight asymmetry detected.
SES_CRI_AVE_0018,athlete_51,38,cricket_bat,119.89,141.07,153.29,155.17,68.92,90.29,172.0,147.48,74.15,69.24,50.7,3.12,19.69,5.43,0.48,0,0.671,57.1,descent,average,Control trunk lean.
SES_SNA_AVE_0006,athlete_07,94,snatch,110.18,140.16,137.62,127.21,68.86,79.48,169.42,160.49,84.0,61.42,51.6,0.01,32.97,0.72,0.4,0,0.733,64.4,descent,average,Activate core more.
SES_CRI_POO_0019,athlete_52,21,cricket_bat,151.52,158.79,148.11,157.25,176.09,140.35,117.33,138.94,66.1,70.15,47.87,3.63,26.73,-0.46,0.36,0,0.589,20.6,setup,poor,Critical form deviation.
SES_JAV_AVE_0014,athlete_60,9,javelin,114.5,98.27,165.11,157.69,163.17,148.06,144.65,146.91,77.49,83.53,53.46,0,23.26,7.61,0.63,0,0.624,62.8,descent,average,Lower your hips.
SES_SPR_GOO_0009,athlete_65,26,sprint,51.22,44.0,103.68,95.33,79.33,87.38,95.65,100.58,74.8,81.34,6.07,3.97,16.59,0.95,0.44,0,0.784,81.8,descent,good,"Good depth, push harder through the heels."
SES_CRI_POO_0019,athlete_15,7,cricket_bat,136.24,161.64,154.44,163.71,163.39,110.18,160.61,180,78.11,65.88,51.86,3.14,37.6,1.85,0.33,0,0.556,30.6,setup,poor,Adjust knee alignment.
SES_JAV_ELI_0012,athlete_22,97,javelin,94.9,115.29,136.31,144.77,176.35,166.63,111.05,128.64,100.23,94.09,26.98,0,32.8,-0.95,0.53,0,0.709,100,setup,elite,Great form! Maintain position.
SES_JAV_ELI_0012,athlete_65,81,javelin,92.3,111.63,159.24,155.89,180,158.73,137.52,108.37,80.92,85.67,36.08,2.87,41.46,4.04,0.51,0,0.722,94.0,setup,elite,Hold this form.
SES_SNA_AVE_0006,athlete_20,0,snatch,96.33,85.33,112.88,125.79,85.67,77.24,157.18,173.64,70.88,74.22,43.16,1.66,33.85,5.73,0.43,0,0.755,71.8,descent,average,Lower your hips.
SES_SNA_AVE_0006,athlete_44,93,snatch,91.53,114.95,151.79,105.04,31.34,90.29,160.44,153.87,64.55,51.52,37.93,2.66,25.44,7.65,0.46,0,0.666,63.0,descent,average,Activate core more.
SES_VER_GOO_0001,athlete_49,31,vertical_jump,89.42,109.11,105.08,108.85,68.15,62.59,95.27,146.72,90.3,84.53,17.38,2.39,27.26,-1.61,0.57,48.9,0.815,83.8,landing,good,"Good depth, push harder through the heels."
SES_JAV_ELI_0012,athlete_30,10,javelin,88.15,100.08,143.11,164.13,176.22,171.89,112.52,123.5,86.5,86.26,40.61,2.15,22.39,9.02,0.45,0,0.706,93.6,setup,elite,Hold this form.
SES_SNA_GOO_0005,athlete_05,25,snatch,97.12,89.36,106.96,108.84,49.94,63.97,172.21,170.75,83.8,91.26,23.88,4.07,32.98,-2.99,0.49,0,0.871,82.2,setup,good,Slight asymmetry detected.
SES_SPR_AVE_0010,athlete_11,8,sprint,68.68,59.19,113.09,114.18,111.8,68.99,123.34,110.23,91.5,82.11,31.72,2.58,24.56,3.81,0.53,0,0.756,65.4,setup,average,Lower your hips.
SES_VER_ELI_0000,athlete_46,84,vertical_jump,105.74,95.62,100.47,89.98,69.05,42.82,118.24,112.34,104.78,84.79,20.95,6.19,18.91,3.28,0.5,58.1,0.9,93.2,descent,elite,Hold this form.
SES_VER_AVE_0002,athlete_39,26,vertical_jump,133.76,112.58,95.58,137.27,90.24,104.77,170.76,156.49,78.69,108.98,27.56,3.44,43.21,0.3,0.54,40.1,0.661,62.2,flight,average,Control trunk lean.
SES_VER_AVE_0002,athlete_69,23,vertical_jump,93.64,118.51,105.52,127.47,85.84,74.96,104.84,146.68,100.99,71.28,18.78,3.85,30.35,-3.35,0.47,25.0,0.685,59.7,descent,average,Activate core more.
SES_SPR_ELI_0008,athlete_27,27,sprint,62.01,56.64,105.39,94.88,64.1,88.19,77.45,86.44,76.24,72.69,14.09,5.42,34.89,-0.08,0.51,0,0.844,96.6,descent,elite,Elite biomechanics detected.
SES_JAV_AVE_0014,athlete_74,87,javelin,109.28,144.0,156.21,169.29,139.77,130.35,126.88,150.03,86.63,85.0,27.55,1.35,19.63,6.93,0.48,0,0.584,67.1,descent,average,Lower your hips.
SES_JAV_ELI_0012,athlete_38,21,javelin,92.76,99.67,153.76,144.58,164.82,150.56,133.73,133.31,81.91,95.85,46.28,1.49,17.53,3.3,0.5,0,0.741,94.8,descent,elite,Elite biomechanics detected.
SES_JAV_ELI_0012,athlete_31,50,javelin,102.14,114.14,151.11,156.97,166.29,174.35,107.96,120.44,89.36,87.19,19.14,4.64,30.58,-4.61,0.57,0,0.737,94.8,descent,elite,Hold this form.
SES_JAV_POO_0015,athlete_76,80,javelin,121.19,141.57,171.25,173.24,98.66,151.04,152.95,161.8,81.75,55.48,54.59,1.94,21.67,4.27,0.39,0,0.553,31.2,setup,poor,Adjust knee alignment.
SES_VER_AVE_0002,athlete_63,91,vertical_jump,122.38,127.2,123.12,119.11,84.47,80.73,122.42,136.73,83.72,68.24,30.61,3.02,6.0,5.27,0.43,27.9,0.779,63.4,takeoff,average,Activate core more.
SES_JAV_ELI_0012,athlete_78,38,javelin,102.8,116.39,137.04,149.26,179.03,170.39,137.72,133.89,83.47,86.64,42.12,1.39,26.26,3.13,0.55,0,0.72,92.1,setup,elite,Great form! Maintain position.
SES_SNA_ELI_0004,athlete_08,15,snatch,80.04,78.76,110.48,98.2,41.01,45.01,174.4,180,90.65,94.93,27.42,5.31,31.25,1.31,0.5,0,0.912,97.2,setup,elite,Elite biomechanics detected.
SES_VER_POO_0003,athlete_73,87,vertical_jump,142.97,150.69,163.38,133.28,90.05,81.26,166.97,114.18,91.06,50.4,51.28,2.19,12.79,0.78,0.55,18.1,0.629,36.1,setup,poor,Adjust knee alignment.
SES_SPR_GOO_0009,athlete_59,72,sprint,53.54,58.16,121.4,106.34,95.6,99.77,114.71,92.15,74.89,63.26,29.08,0,25.05,3.18,0.56,0,0.789,85.4,descent,good,"Good depth, push harder through the heels."
SES_JAV_GOO_0013,athlete_54,33,javelin,95.63,111.3,147.61,136.93,167.03,149.75,143.38,140.95,62.48,91.42,45.75,3.37,19.84,1.93,0.55,0,0.676,85.3,setup,good,Slight asymmetry detected.
SES_SPR_AVE_0010,athlete_39,93,sprint,46.33,77.61,132.67,118.45,106.32,111.88,118.7,120.19,91.98,72.46,23.84,0.25,30.6,1.37,0.56,0,0.647,59.8,setup,average,Control trunk lean.
SES_JAV_ELI_0012,athlete_70,54,javelin,94.65,99.79,141.95,144.7,165.91,156.46,119.8,144.65,75.83,82.46,39.83,1.81,22.94,-3.73,0.46,0,0.759,100,setup,elite,Elite biomechanics detected.
SES_CRI_ELI_0016,athlete_08,93,cricket_bat,111.34,123.01,139.82,133.85,89.39,84.59,161.15,131.56,79.77,102.8,27.36,0.69,24.78,3.54,0.48,0,0.779,91.5,setup,elite,Hold this form.
SES_SPR_GOO_0009,athlete_29,11,sprint,50.93,40.44,114.42,107.8,80.95,94.32,98.94,88.83,70.56,82.69,15.2,0.66,4.7,5.5,0.47,0,0.771,77.6,setup,good,Extend hips fully.
SES_VER_AVE_0002,athlete_26,38,vertical_jump,134.73,112.1,115.36,118.1,90.82,91.61,99.13,145.0,58.81,85.0,17.55,1.65,18.14,3.91,0.44,22.4,0.743,66.0,takeoff,average,Activate core more.
SES_CRI_AVE_0018,athlete_18,11,cricket_bat,123.09,156.87,163.93,165.02,131.09,84.39,180,136.47,108.74,81.78,32.21,1.63,31.66,3.92,0.48,0,0.653,72.8,setup,average,Control trunk lean.
SES_JAV_ELI_0012,athlete_24,1,javelin,96.53,125.14,142.65,141.47,173.56,176.01,135.19,133.33,90.93,62.08,47.02,2.7,41.29,3.34,0.49,0,0.709,97.2,descent,elite,Hold this form.
SES_SPR_POO_0011,athlete_05,67,sprint,91.62,96.32,129.67,144.17,117.7,93.99,152.45,123.52,67.91,90.15,37.6,1.15,35.05,-0.39,0.42,0,0.675,31.7,descent,poor,Critical form deviation.
SES_SNA_AVE_0006,athlete_58,36,snatch,77.47,95.75,113.33,132.98,60.53,70.39,142.69,177.82,77.84,75.05,48.24,0.78,28.24,4.79,0.51,0,0.718,74,setup,average,Control trunk lean.
SES_VER_POO_0003,athlete_06,24,vertical_jump,133.69,144.82,152.18,155.48,93.48,93.83,157.54,130.2,68.96,76.82,0,2.42,9.66,5.07,0.47,26.1,0.671,38.7,setup,poor,Critical form deviation.
SES_VER_POO_0003,athlete_64,35,vertical_jump,108.55,123.25,139.58,157.72,128.97,102.16,154.82,163.49,64.85,85.08,55.31,1.1,32.61,5.99,0.52,14.3,0.63,39.7,descent,poor,Critical form deviation.
SES_SNA_ELI_0004,athlete_70,72,snatch,89.65,79.43,101.45,105.37,49.39,40.29,175.22,180,94.36,99.0,18.11,4.6,41.66,4.49,0.57,0,0.905,95.0,descent,elite,Elite biomechanics detected.
SES_SNA_POO_0007,athlete_06,74,snatch,123.59,102.13,147.69,139.13,39.84,86.88,150.61,149.42,68.02,59.17,65.21,1.83,35.12,4.46,0.41,0,0.651,37.2,descent,poor,Critical form deviation.
SES_SNA_AVE_0006,athlete_07,34,snatch,86.18,109.01,166.09,112.64,38.81,59.84,148.67,176.36,82.86,90.28,58.64,0,31.15,4.94,0.45,0,0.661,60.8,setup,average,Activate core more.
SES_JAV_ELI_0012,athlete_55,75,javelin,105.26,99.37,145.59,148.58,174.01,179.39,121.09,131.24,85.4,81.56,27.62,2.53,39.4,1.98,0.56,0,0.757,96.1,descent,elite,Elite biomechanics detected.
SES_VER_AVE_0002,athlete_32,27,vertical_jump,113.12,121.35,143.79,124.41,98.45,75.63,153.5,138.35,71.64,88.31,29.98,2.05,23.96,7.07,0.51,24.0,0.739,65.5,descent,average,Lower your hips.
SES_CRI_AVE_0018,athlete_58,69,cricket_bat,155.62,163.15,158.41,164.76,135.39,103.68,151.57,159.24,91.13,85.14,39.03,4.97,32.96,3.58,0.42,0,0.695,66.7,descent,average,Control trunk lean.
SES_SPR_GOO_0009,athlete_15,63,sprint,60.55,62.11,109.03,100.16,52.04,83.11,109.0,105.53,92.76,84.13,24.87,3.32,16.83,3.76,0.4,0,0.818,86.3,setup,good,Extend hips fully.
SES_CRI_GOO_0017,athlete_09,57,cricket_bat,131.93,151.03,140.55,149.59,80.76,99.92,151.37,153.53,96.27,91.6,13.84,5.58,29.29,-0.79,0.52,0,0.724,83.4,descent,good,Slight asymmetry detected.
SES_SNA_GOO_0005,athlete_14,81,snatch,105.25,104.05,113.18,106.49,43.2,47.41,180,180,91.16,109.41,27.21,0.49,13.8,4.72,0.43,0,0.879,84.3,descent,good,Slight asymmetry detected.
SES_VER_GOO_0001,athlete_11,68,vertical_jump,113.39,103.76,92.81,99.61,86.54,82.4,109.71,126.92,78.52,85.91,21.15,1.38,32.32,1.87,0.63,42.8,0.834,86.3,landing,good,"Good depth, push harder through the heels."
SES_JAV_ELI_0012,athlete_49,94,javelin,103.51,101.99,132.76,166.06,180,162.69,113.32,120.14,84.91,81.42,44.25,5.05,26.97,4.71,0.52,0,0.715,95.7,descent,elite,Great form! Maintain position.
SES_VER_GOO_0001,athlete_28,83,vertical_jump,108.87,92.12,104.75,122.65,58.04,101.02,117.96,121.81,82.14,85.5,19.25,0.01,31.47,1.98,0.45,39.8,0.79,75.4,flight,good,Extend hips fully.
SES_SPR_GOO_0009,athlete_07,7,sprint,65.98,57.14,100.49,96.68,71.88,89.24,118.95,90.16,81.17,74.61,26.16,2.88,30.9,8.02,0.5,0,0.798,77.9,descent,good,Slight asymmetry detected.
SES_SPR_POO_0011,athlete_30,7,sprint,80.47,104.42,133.78,95.67,106.98,106.6,139.27,130.21,82.95,85.93,33.59,4.08,20.11,-0.82,0.33,0,0.566,46.7,setup,poor,Adjust knee alignment.
SES_SPR_ELI_0008,athlete_73,95,sprint,39.44,51.31,86.65,79.17,56.6,59.93,117.32,81.25,81.2,75.15,10.41,3.77,50.78,-2.78,0.47,0,0.805,98.3,setup,elite,Elite biomechanics detected.
SES_SPR_POO_0011,athlete_04,37,sprint,85.57,83.21,137.98,89.77,120.13,117.61,113.49,132.79,88.64,83.23,67.85,3.43,4.71,1.7,0.53,0,0.607,34.6,descent,poor,Work on symmetry.
SES_SPR_GOO_0009,athlete_74,2,sprint,73.32,70.42,118.22,113.37,85.02,83.67,106.7,115.28,81.9,73.21,25.67,3.89,15.85,-0.77,0.62,0,0.826,85.1,setup,good,Extend hips fully.
SES_CRI_ELI_0016,athlete_15,27,cricket_bat,113.89,122.23,135.43,145.75,72.95,56.64,156.39,138.57,88.36,96.63,17.99,2.17,38.11,7.8,0.56,0,0.778,97.2,descent,elite,Elite biomechanics detected.
SES_JAV_POO_0015,athlete_61,71,javelin,137.24,136.87,163.4,178,99.86,118.98,149.52,166.81,82.49,77.6,35.0,0.79,35.98,4.58,0.46,0,0.575,44.6,descent,poor,Critical form deviation.
SES_SNA_POO_0007,athlete_49,11,snatch,130.91,118.47,137.8,158.5,83.24,101.52,139.56,145.84,72.1,81.95,64.37,1.56,22.16,-1.11,0.47,0,0.652,29.0,descent,poor,Adjust knee alignment.
SES_JAV_POO_0015,athlete_38,9,javelin,151.64,156.9,178,170.8,148.44,118.86,180,133.22,78.54,56.11,44.44,0.79,19.78,-0.66,0.55,0,0.578,36.5,descent,poor,Adjust knee alignment.
SES_VER_AVE_0002,athlete_36,43,vertical_jump,122.15,115.19,134.73,115.19,95.4,66.61,168.09,144.79,88.38,82.89,52.57,0,24.89,-2.34,0.38,40.5,0.739,59.0,setup,average,Activate core more.
SES_SPR_POO_0011,athlete_51,33,sprint,78.93,100.72,142.22,162.46,100.61,94.51,122.94,117.47,104.55,104.75,55.28,1.98,24.71,3.92,0.41,0,0.618,35.3,setup,poor,Critical form deviation.
SES_JAV_ELI_0012,athlete_25,35,javelin,95.72,99.23,147.74,144.62,161.84,176.27,120.28,123.11,85.28,85.82,18.67,3.33,41.89,4.86,0.48,0,0.763,96.9,setup,elite,Great form! Maintain position.
SES_SNA_POO_0007,athlete_43,72,snatch,140.92,154.93,141.52,123.78,90.43,49.2,81.79,140.87,59.37,73.94,12.64,1.37,30.67,2.3,0.5,0,0.655,41.0,setup,poor,Adjust knee alignment.
SES_JAV_ELI_0012,athlete_30,77,javelin,108.67,99.84,149.82,142.33,179.83,172.73,137.65,125.0,79.67,81.08,42.01,2.27,27.01,-0.66,0.58,0,0.741,98.6,descent,elite,Elite biomechanics detected.
SES_VER_POO_0003,athlete_51,91,vertical_jump,127.65,140.09,141.59,123.69,129.46,95.24,121.17,170.81,41.27,54.82,13.84,1.19,27.56,-0.36,0.39,11.2,0.635,45.3,flight,poor,LOWER HIPS!
SES_JAV_AVE_0014,athlete_44,79,javelin,157.63,147.69,146.88,165.77,161.97,160.48,164.65,144.14,87.36,64.04,54.66,4.55,37.28,-6.34,0.53,0,0.627,67.5,descent,average,Lower your hips.
SES_SNA_GOO_0005,athlete_29,5,snatch,98.24,93.15,105.56,137.87,56.77,38.85,164.71,157.11,95.51,91.7,35.66,3.37,12.32,1.68,0.48,0,0.814,78.0,descent,good,"Good depth, push harder through the heels."
SES_SNA_POO_0007,athlete_19,86,snatch,155.07,119.9,132.4,143.73,70.34,89.13,157.99,141.63,62.2,57.71,76.16,0.48,36.58,-5.24,0.53,0,0.628,21.0,descent,poor,LOWER HIPS!
SES_SPR_GOO_0009,athlete_27,69,sprint,51.09,49.29,98.78,99.83,93.53,96.38,87.67,101.51,65.6,85.39,22.21,4.86,30.44,1.91,0.56,0,0.836,78.5,descent,good,Extend hips fully.
SES_SPR_AVE_0010,athlete_61,89,sprint,65.81,70.46,116.61,106.35,81.95,89.71,114.83,113.27,94.38,76.94,16.12,1.87,17.86,1.88,0.42,0,0.754,64.4,setup,average,Control trunk lean.
SES_JAV_POO_0015,athlete_21,23,javelin,152.54,166.9,163.91,164.78,113.59,120.17,124.67,168.63,67.48,62.9,80,2.4,20.79,2.83,0.42,0,0.573,31.1,descent,poor,Adjust knee alignment.
SES_JAV_AVE_0014,athlete_02,32,javelin,133.73,135.86,178,176.88,144.2,129.23,178.61,117.65,75.33,87.02,54.27,2.56,17.99,4.83,0.53,0,0.673,65.5,setup,average,Activate core more.
SES_SNA_AVE_0006,athlete_60,67,snatch,106.24,98.28,107.8,142.04,42.44,66.24,159.59,149.64,73.04,85.9,46.8,4.02,11.11,5.32,0.42,0,0.725,72.1,descent,average,Control trunk lean.
SES_JAV_ELI_0012,athlete_68,73,javelin,105.64,112.44,178,152.65,179.06,160.19,135.59,136.25,88.76,90.22,27.16,0,37.54,-0.58,0.5,0,0.719,92.2,descent,elite,Great form! Maintain position.
SES_JAV_POO_0015,athlete_14,58,javelin,97.23,149.08,178,172.56,143.91,145.0,180,141.47,51.91,82.8,48.07,1.68,0.06,-2.48,0.37,0,0.5,39.2,descent,poor,Critical form deviation.
SES_VER_AVE_0002,athlete_06,42,vertical_jump,107.7,119.92,130.55,108.7,99.48,62.86,142.89,159.44,79.55,76.58,29.53,1.9,18.58,7.52,0.44,31.2,0.719,55,takeoff,average,Lower your hips.
SES_CRI_ELI_0016,athlete_27,32,cricket_bat,129.98,116.56,130.22,148.61,70.2,80.31,124.57,127.53,90.22,89.03,24.27,0.82,46.18,-1.63,0.51,0,0.752,97.9,descent,elite,Hold this form.
SES_CRI_ELI_0016,athlete_05,68,cricket_bat,128.79,104.48,132.37,135.46,88.97,93.38,152.12,158.3,98.02,82.31,11.65,2.96,25.7,7.95,0.51,0,0.757,96.1,setup,elite,Great form! Maintain position.
SES_SNA_ELI_0004,athlete_62,50,snatch,97.25,96.1,97.38,118.78,56.14,42.67,169.09,176.06,78.5,83.35,23.52,1.5,43.66,5.89,0.59,0,0.892,92.1,descent,elite,Elite biomechanics detected.
SES_VER_AVE_0002,athlete_26,56,vertical_jump,101.58,110.54,110.55,111.76,65.67,36.95,145.51,140.04,85.01,89.91,21.47,1.47,33.29,-2.39,0.55,32.0,0.772,58.2,descent,average,Lower your hips.
SES_VER_AVE_0002,athlete_68,71,vertical_jump,118.56,111.22,126.07,110.02,67.94,63.54,139.72,121.67,68.37,82.03,22.26,3.93,23.59,1.59,0.45,22.9,0.743,65.3,setup,average,Activate core more.
SES_SPR_AVE_0010,athlete_80,65,sprint,69.24,83.8,133.91,110.35,108.08,92.11,132.96,144.06,87.25,88.97,28.12,2.56,29.4,4.39,0.44,0,0.695,61.0,setup,average,Lower your hips.
SES_SNA_GOO_0005,athlete_68,75,snatch,94.83,97.18,102.29,122.17,69.14,53.59,172.04,175.35,77.25,80.74,38.68,3.35,19.3,-0.36,0.48,0,0.844,89,setup,good,Extend hips fully.
SES_SPR_ELI_0008,athlete_47,34,sprint,51.74,49.17,93.07,88.0,73.97,65.13,89.38,96.67,75.85,83.18,12.04,5.54,26.62,2.22,0.53,0,0.869,95.1,setup,elite,Hold this form.
SES_SNA_GOO_0005,athlete_65,91,snatch,92.93,109.66,114.25,96.51,72.28,39.11,180,158.94,78.12,91.96,30.01,0.21,25.73,4.0,0.47,0,0.808,79.0,setup,good,Slight asymmetry detected.
SES_CRI_POO_0019,athlete_65,49,cricket_bat,136.47,140.06,121.11,178,120.33,119.07,180,180,80.55,82.14,49.58,1.52,21.57,-0.68,0.54,0,0.516,40.5,setup,poor,Adjust knee alignment.
SES_CRI_GOO_0017,athlete_03,87,cricket_bat,119.66,129.7,120.84,163.94,83.25,93.16,151.29,150.7,81.84,92.79,39.88,1.57,27.02,4.98,0.55,0,0.678,86.5,descent,good,Extend hips fully.
SES_CRI_POO_0019,athlete_41,56,cricket_bat,162.1,127.41,178,177.71,122.17,128.95,148.89,165.68,66.22,94.51,45.92,0,37.45,0.22,0.45,0,0.555,29.3,setup,poor,LOWER HIPS!
SES_SPR_POO_0011,athlete_12,55,sprint,87.5,78.5,124.54,126.87,98.63,123.6,180,162.98,62.28,95.81,40.37,2.1,12.38,5.31,0.5,0,0.684,54,setup,poor,Adjust knee alignment.
SES_CRI_POO_0019,athlete_14,80,cricket_bat,152.08,139.48,170.06,165.91,79.0,103.49,150.96,165.18,93.76,82.45,80,1.45,12.14,0.43,0.48,0,0.588,28.6,setup,poor,Adjust knee alignment.
SES_SPR_ELI_0008,athlete_13,79,sprint,49.56,30.1,70.98,83.87,65.77,83.79,92.93,87.29,85.05,67.92,9.87,2.1,46.2,4.67,0.47,0,0.736,95.2,setup,elite,Great form! Maintain position.
SES_SNA_ELI_0004,athlete_35,26,snatch,98.48,85.7,102.0,107.37,47.48,44.21,170.03,180,97.72,96.45,19.98,2.37,34.78,5.16,0.5,0,0.896,92.1,setup,elite,Hold this form.
SES_VER_GOO_0001,athlete_19,48,vertical_jump,98.09,114.65,107.94,103.65,85.27,52.38,106.6,154.19,92.04,84.87,20.8,1.23,12.89,-0.98,0.46,29.3,0.825,79.4,setup,good,Extend hips fully.
SES_CRI_GOO_0017,athlete_24,75,cricket_bat,124.06,112.49,158.74,145.89,119.16,83.02,154.34,162.75,92.16,86.53,31.56,2.27,15.34,-1.35,0.58,0,0.728,81.1,descent,good,Extend hips fully.
SES_SPR_POO_0011,athlete_30,22,sprint,90.06,80.08,134.14,108.22,86.46,97.26,141.95,95.19,68.21,81.49,47.99,1.99,19.95,3.24,0.42,0,0.629,26.3,setup,poor,Adjust knee alignment.
SES_VER_ELI_0000,athlete_21,78,vertical_jump,93.46,84.6,97.43,103.59,61.66,64.11,128.25,123.31,77.99,66.19,8.08,0,42.77,-5.29,0.59,57.0,0.914,93.0,flight,elite,Elite biomechanics detected.
SES_JAV_AVE_0014,athlete_70,63,javelin,145.33,116.23,154.0,161.12,134.3,105.21,151.3,136.78,84.11,87.13,46.8,2.78,24.09,2.06,0.38,0,0.607,58.3,descent,average,Lower your hips.
SES_SPR_GOO_0009,athlete_24,61,sprint,49.19,72.37,113.13,97.74,76.09,101.25,88.49,93.72,90.92,80.79,20.42,4.23,29.4,-1.99,0.54,0,0.713,86.3,descent,good,Extend hips fully.
SES_JAV_ELI_0012,athlete_53,57,javelin,94.81,87.42,140.47,136.3,162.61,168.08,114.55,131.66,96.01,85.46,38.54,1.91,31.44,1.22,0.49,0,0.748,98.5,setup,elite,Elite biomechanics detected.
SES_SNA_AVE_0006,athlete_24,30,snatch,108.21,114.5,128.46,124.87,72.11,93.82,129.4,169.63,82.95,94.61,44.15,3.0,40.4,0.69,0.41,0,0.795,65.0,setup,average,Control trunk lean.
SES_JAV_ELI_0012,athlete_78,19,javelin,112.05,95.99,139.52,148.0,172.58,168.17,112.42,135.06,87.8,73.34,45.0,2.59,31.56,0.38,0.48,0,0.72,93.0,descent,elite,Great form! Maintain position.
SES_SNA_AVE_0006,athlete_78,24,snatch,127.37,119.86,120.04,110.13,24.3,61.1,141.93,173.14,86.08,72.05,20.03,0.57,35.04,0.88,0.57,0,0.778,69.9,descent,average,Activate core more.
SES_SNA_GOO_0005,athlete_14,27,snatch,97.58,107.6,115.73,120.45,41.85,47.73,180,164.57,76.87,87.56,29.42,1.96,33.74,-2.83,0.48,0,0.86,81.7,setup,good,Slight asymmetry detected.
SES_VER_POO_0003,athlete_54,8,vertical_jump,125.96,118.16,156.28,148.95,66.0,87.8,122.76,152.07,69.07,66.27,45.91,1.63,28.19,3.75,0.51,35.8,0.667,42.1,takeoff,poor,LOWER HIPS!
SES_CRI_GOO_0017,athlete_63,84,cricket_bat,122.76,139.32,138.21,143.17,109.79,108.1,139.71,157.96,85.96,79.36,20.93,5.43,24.04,2.97,0.45,0,0.734,79.3,setup,good,"Good depth, push harder through the heels."
SES_VER_ELI_0000,athlete_63,30,vertical_jump,83.93,88.97,90.17,101.4,55.27,64.89,116.26,135.88,83.8,94.59,16.65,0.69,29.82,1.8,0.52,66.2,0.91,95.2,takeoff,elite,Hold this form.
SES_JAV_GOO_0013,athlete_30,41,javelin,105.52,106.63,165.94,150.74,142.64,146.71,141.58,137.16,76.26,75.65,45.76,3.12,8.35,-1.08,0.5,0,0.709,82.2,descent,good,Extend hips fully.
SES_SPR_POO_0011,athlete_72,9,sprint,88.92,72.22,130.09,123.57,102.11,96.13,111.89,128.3,110.84,91.19,41.85,1.67,48.08,-1.91,0.3,0,0.649,45.9,setup,poor,Adjust knee alignment.
SES_SNA_AVE_0006,athlete_05,14,snatch,99.68,96.18,97.48,113.4,41.63,74.97,123.08,143.91,80.4,74.91,63.5,2.7,23.12,2.62,0.49,0,0.767,67.3,setup,average,Activate core more.
SES_SPR_AVE_0010,athlete_11,77,sprint,78.36,62.94,127.38,126.44,76.07,117.99,128.58,108.85,82.26,102.05,29.28,2.52,30.94,-1.71,0.53,0,0.739,64.9,setup,average,Lower your hips.
SES_SNA_POO_0007,athlete_39,81,snatch,147.59,140.76,114.58,147.26,85.94,98.92,141.4,178.16,66.87,66.76,64.97,2.28,25.63,1.82,0.36,0,0.64,35.4,setup,poor,Adjust knee alignment.
SES_VER_ELI_0000,athlete_77,96,vertical_jump,86.69,81.99,105.44,87.89,68.91,57.21,126.86,149.64,83.82,79.5,6.54,2.23,42.72,1.8,0.49,41.1,0.894,96.5,flight,elite,Great form! Maintain position.
SES_SNA_POO_0007,athlete_62,22,snatch,142.76,135.83,140.85,147.59,88.87,99.52,104.38,163.51,59.87,100.1,65.13,3.54,24.42,8.67,0.48,0,0.692,37.0,setup,poor,Adjust knee alignment.
SES_CRI_AVE_0018,athlete_54,58,cricket_bat,144.41,130.56,164.02,163.95,116.07,97.11,180,152.76,74.45,60.62,43.23,4.52,34.34,0.18,0.47,0,0.691,67.2,descent,average,Lower your hips.
SES_VER_ELI_0000,athlete_50,74,vertical_jump,95.92,92.74,99.26,82.11,45.25,68.78,115.96,120.55,85.24,93.05,9.52,1.02,36.62,1.28,0.5,52.7,0.898,92.7,flight,elite,Elite biomechanics detected.
SES_SNA_GOO_0005,athlete_39,72,snatch,86.32,101.76,127.06,120.78,43.19,41.89,174.07,167.56,75.76,95.69,34.57,3.29,24.52,1.58,0.45,0,0.84,77.7,descent,good,"Good depth, push harder through the heels."
SES_VER_ELI_0000,athlete_80,42,vertical_jump,85.32,96.65,104.67,78.75,46.64,59.85,140.87,102.16,85.8,88.05,6.32,2.67,22.66,3.28,0.46,64.2,0.851,90,descent,elite,Elite biomechanics detected.
SES_SPR_GOO_0009,athlete_14,46,sprint,58.7,61.05,115.91,97.15,92.52,80.04,68.88,113.32,84.46,79.61,19.88,1.61,25.06,4.58,0.49,0,0.79,84.7,setup,good,Extend hips fully.
SES_SPR_GOO_0009,athlete_75,47,sprint,65.22,58.68,86.96,105.85,89.75,73.56,110.3,77.61,62.63,77.66,33.87,2.54,36.58,1.69,0.47,0,0.766,75,descent,good,Slight asymmetry detected.
SES_JAV_AVE_0014,athlete_66,14,javelin,126.44,115.08,146.32,176.46,159.85,178.97,141.84,135.2,86.07,75.72,64.19,2.16,28.28,7.06,0.44,0,0.602,62.9,descent,average,Lower your hips.
SES_JAV_GOO_0013,athlete_77,54,javelin,125.72,112.53,147.36,154.83,159.19,160.48,138.72,127.33,87.12,75.09,28.89,2.33,28.04,4.15,0.53,0,0.694,84.0,setup,good,Slight asymmetry detected.
SES_VER_AVE_0002,athlete_30,22,vertical_jump,126.57,109.04,120.74,124.12,81.63,81.93,98.32,135.08,73.6,87.25,30.39,2.93,13.09,1.0,0.36,32.5,0.75,65.3,descent,average,Activate core more.
SES_SPR_AVE_0010,athlete_52,33,sprint,54.07,91.82,163.72,139.04,91.56,101.07,97.55,87.68,77.01,82.76,24.87,1.17,24.33,2.08,0.42,0,0.631,67.6,descent,average,Control trunk lean.
SES_VER_ELI_0000,athlete_75,48,vertical_jump,96.91,91.18,104.92,86.59,60.19,54.28,109.97,103.92,84.9,88.5,4.27,3.74,31.74,1.54,0.49,61.9,0.89,92.2,setup,elite,Elite biomechanics detected.
SES_JAV_ELI_0012,athlete_41,74,javelin,110.61,116.85,143.11,153.38,168.91,150.46,134.67,110.93,90.95,83.6,27.54,0.59,33.55,3.08,0.46,0,0.744,90.1,descent,elite,Elite biomechanics detected.
SES_JAV_AVE_0014,athlete_06,20,javelin,128.72,150.96,144.02,168.7,127.67,119.26,126.76,121.84,93.61,92.01,49.82,0.92,36.04,6.49,0.55,0,0.592,64.5,setup,average,Control trunk lean.
SES_VER_AVE_0002,athlete_06,83,vertical_jump,132.26,95.1,122.11,114.24,81.01,91.81,139.58,112.84,80.95,80.12,36.41,0.9,17.62,7.35,0.45,33.1,0.696,64.3,descent,average,Control trunk lean.
SES_CRI_POO_0019,athlete_58,15,cricket_bat,141.77,145.0,158.35,151.15,132.49,141.91,180,163.05,70.27,76.62,65.27,1.13,21.14,-0.47,0.5,0,0.6,33.0,setup,poor,Adjust knee alignment.
SES_VER_AVE_0002,athlete_68,77,vertical_jump,133.39,111.15,128.14,131.41,101.77,79.85,99.3,128.82,88.13,65.18,21.52,0.8,35.45,3.61,0.56,26.7,0.743,56.6,setup,average,Lower your hips.
SES_VER_ELI_0000,athlete_28,54,vertical_jump,89.43,93.03,92.97,88.26,63.1,63.34,105.87,108.79,93.69,84.66,10.85,0.57,29.53,0.56,0.47,57.7,0.933,97.7,flight,elite,Hold this form.
SES_SPR_POO_0011,athlete_75,51,sprint,89.69,91.94,132.82,138.85,82.96,122.06,120.93,152.74,97.06,109.27,59.47,1.8,13.58,2.05,0.46,0,0.7,43.4,setup,poor,Adjust knee alignment.
SES_VER_GOO_0001,athlete_35,26,vertical_jump,103.31,97.01,107.6,99.92,83.23,57.38,105.09,139.66,83.81,72.81,21.18,0,28.55,-1.66,0.42,42.1,0.84,84.9,descent,good,Extend hips fully.
SES_SNA_POO_0007,athlete_51,31,snatch,92.98,145.81,131.8,126.28,69.2,47.1,131.77,129.18,70.35,61.9,39.19,2.87,39.63,3.74,0.48,0,0.599,29.0,descent,poor,Work on symmetry.
SES_JAV_ELI_0012,athlete_31,89,javelin,109.22,106.88,151.25,134.87,165.94,172.68,117.3,137.91,74.7,77.04,40.05,3.17,27.15,6.74,0.48,0,0.741,93.4,descent,elite,Great form! Maintain position.
SES_JAV_POO_0015,athlete_44,26,javelin,123.49,145.97,116.74,178,102.15,140.23,107.81,172.36,84.8,66.87,52.55,0.91,32.08,1.33,0.39,0,0.5,46.2,descent,poor,LOWER HIPS!
SES_CRI_POO_0019,athlete_57,50,cricket_bat,169.47,166.12,147.62,144.81,166.81,116.63,169.31,106.43,87.7,75.03,31.33,0.5,21.88,3.33,0.6,0,0.608,28.6,descent,poor,Work on symmetry.
SES_SNA_GOO_0005,athlete_02,60,snatch,98.54,92.52,92.29,115.27,45.97,68.51,162.82,161.17,77.24,99.53,22.07,3.94,38.8,-1.78,0.59,0,0.822,89,descent,good,Extend hips fully.
SES_CRI_ELI_0016,athlete_32,83,cricket_bat,115.09,119.9,128.52,135.08,85.11,96.91,123.37,146.63,96.51,83.24,22.12,2.67,32.08,1.41,0.48,0,0.793,92.6,descent,elite,Great form! Maintain position.
SES_SNA_GOO_0005,athlete_36,56,snatch,86.54,111.24,123.6,113.7,43.42,60.01,180,178.89,71.26,89.38,22.34,3.03,18.17,2.41,0.43,0,0.809,81.4,setup,good,"Good depth, push harder through the heels."
SES_CRI_POO_0019,athlete_16,45,cricket_bat,175,164.73,178,175.81,176.04,73.82,139.3,180,76.44,78.52,21.98,3.33,28.17,-0.08,0.54,0,0.599,50.4,setup,poor,Work on symmetry.
SES_VER_POO_0003,athlete_62,30,vertical_jump,126.42,115.86,133.97,134.07,106.7,90.26,136.56,179.54,47.87,73.98,48.72,2.73,21.9,-2.99,0.42,16.6,0.675,20,takeoff,poor,Work on symmetry.
SES_SNA_AVE_0006,athlete_69,79,snatch,131.67,110.3,102.7,125.87,88.27,69.8,166.09,178.41,75.05,68.53,56.65,2.1,18.32,0.59,0.51,0,0.716,62.8,setup,average,Lower your hips.
SES_JAV_ELI_0012,athlete_11,39,javelin,125.38,108.88,151.67,136.67,164.02,159.35,133.3,142.32,75.97,89.92,31.5,2.28,27.1,1.7,0.58,0,0.711,94.6,descent,elite,Great form! Maintain position.
SES_SNA_GOO_0005,athlete_67,54,snatch,103.2,93.19,120.39,92.56,41.35,43.12,171.63,180,77.63,81.54,26.27,1.49,32.46,5.97,0.49,0,0.802,84.7,setup,good,"Good depth, push harder through the heels."
SES_VER_POO_0003,athlete_16,12,vertical_jump,143.98,133.36,140.04,138.88,132.84,71.29,104.15,155.88,62.74,41.07,48.9,4.06,36.86,5.55,0.53,19.0,0.675,25.0,takeoff,poor,Adjust knee alignment.
SES_SPR_POO_0011,athlete_16,26,sprint,100.91,79.85,172.92,117.63,104.22,117.77,87.9,94.06,110.23,82.93,51.84,2.33,14.78,0.57,0.39,0,0.561,20,setup,poor,LOWER HIPS!
SES_VER_POO_0003,athlete_31,27,vertical_jump,150.19,116.8,135.14,151.43,92.96,83.93,180,166.72,80.28,59.09,53.45,1.13,30.07,-1.98,0.31,32.8,0.601,40.0,flight,poor,LOWER HIPS!
SES_JAV_POO_0015,athlete_35,76,javelin,175,169.21,175.35,147.74,133.2,137.52,114.22,180,69.58,70.26,63.49,0,12.0,7.48,0.5,0,0.543,41.4,descent,poor,Critical form deviation.
SES_CRI_AVE_0018,athlete_63,41,cricket_bat,164.4,134.82,178,164.05,116.16,109.59,151.21,152.18,78.28,75.77,31.19,0.5,23.24,0.74,0.56,0,0.643,68.5,setup,average,Activate core more.
SES_JAV_POO_0015,athlete_05,19,javelin,122.8,156.8,169.49,176.42,155.34,108.44,180,153.47,63.02,63.57,43.65,2.17,20.33,2.89,0.36,0,0.523,23.4,descent,poor,Work on symmetry.
SES_CRI_AVE_0018,athlete_65,54,cricket_bat,131.46,152.58,178,165.46,102.8,117.49,179.93,142.05,101.68,98.48,39.6,0.04,20.28,1.99,0.45,0,0.657,55,setup,average,Activate core more.
SES_SPR_GOO_0009,athlete_15,35,sprint,49.34,48.21,131.87,106.3,68.37,82.05,84.56,94.9,69.34,58.59,30.12,0,36.32,0.34,0.58,0,0.785,78.8,descent,good,"Good depth, push harder through the heels."
SES_CRI_ELI_0016,athlete_53,59,cricket_bat,121.92,115.24,143.3,139.72,75.6,91.71,153.65,148.75,99.49,89.07,26.75,2.42,32.61,1.03,0.57,0,0.796,94.6,setup,elite,Elite biomechanics detected.
SES_VER_AVE_0002,athlete_46,82,vertical_jump,89.41,105.8,108.52,131.26,88.43,78.22,77.84,129.01,64.23,85.94,34.71,2.81,26.2,-2.31,0.49,33.5,0.702,67.2,descent,average,Lower your hips.
SES_CRI_ELI_0016,athlete_76,63,cricket_bat,129.73,114.61,140.99,144.49,62.64,90.67,140.54,135.95,97.56,83.34,23.1,2.15,31.19,1.02,0.54,0,0.778,94.1,descent,elite,Hold this form.
SES_VER_GOO_0001,athlete_03,44,vertical_jump,102.63,95.53,123.76,100.34,75.76,73.12,132.77,122.16,73.13,81.52,30.91,2.99,25.92,3.96,0.43,50.2,0.802,86.0,landing,good,"Good depth, push harder through the heels."
SES_SPR_AVE_0010,athlete_28,21,sprint,76.68,77.72,132.05,115.52,94.44,93.04,121.94,115.5,82.82,90.11,27.52,0.26,29.2,1.36,0.63,0,0.758,65.4,setup,average,Lower your hips.
SES_SNA_GOO_0005,athlete_16,36,snatch,106.52,89.66,117.05,101.59,52.9,54.81,178.37,160.01,81.13,91.29,33.49,1.93,14.61,1.53,0.48,0,0.813,80.9,descent,good,"Good depth, push harder through the heels."
SES_JAV_AVE_0014,athlete_57,95,javelin,140.98,140.92,148.8,161.99,157.29,159.48,153.06,141.69,91.27,72.28,54.28,1.19,14.63,4.79,0.45,0,0.655,56.8,descent,average,Lower your hips.
SES_CRI_AVE_0018,athlete_37,35,cricket_bat,158.65,171.88,169.6,163.28,135.9,108.82,142.07,180,84.86,81.35,28.49,2.18,24.98,5.19,0.5,0,0.686,59.8,descent,average,Control trunk lean.
SES_CRI_GOO_0017,athlete_26,33,cricket_bat,112.5,120.65,154.18,136.69,89.62,88.37,143.43,148.07,104.43,78.85,45.17,2.4,29.62,2.27,0.43,0,0.726,86.9,descent,good,Extend hips fully.
SES_SPR_POO_0011,athlete_26,28,sprint,76.96,90.33,132.66,136.23,119.3,76.56,120.41,149.52,105.09,87.66,28.1,2.41,28.03,0.69,0.3,0,0.668,46.1,setup,poor,Critical form deviation.
SES_CRI_ELI_0016,athlete_78,17,cricket_bat,119.79,119.97,134.57,151.02,73.13,77.04,140.56,157.87,84.81,92.54,20.57,2.01,32.07,-5.28,0.62,0,0.787,98.3,descent,elite,Elite biomechanics detected.
SES_JAV_POO_0015,athlete_20,36,javelin,145.83,154.76,178,178,138.93,107.53,105.03,180,83.92,71.17,80,3.47,17.13,2.47,0.57,0,0.583,41.8,descent,poor,Adjust knee alignment.
SES_SPR_ELI_0008,athlete_40,86,sprint,50.85,40.57,81.12,97.28,65.96,85.7,85.95,96.89,75.61,84.3,21.11,3.89,44.52,4.21,0.5,0,0.79,90,descent,elite,Great form! Maintain position.
SES_CRI_POO_0019,athlete_54,59,cricket_bat,175,175,158.6,172.54,152.17,114.57,164.83,180,69.84,80.77,43.21,2.81,24.15,1.77,0.46,0,0.596,36.6,descent,poor,Critical form deviation.
SES_SPR_ELI_0008,athlete_06,47,sprint,64.5,51.75,88.09,88.11,69.44,63.56,83.13,94.75,68.4,85.24,23.05,4.16,21.17,-0.89,0.48,0,0.841,92.0,setup,elite,Elite biomechanics detected.
SES_SPR_POO_0011,athlete_19,24,sprint,96.9,79.85,150.24,147.86,70.62,118.17,106.3,111.31,76.31,76.58,50.45,2.07,28.86,2.41,0.52,0,0.662,50.2,setup,poor,LOWER HIPS!
SES_JAV_POO_0015,athlete_13,82,javelin,127.49,140.33,133.76,167.53,125.84,126.03,168.06,152.99,89.46,78.59,47.37,1.86,25.88,3.56,0.33,0,0.512,33.3,descent,poor,LOWER HIPS!
SES_SPR_GOO_0009,athlete_72,41,sprint,61.93,44.18,99.92,106.59,85.7,101.4,116.14,73.03,65.67,73.4,19.44,3.97,22.71,5.83,0.49,0,0.745,85.6,setup,good,Extend hips fully.
SES_JAV_AVE_0014,athlete_50,75,javelin,129.67,120.06,157.92,149.51,130.7,143.99,119.71,160.92,76.93,78.84,63.41,3.3,16.49,0.3,0.44,0,0.642,62.2,descent,average,Control trunk lean.
SES_SNA_GOO_0005,athlete_20,96,snatch,103.31,108.19,107.51,106.21,41.39,33.53,173.66,175.6,90.93,79.42,28.78,3.28,20.35,6.81,0.41,0,0.883,82.9,setup,good,Extend hips fully.
SES_SNA_POO_0007,athlete_60,14,snatch,152.85,134.76,154.54,110.11,34.42,68.67,159.5,135.99,80.71,69.32,56.21,1.08,24.3,0.91,0.57,0,0.598,46.3,setup,poor,LOWER HIPS!
SES_SNA_GOO_0005,athlete_72,39,snatch,113.69,93.16,109.69,103.19,43.26,59.07,170.64,160.1,90.21,87.1,38.91,3.03,26.74,1.47,0.58,0,0.828,85.2,descent,good,"Good depth, push harder through the heels."
SES_SPR_GOO_0009,athlete_32,50,sprint,62.41,74.02,103.07,108.7,105.98,92.6,90.39,86.88,77.74,86.99,2.11,2.95,40.71,2.4,0.54,0,0.787,85.1,descent,good,Slight asymmetry detected.
SES_SPR_ELI_0008,athlete_71,17,sprint,44.78,38.89,94.8,96.53,72.9,100.79,80.73,85.61,66.74,77.78,15.91,2.65,33.14,1.67,0.53,0,0.855,95.8,descent,elite,Elite biomechanics detected.
SES_CRI_ELI_0016,athlete_63,60,cricket_bat,116.75,122.63,141.37,154.22,95.99,91.92,145.68,149.11,87.56,89.4,24.04,3.77,41.14,-0.51,0.45,0,0.781,96.8,setup,elite,Great form! Maintain position.
SES_SPR_ELI_0008,athlete_11,91,sprint,38.74,49.77,81.67,99.02,81.39,60.92,78.66,90.68,70.28,68.73,12.79,1.14,29.55,-0.28,0.44,0,0.781,91.1,descent,elite,Elite biomechanics detected.
SES_CRI_AVE_0018,athlete_75,78,cricket_bat,168.29,134.45,170.62,172.86,126.08,72.49,180,150.84,89.98,83.75,47.85,3.93,43.92,2.04,0.55,0,0.656,64.5,descent,average,Lower your hips.
SES_SPR_POO_0011,athlete_28,49,sprint,104.84,86.82,159.09,140.68,125.74,95.37,116.91,136.53,94.35,81.19,43.95,0.71,35.49,3.24,0.43,0,0.634,36.5,descent,poor,LOWER HIPS!
SES_SPR_ELI_0008,athlete_36,35,sprint,43.71,49.17,107.66,94.43,67.29,76.44,98.6,90.32,84.32,70.39,14.12,3.67,35.43,3.21,0.62,0,0.83,96.5,descent,elite,Hold this form.
SES_JAV_GOO_0013,athlete_28,15,javelin,100.53,120.47,147.9,150.22,135.32,162.95,118.97,119.01,97.45,83.28,50.12,0.81,39.68,3.85,0.41,0,0.686,76.7,setup,good,"Good depth, push harder through the heels."
SES_SPR_POO_0011,athlete_48,86,sprint,70.02,84.79,143.97,149.61,107.76,90.73,140.81,147.67,91.72,102.15,53.98,1.64,17.32,7.05,0.44,0,0.656,51.4,descent,poor,Critical form deviation.
SES_VER_GOO_0001,athlete_31,0,vertical_jump,84.13,97.67,105.14,105.66,61.3,56.66,93.51,124.06,93.33,85.96,18.12,3.38,21.98,8.97,0.5,40.6,0.837,76.8,flight,good,"Good depth, push harder through the heels."
SES_VER_ELI_0000,athlete_63,32,vertical_jump,100.75,89.77,99.71,104.78,60.86,49.24,148.15,117.23,86.23,96.42,10.64,3.36,30.95,6.46,0.53,59.7,0.913,93.4,setup,elite,Hold this form.
SES_VER_AVE_0002,athlete_01,68,vertical_jump,108.01,112.02,115.63,112.39,63.89,116.11,74.75,162.7,54.01,68.93,22.59,2.54,48.43,2.45,0.45,33.8,0.781,60.4,descent,average,Lower your hips.
SES_SPR_AVE_0010,athlete_64,4,sprint,70.78,83.04,119.94,123.81,93.84,106.11,110.85,119.09,99.19,68.78,28.23,0.92,22.75,3.89,0.55,0,0.746,65.2,setup,average,Control trunk lean.
SES_SNA_GOO_0005,athlete_57,63,snatch,90.63,107.3,132.46,103.23,45.65,58.71,170.13,178.3,84.73,71.91,20.41,1.38,28.26,-0.06,0.55,0,0.787,89,descent,good,Extend hips fully.
SES_VER_POO_0003,athlete_73,42,vertical_jump,151.65,128.8,136.22,135.99,96.72,73.97,180,146.38,62.03,68.97,36.47,3.08,15.68,3.71,0.3,14.4,0.654,28.2,takeoff,poor,Work on symmetry.
SES_VER_AVE_0002,athlete_18,44,vertical_jump,116.68,123.68,114.9,123.25,62.25,50.78,129.91,120.84,76.17,66.45,15.54,1.3,20.83,5.78,0.44,33.0,0.763,58.2,flight,average,Lower your hips.
SES_SNA_GOO_0005,athlete_66,86,snatch,98.47,93.67,101.92,113.71,52.88,36.34,169.86,171.63,83.92,81.03,15.22,2.29,22.85,4.91,0.55,0,0.854,76.6,descent,good,Slight asymmetry detected.
SES_CRI_POO_0019,athlete_47,53,cricket_bat,149.65,137.8,178,163.99,101.8,152.73,154.4,180,89.8,94.88,64.58,2.82,32.6,1.78,0.41,0,0.573,35.2,setup,poor,Adjust knee alignment.
SES_JAV_AVE_0014,athlete_04,16,javelin,132.86,122.29,163.43,139.68,124.93,161.19,143.5,151.38,93.45,79.69,52.53,2.45,31.98,0.47,0.57,0,0.613,70.8,descent,average,Lower your hips.
SES_JAV_ELI_0012,athlete_45,84,javelin,111.76,106.18,161.26,143.81,164.73,173.91,128.26,125.02,88.57,82.33,33.51,1.62,48.92,2.28,0.53,0,0.733,93.1,descent,elite,Hold this form.
SES_JAV_AVE_0014,athlete_50,35,javelin,140.71,133.33,162.69,165.71,117.84,140.43,135.71,160.7,80.97,74.02,45.91,1.6,24.65,3.52,0.49,0,0.659,57.5,descent,average,Lower your hips.
SES_SPR_AVE_0010,athlete_45,30,sprint,73.89,74.87,115.27,119.09,75.27,92.77,140.36,116.27,97.25,90.29,27.83,1.07,29.15,1.84,0.47,0,0.786,55,descent,average,Lower your hips.
SES_SPR_POO_0011,athlete_34,47,sprint,89.52,102.74,140.9,135.17,109.76,88.88,116.91,127.94,76.54,88.38,34.26,0.71,18.58,3.43,0.43,0,0.669,41.4,descent,poor,Adjust knee alignment.
SES_JAV_AVE_0014,athlete_15,54,javelin,130.55,113.39,166.32,165.98,93.92,138.19,154.45,142.67,61.07,86.52,37.08,3.42,16.14,-1.42,0.5,0,0.64,62.1,descent,average,Control trunk lean.
SES_SNA_ELI_0004,athlete_31,37,snatch,94.81,93.04,84.87,100.34,43.53,35.65,176.76,171.49,99.29,97.66,23.46,1.29,48.69,0.6,0.55,0,0.898,96.6,setup,elite,Hold this form.
SES_SPR_GOO_0009,athlete_60,21,sprint,60.28,52.07,111.7,90.45,63.48,85.3,109.2,112.85,76.63,75.72,20.73,1.69,10.96,1.03,0.58,0,0.752,77.4,setup,good,Slight asymmetry detected.
SES_CRI_ELI_0016,athlete_11,39,cricket_bat,104.58,117.59,140.44,147.44,67.81,76.26,126.35,134.39,76.01,94.15,19.94,0.81,32.63,-2.18,0.49,0,0.773,97.7,setup,elite,Elite biomechanics detected.
SES_VER_POO_0003,athlete_23,97,vertical_jump,124.85,142.68,144.32,134.84,88.77,30.52,129.36,158.69,87.22,73.53,32.57,3.96,22.24,6.6,0.44,10.6,0.643,20,flight,poor,Adjust knee alignment.
SES_SPR_AVE_0010,athlete_31,5,sprint,56.89,80.54,131.15,105.37,115.47,85.98,122.37,127.82,59.65,68.53,42.85,0,11.4,1.71,0.56,0,0.653,58.7,descent,average,Lower your hips.
SES_SNA_AVE_0006,athlete_60,13,snatch,84.96,110.59,130.93,118.64,77.03,61.35,166.99,163.17,81.21,84.97,17.38,3.78,29.52,3.32,0.52,0,0.722,70.9,descent,average,Activate core more.
SES_JAV_AVE_0014,athlete_09,96,javelin,141.52,129.84,165.14,159.18,130.25,165.04,130.72,161.53,65.45,76.99,53.53,1.43,31.1,-1.64,0.3,0,0.644,74,descent,average,Activate core more.
SES_VER_GOO_0001,athlete_48,80,vertical_jump,104.0,111.5,114.04,102.67,51.56,74.34,113.47,117.62,91.69,86.9,11.01,0.01,35.18,5.33,0.51,50.3,0.83,84.8,flight,good,Extend hips fully.
SES_VER_POO_0003,athlete_16,51,vertical_jump,98.35,138.25,119.83,143.5,78.62,94.99,163.04,156.29,62.6,54.81,53.66,1.68,12.56,2.26,0.36,23.2,0.564,33.4,descent,poor,Critical form deviation.
SES_VER_GOO_0001,athlete_32,77,vertical_jump,87.17,90.79,106.23,111.56,78.48,94.09,133.12,103.92,78.0,95.76,15.95,1.82,19.38,7.86,0.47,33.4,0.854,81.4,takeoff,good,Slight asymmetry detected.
SES_SNA_ELI_0004,athlete_27,82,snatch,89.1,90.67,96.22,88.78,24.19,48.05,180,176.58,75.75,92.39,25.73,4.75,30.84,-5.51,0.59,0,0.922,97.7,descent,elite,Great form! Maintain position.
SES_SPR_ELI_0008,athlete_64,20,sprint,51.85,35.79,83.49,90.25,88.87,85.71,71.94,91.04,77.86,70.14,11.03,2.04,30.28,3.41,0.56,0,0.785,95.3,descent,elite,Hold this form.
SES_SPR_AVE_0010,athlete_73,60,sprint,65.62,75.7,121.01,115.93,118.31,98.91,116.77,126.37,83.03,85.18,20.6,2.29,23.05,5.87,0.56,0,0.747,56.9,descent,average,Lower your hips.
SES_JAV_POO_0015,athlete_06,95,javelin,129.83,135.12,162.19,171.94,125.72,112.57,178.19,162.64,65.72,76.15,52.28,1.55,27.88,-0.83,0.3,0,0.571,31.3,descent,poor,Work on symmetry.
SES_SPR_ELI_0008,athlete_38,56,sprint,44.76,54.05,90.69,87.99,72.17,77.34,84.84,88.23,65.82,71.54,7.97,0.79,33.63,3.54,0.46,0,0.84,94.4,setup,elite,Great form! Maintain position.
SES_SPR_ELI_0008,athlete_49,53,sprint,38.98,44.43,104.05,94.59,56.56,85.62,92.86,93.04,72.51,71.73,9.16,2.54,37.17,0.85,0.53,0,0.836,97.2,setup,elite,Elite biomechanics detected.
SES_JAV_GOO_0013,athlete_79,29,javelin,105.71,118.7,150.45,164.82,159.09,148.2,137.84,138.01,92.6,77.57,40.01,0,14.86,4.36,0.57,0,0.681,76.8,setup,good,Extend hips fully.
SES_JAV_AVE_0014,athlete_32,77,javelin,116.94,110.14,175.29,152.25,127.86,160.45,180,138.93,82.98,74.38,35.27,1.86,35.89,5.16,0.48,0,0.623,68.0,descent,average,Control trunk lean.
SES_SPR_POO_0011,athlete_70,16,sprint,88.42,109.06,115.39,120.42,110.47,102.66,101.75,131.15,90.16,107.78,42.15,2.07,25.39,7.64,0.52,0,0.651,37.6,descent,poor,LOWER HIPS!
SES_SNA_POO_0007,athlete_06,54,snatch,116.81,141.85,156.21,166.6,74.7,67.98,152.91,164.27,69.13,59.59,65.33,0.3,21.69,1.47,0.4,0,0.648,38.0,setup,poor,Adjust knee alignment.
SES_VER_GOO_0001,athlete_31,8,vertical_jump,90.3,107.93,98.08,95.4,88.98,70.63,154.49,131.46,73.5,85.97,14.59,6.08,39.57,2.59,0.45,32.7,0.823,83.2,landing,good,"Good depth, push harder through the heels."
SES_JAV_ELI_0012,athlete_48,66,javelin,87.56,105.45,160.0,154.27,162.41,160.61,142.71,119.6,83.65,91.28,40.16,1.37,33.15,-1.69,0.49,0,0.718,95.1,descent,elite,Elite biomechanics detected.
SES_CRI_GOO_0017,athlete_51,85,cricket_bat,138.99,140.62,149.35,149.35,98.59,87.64,163.59,150.77,89.73,80.55,33.84,3.68,22.68,2.94,0.59,0,0.777,81.7,descent,good,Extend hips fully.
SES_JAV_POO_0015,athlete_52,70,javelin,160.21,151.72,168.5,173.33,140.34,113.58,148.6,177.67,46.8,70.76,80,3.11,32.06,2.5,0.38,0,0.576,42.5,descent,poor,LOWER HIPS!
SES_SNA_AVE_0006,athlete_34,66,snatch,112.63,109.59,111.4,141.18,91.83,76.79,159.41,157.81,63.85,67.89,37.81,1.36,9.84,-1.51,0.41,0,0.749,70.0,setup,average,Activate core more.
SES_CRI_ELI_0016,athlete_59,65,cricket_bat,121.8,127.98,159.64,126.13,88.73,80.73,135.74,151.69,89.09,91.15,3.31,3.7,44.44,-0.77,0.43,0,0.743,98.0,setup,elite,Great form! Maintain position.
SES_SNA_GOO_0005,athlete_62,7,snatch,103.55,92.97,102.39,110.63,48.93,63.2,158.41,176.37,86.83,100.45,31.22,2.59,29.38,2.22,0.5,0,0.847,79.4,setup,good,Slight asymmetry detected.
SES_SNA_POO_0007,athlete_16,8,snatch,131.06,147.84,132.19,140.13,94.71,96.57,137.83,157.87,44.8,64.53,63.53,0,28.21,5.97,0.48,0,0.669,36.0,descent,poor,Work on symmetry.
SES_CRI_POO_0019,athlete_14,55,cricket_bat,153.59,155.62,163.24,155.65,105.71,142.34,180,180,86.6,64.67,37.2,4.28,24.35,4.4,0.44,0,0.602,38.7,setup,poor,Critical form deviation.
SES_SNA_AVE_0006,athlete_52,26,snatch,130.13,98.37,121.17,101.85,37.97,97.24,160.16,175.65,79.51,97.73,50.69,2.49,31.24,1.87,0.49,0,0.699,61.4,descent,average,Activate core more.
SES_JAV_ELI_0012,athlete_57,82,javelin,86.52,106.01,150.54,151.01,179.37,161.38,111.06,133.11,77.35,83.01,26.55,2.68,36.08,-0.8,0.45,0,0.724,93.5,descent,elite,Great form! Maintain position.
SES_VER_GOO_0001,athlete_73,5,vertical_jump,77.83,97.7,95.37,105.47,86.45,63.88,116.19,108.94,93.79,83.15,30.79,0,28.06,1.12,0.4,42.0,0.79,84.1,descent,good,"Good depth, push harder through the heels."
SES_SNA_ELI_0004,athlete_18,7,snatch,89.23,82.2,110.37,110.39,33.58,59.62,178.11,177.79,97.29,87.26,30.39,2.98,23.48,1.32,0.52,0,0.926,93.5,descent,elite,Great form! Maintain position.
SES_SNA_ELI_0004,athlete_56,93,snatch,95.45,93.48,95.79,104.38,37.66,47.97,176.92,178.93,83.23,94.1,11.82,4.32,36.79,3.83,0.54,0,0.919,96.8,descent,elite,Hold this form.
SES_CRI_GOO_0017,athlete_31,65,cricket_bat,120.41,139.83,151.75,150.31,110.74,93.69,146.22,135.09,92.81,98.26,16.33,5.22,40.88,0.38,0.52,0,0.735,85.9,setup,good,Extend hips fully.
SES_CRI_GOO_0017,athlete_23,1,cricket_bat,121.63,113.71,148.52,132.8,94.49,111.06,168.34,149.9,65.7,88.78,29.78,3.26,31.44,-0.12,0.57,0,0.729,75,setup,good,Extend hips fully.
SES_JAV_AVE_0014,athlete_28,38,javelin,139.81,142.21,146.98,166.33,161.54,148.27,180,150.23,88.37,78.12,58.68,0,32.2,0.11,0.44,0,0.64,72.9,descent,average,Activate core more.
SES_CRI_ELI_0016,athlete_44,46,cricket_bat,116.35,122.9,147.73,149.44,76.72,88.99,154.18,115.08,92.59,92.97,27.96,0,33.13,0.11,0.61,0,0.801,98.3,setup,elite,Great form! Maintain position.
SES_VER_AVE_0002,athlete_68,92,vertical_jump,120.43,109.89,106.81,121.77,90.51,71.33,123.76,145.7,90.63,78.92,46.71,0.4,39.65,-1.31,0.46,32.9,0.737,63.9,landing,average,Control trunk lean.
SES_VER_GOO_0001,athlete_17,76,vertical_jump,107.85,89.49,94.63,106.14,86.25,84.29,168.32,126.43,89.56,81.83,32.0,4.0,14.68,2.42,0.42,47.6,0.796,76.7,flight,good,Extend hips fully.
SES_VER_AVE_0002,athlete_50,70,vertical_jump,109.17,133.93,121.29,121.04,101.96,64.49,153.34,138.31,74.01,73.7,36.78,4.06,35.81,-2.89,0.43,19.0,0.744,59.7,takeoff,average,Control trunk lean.
SES_SNA_AVE_0006,athlete_51,78,snatch,120.84,123.98,132.31,118.67,90.53,68.13,153.32,144.46,97.07,85.06,57.52,2.66,43.91,-0.31,0.52,0,0.781,67.7,descent,average,Activate core more.
SES_SNA_POO_0007,athlete_09,5,snatch,136.73,152.46,150.54,136.99,80.63,98.41,140.79,170.7,61.44,60.75,42.15,1.8,20.2,0.59,0.59,0,0.662,33.8,descent,poor,LOWER HIPS!
SES_CRI_POO_0019,athlete_03,77,cricket_bat,143.25,144.76,172.64,163.8,124.11,159.14,165.46,174.61,78.36,78.24,58.77,1.06,23.01,1.75,0.38,0,0.602,28.3,setup,poor,Work on symmetry.
SES_SPR_AVE_0010,athlete_16,88,sprint,83.28,70.65,118.27,106.16,89.66,79.99,132.74,102.17,82.29,86.23,28.06,2.35,16.43,2.34,0.51,0,0.724,73.0,descent,average,Activate core more.
SES_SPR_POO_0011,athlete_27,43,sprint,113.29,78.11,162.63,131.1,124.61,134.69,115.11,116.15,84.12,103.27,34.6,0,24.03,0.97,0.36,0,0.569,36.2,setup,poor,Critical form deviation.
SES_SPR_AVE_0010,athlete_08,51,sprint,73.71,62.03,110.48,119.44,106.97,96.66,121.34,97.76,75.86,92.06,16.32,4.07,25.27,-1.43,0.6,0,0.73,64.2,descent,average,Activate core more.
SES_SPR_ELI_0008,athlete_70,43,sprint,42.65,38.22,79.88,87.32,68.59,76.72,108.83,102.13,82.44,64.63,21.88,1.43,24.09,1.02,0.63,0,0.843,93.7,setup,elite,Great form! Maintain position.
SES_SPR_POO_0011,athlete_36,91,sprint,93.19,90.47,142.08,119.69,123.96,131.03,141.19,130.23,77.68,99.31,24.66,1.64,14.9,2.43,0.43,0,0.664,26.5,setup,poor,Work on symmetry.
SES_SNA_POO_0007,athlete_26,21,snatch,95.95,112.7,146.02,129.67,48.25,72.1,54.21,142.28,49.86,70.44,71.17,4.3,18.89,6.16,0.44,0,0.642,25.0,setup,poor,Critical form deviation.
SES_CRI_ELI_0016,athlete_04,36,cricket_bat,130.25,132.73,125.3,124.21,79.56,81.46,149.36,171.8,81.55,84.62,22.12,1.19,35.4,7.84,0.49,0,0.812,96.2,setup,elite,Great form! Maintain position.
SES_JAV_GOO_0013,athlete_52,13,javelin,96.21,98.25,167.59,128.08,178.33,149.21,145.54,131.22,66.06,71.61,23.58,3.44,30.87,-0.24,0.48,0,0.663,84.7,setup,good,Slight asymmetry detected.
SES_SPR_AVE_0010,athlete_30,94,sprint,65.4,59.34,115.57,112.87,114.49,92.87,136.31,111.25,74.21,93.61,36.4,2.53,19.96,1.53,0.32,0,0.765,74,setup,average,Control trunk lean.
SES_VER_GOO_0001,athlete_52,61,vertical_jump,100.81,114.37,125.22,90.99,85.46,65.28,119.78,137.16,91.54,83.99,32.47,1.86,11.52,5.74,0.42,39.9,0.762,81.8,descent,good,Extend hips fully.
SES_SPR_POO_0011,athlete_56,23,sprint,98.08,89.03,112.92,150.7,79.63,106.77,113.46,134.44,87.5,96.0,28.4,2.98,17.9,6.8,0.43,0,0.617,38.5,descent,poor,Critical form deviation.
SES_SPR_ELI_0008,athlete_35,40,sprint,59.39,47.41,88.02,87.73,79.59,66.32,80.2,85.68,61.74,66.77,9.84,2.78,39.53,3.23,0.52,0,0.838,95.8,descent,elite,Hold this form.
SES_CRI_AVE_0018,athlete_12,65,cricket_bat,143.3,153.14,147.07,153.59,100.99,110.68,163.09,164.74,72.46,79.87,27.43,5.35,19.1,1.41,0.49,0,0.688,61.7,setup,average,Lower your hips.
SES_SPR_POO_0011,athlete_30,65,sprint,116.37,87.03,142.09,127.28,90.01,128.79,148.21,98.6,74.16,87.1,20.14,0.52,17.55,0.4,0.53,0,0.613,28.5,setup,poor,Critical form deviation.
SES_SPR_ELI_0008,athlete_55,46,sprint,39.18,45.22,75.74,95.05,87.37,70.36,82.8,83.26,45.72,60.68,10.94,1.43,47.8,6.39,0.58,0,0.799,96.7,setup,elite,Elite biomechanics detected.
SES_SPR_GOO_0009,athlete_07,86,sprint,55.94,51.15,98.57,107.41,89.49,79.47,102.4,93.71,75.01,73.74,27.06,3.18,13.97,2.28,0.48,0,0.8,82.4,setup,good,Extend hips fully.
SES_SNA_AVE_0006,athlete_18,6,snatch,109.35,110.35,101.79,111.16,80.39,61.4,154.8,169.55,82.75,68.24,40.61,3.23,19.34,3.09,0.53,0,0.792,63.2,descent,average,Lower your hips.
SES_SNA_ELI_0004,athlete_69,86,snatch,96.89,90.29,107.67,101.86,33.4,36.91,178.09,178.83,96.43,94.79,32.43,2.29,34.31,1.87,0.49,0,0.913,95.3,descent,elite,Great form! Maintain position.
SES_JAV_ELI_0012,athlete_05,53,javelin,93.22,111.79,145.38,131.69,169.67,180,142.79,110.59,83.23,80.99,25.71,3.61,37.66,0.26,0.63,0,0.702,95.4,setup,elite,Hold this form.
SES_CRI_GOO_0017,athlete_01,45,cricket_bat,130.89,124.95,153.5,165.02,112.19,89.04,135.68,154.96,96.11,71.82,15.48,2.4,21.15,0.63,0.54,0,0.745,88.1,setup,good,Slight asymmetry detected.
SES_VER_GOO_0001,athlete_31,33,vertical_jump,86.66,106.77,103.01,109.11,79.62,56.72,113.92,134.44,91.2,93.77,5.95,3.27,15.42,0.84,0.57,32.4,0.807,81.7,descent,good,"Good depth, push harder through the heels."
SES_SPR_ELI_0008,athlete_42,28,sprint,36.55,45.88,72.33,96.53,91.23,84.89,87.08,91.61,77.2,61.73,12.1,4.59,30.42,-1.84,0.55,0,0.764,96.8,setup,elite,Hold this form.
SES_SNA_POO_0007,athlete_21,51,snatch,123.48,142.43,152.28,139.62,114.97,82.43,112.35,140.09,69.1,84.43,37.07,3.76,13.4,3.43,0.44,0,0.655,46.5,descent,poor,Adjust knee alignment.
SES_VER_GOO_0001,athlete_48,64,vertical_jump,94.74,100.69,113.34,117.73,92.19,63.36,125.95,117.57,87.25,95.81,30.38,0.21,19.57,2.54,0.48,52.0,0.851,81.6,takeoff,good,Extend hips fully.
SES_SNA_ELI_0004,athlete_05,60,snatch,90.24,84.6,104.74,89.1,51.6,46.09,178.68,177.22,91.3,92.88,20.49,3.84,44.89,3.61,0.52,0,0.886,92.8,setup,elite,Hold this form.
SES_CRI_ELI_0016,athlete_03,45,cricket_bat,137.05,112.72,146.31,143.19,92.17,74.32,133.35,142.5,93.34,97.8,16.29,2.8,50.04,-2.01,0.53,0,0.76,92.4,descent,elite,Hold this form.
SES_VER_AVE_0002,athlete_04,20,vertical_jump,117.96,124.36,143.27,132.75,83.2,60.67,151.71,139.77,74.06,78.54,21.91,1.57,32.23,0.76,0.49,41.7,0.763,68.6,takeoff,average,Lower your hips.
SES_JAV_AVE_0014,athlete_02,85,javelin,135.12,129.5,161.93,168.31,160.55,139.46,146.6,167.83,87.3,76.79,33.46,3.61,33.03,4.42,0.56,0,0.656,61.7,setup,average,Control trunk lean.
SES_SNA_GOO_0005,athlete_77,78,snatch,94.55,104.1,122.33,111.17,23.39,34.72,169.06,177.15,90.4,89.59,35.04,2.15,31.07,2.96,0.47,0,0.845,75.6,descent,good,Extend hips fully.
SES_CRI_POO_0019,athlete_21,14,cricket_bat,175,163.71,177.88,164.4,131.1,123.3,180,150.42,85.76,74.78,30.96,2.57,19.83,5.93,0.39,0,0.578,49.4,setup,poor,Adjust knee alignment.
SES_VER_POO_0003,athlete_20,41,vertical_jump,135.92,147.05,156.31,147.09,93.39,64.55,155.69,114.28,52.35,43.07,51.72,2.77,14.76,-0.89,0.48,27.1,0.66,39.0,takeoff,poor,Critical form deviation.
SES_VER_ELI_0000,athlete_59,3,vertical_jump,91.04,90.63,113.08,93.29,75.27,73.95,129.59,124.12,82.79,83.07,7.24,5.03,42.14,-2.35,0.49,60.2,0.906,97.9,landing,elite,Hold this form.
SES_JAV_GOO_0013,athlete_77,21,javelin,106.13,106.12,137.25,170.34,151.13,165.53,106.78,141.98,91.54,76.72,35.14,3.01,29.98,2.63,0.46,0,0.682,83.2,descent,good,"Good depth, push harder through the heels."
SES_SNA_AVE_0006,athlete_12,28,snatch,117.97,97.85,116.63,136.0,66.58,67.25,165.73,171.54,75.45,84.32,20.81,1.92,22.07,5.68,0.52,0,0.726,70.4,setup,average,Lower your hips.
SES_SPR_POO_0011,athlete_21,20,sprint,98.81,93.81,141.24,128.66,96.8,116.05,125.9,135.27,84.69,93.52,47.87,3.29,26.57,3.39,0.38,0,0.678,32.2,descent,poor,Work on symmetry.
SES_SPR_ELI_0008,athlete_20,49,sprint,42.77,45.7,86.52,87.31,104.84,70.08,89.41,81.81,71.8,71.95,7.75,3.36,35.32,2.86,0.39,0,0.878,97.8,descent,elite,Elite biomechanics detected.
SES_JAV_GOO_0013,athlete_74,2,javelin,118.26,112.57,152.67,127.95,145.47,158.41,153.03,163.35,89.26,80.06,55.95,0,22.8,-0.95,0.59,0,0.677,83.3,descent,good,"Good depth, push harder through the heels."
SES_SNA_ELI_0004,athlete_19,19,snatch,80.41,92.96,96.82,112.09,38.67,44.1,178.09,172.73,95.33,101.86,25.96,0,32.78,-1.21,0.53,0,0.869,96.2,descent,elite,Elite biomechanics detected.
SES_VER_POO_0003,athlete_30,99,vertical_jump,109.83,144.16,153.41,143.46,75.65,80.76,61.38,103.88,81.9,62.45,50.64,2.87,30.22,2.2,0.43,22.1,0.609,28.5,flight,poor,LOWER HIPS!
SES_CRI_AVE_0018,athlete_29,83,cricket_bat,153.44,143.6,159.25,149.85,109.6,116.7,170.2,149.2,91.66,104.48,45.67,0.84,14.8,0.17,0.3,0,0.683,71.6,descent,average,Activate core more.
SES_SNA_GOO_0005,athlete_33,98,snatch,91.31,102.47,109.61,99.51,32.36,58.1,150.32,180,76.08,88.62,19.23,4.16,38.49,1.2,0.59,0,0.84,82.7,setup,good,Extend hips fully.
SES_VER_POO_0003,athlete_39,44,vertical_jump,136.47,139.7,151.55,138.96,114.9,92.25,180,152.93,60.59,56.65,25.19,2.38,17.76,-2.14,0.44,13.3,0.668,27.3,flight,poor,Work on symmetry.
SES_VER_POO_0003,athlete_48,65,vertical_jump,131.28,130.83,138.19,156.72,87.5,64.95,136.72,180,71.84,69.99,55.16,1.55,21.62,-0.97,0.41,25.4,0.664,28.8,flight,poor,Critical form deviation.
SES_CRI_POO_0019,athlete_42,63,cricket_bat,165.72,156.78,178,149.32,143.95,110.46,146.56,180,102.64,71.16,30.93,0,27.35,6.78,0.46,0,0.555,34.8,setup,poor,LOWER HIPS!
SES_JAV_POO_0015,athlete_45,60,javelin,175,150.89,174.48,149.94,112.51,128.69,160.07,173.49,43.58,61.19,53.51,0.49,23.29,-1.69,0.57,0,0.516,22.2,setup,poor,Work on symmetry.
SES_VER_AVE_0002,athlete_63,73,vertical_jump,117.8,113.98,107.52,136.65,85.2,103.55,120.62,136.29,72.74,77.37,12.25,3.57,28.41,2.48,0.5,42.9,0.726,64.0,takeoff,average,Control trunk lean.
SES_SPR_AVE_0010,athlete_78,29,sprint,87.36,71.42,131.92,131.38,89.04,97.67,123.31,130.23,88.66,86.98,21.98,3.71,21.32,7.86,0.36,0,0.744,70.4,setup,average,Control trunk lean.
SES_SNA_GOO_0005,athlete_71,2,snatch,86.77,97.26,116.46,97.35,57.62,54.32,169.23,178.54,61.92,94.77,16.9,1.12,20.38,5.54,0.48,0,0.818,79.9,setup,good,Slight asymmetry detected.
SES_VER_AVE_0002,athlete_40,21,vertical_jump,125.47,123.8,122.47,136.53,88.28,98.51,127.45,172.19,65.83,58.99,43.28,0.06,22.39,-2.8,0.51,36.6,0.765,61.0,takeoff,average,Activate core more.
SES_VER_POO_0003,athlete_08,98,vertical_jump,114.46,116.28,127.87,161.33,64.26,73.28,118.28,173.13,54.53,69.21,42.2,3.98,30.81,1.84,0.32,8.6,0.633,35.9,descent,poor,LOWER HIPS!
SES_JAV_GOO_0013,athlete_01,81,javelin,109.87,113.41,142.98,162.26,167.65,158.52,147.95,145.27,72.19,77.71,43.29,4.03,19.77,-0.3,0.58,0,0.695,87.5,setup,good,Slight asymmetry detected.
SES_VER_GOO_0001,athlete_09,35,vertical_jump,103.21,107.64,101.81,102.13,54.35,55.97,146.48,121.05,100.38,85.9,16.92,2.53,26.63,9.14,0.42,47.5,0.867,84.6,takeoff,good,Extend hips fully.
SES_VER_POO_0003,athlete_60,31,vertical_jump,153.97,139.5,134.27,147.44,107.97,106.52,164.53,131.68,85.83,63.43,49.06,2.99,16.04,2.64,0.45,9.7,0.645,32.8,descent,poor,LOWER HIPS!
SES_SNA_POO_0007,athlete_48,90,snatch,134.36,129.58,120.61,141.55,49.02,60.39,133.09,164.8,69.72,81.83,57.31,0,8.94,1.17,0.56,0,0.665,33.2,setup,poor,LOWER HIPS!
SES_SPR_AVE_0010,athlete_20,97,sprint,91.24,65.85,121.52,120.47,91.39,91.89,120.84,105.34,78.32,80.74,15.59,1.85,8.0,1.29,0.51,0,0.714,64.1,setup,average,Control trunk lean.
SES_SPR_AVE_0010,athlete_06,19,sprint,98.2,71.89,106.91,117.99,94.9,79.53,84.91,79.07,81.47,84.57,32.77,1.89,31.5,2.51,0.5,0,0.691,62.4,descent,average,Control trunk lean.
SES_SPR_GOO_0009,athlete_40,33,sprint,52.24,54.97,95.48,112.9,84.52,85.06,105.47,104.96,73.99,81.99,15.69,2.35,36.12,2.39,0.48,0,0.789,80.7,setup,good,"Good depth, push harder through the heels."
SES_SPR_ELI_0008,athlete_52,26,sprint,52.39,47.27,97.46,93.37,88.48,84.88,84.59,79.54,75.16,75.56,6.82,2.46,45.31,3.35,0.52,0,0.858,93.9,setup,elite,Elite biomechanics detected.
SES_JAV_GOO_0013,athlete_53,88,javelin,104.58,88.85,153.71,148.36,156.67,159.58,131.3,146.35,85.27,84.37,32.04,2.17,26.95,-1.9,0.6,0,0.684,79.6,descent,good,Slight asymmetry detected.
SES_JAV_POO_0015,athlete_41,28,javelin,147.33,140.21,146.66,173.18,149.1,155.47,144.93,172.68,31.62,65.92,77.33,0.53,24.12,0.72,0.49,0,0.54,29.8,descent,poor,Adjust knee alignment.
SES_VER_POO_0003,athlete_60,77,vertical_jump,125.6,118.98,143.88,131.88,85.94,99.05,167.42,162.94,106.46,50.54,22.58,3.3,27.47,6.24,0.43,20.9,0.659,40.0,descent,poor,Work on symmetry.
SES_CRI_POO_0019,athlete_79,29,cricket_bat,167.39,152.41,166.08,178,123.87,166.45,167.48,180,90.28,81.9,34.1,0.62,18.95,5.01,0.34,0,0.573,36.3,setup,poor,Work on symmetry.
SES_VER_ELI_0000,athlete_04,87,vertical_jump,85.15,94.06,92.27,100.09,68.63,65.9,103.18,105.69,85.07,81.07,11.73,0.07,35.66,1.46,0.52,56.1,0.908,96.0,takeoff,elite,Elite biomechanics detected.
SES_SPR_AVE_0010,athlete_70,13,sprint,56.04,74.87,124.17,118.94,108.87,59.29,131.76,114.61,84.45,92.64,24.76,1.57,25.04,1.2,0.44,0,0.712,65.3,setup,average,Lower your hips.
SES_SNA_AVE_0006,athlete_16,64,snatch,93.13,118.24,134.76,145.71,59.5,49.4,157.22,140.85,76.36,69.16,46.33,0.76,21.75,1.94,0.53,0,0.734,63.9,setup,average,Activate core more.
SES_JAV_ELI_0012,athlete_19,30,javelin,103.47,100.12,163.42,143.53,163.19,165.75,124.21,121.02,81.73,76.57,37.73,2.61,41.6,4.05,0.53,0,0.734,92.6,setup,elite,Great form! Maintain position.
SES_SPR_GOO_0009,athlete_26,67,sprint,36.8,44.08,98.82,116.48,82.68,79.49,93.11,96.74,82.87,80.7,25.93,0.89,37.11,2.6,0.5,0,0.755,82.2,setup,good,Slight asymmetry detected.
SES_SNA_ELI_0004,athlete_53,79,snatch,85.08,102.78,90.07,91.81,31.58,44.19,180,180,86.72,88.57,24.09,1.59,27.43,2.1,0.55,0,0.893,92.9,descent,elite,Great form! Maintain position.
SES_JAV_ELI_0012,athlete_17,51,javelin,105.82,103.41,154.28,166.44,171.36,162.03,114.23,140.52,96.68,81.94,40.02,3.17,27.11,7.14,0.49,0,0.751,94.2,descent,elite,Hold this form.
SES_CRI_AVE_0018,athlete_62,16,cricket_bat,151.97,139.99,154.07,150.44,121.39,105.68,155.45,172.4,77.83,94.09,52.09,3.11,30.1,3.24,0.63,0,0.689,63.2,setup,average,Activate core more.
SES_SPR_AVE_0010,athlete_05,27,sprint,63.01,69.64,116.44,116.42,118.24,83.24,117.65,118.41,97.19,96.63,29.87,3.61,30.84,0.84,0.66,0,0.771,64.6,descent,average,Lower your hips.
SES_CRI_POO_0019,athlete_20,89,cricket_bat,175,149.61,146.18,171.11,116.58,158.77,180,180,85.63,86.31,5.87,2.25,24.37,-0.25,0.41,0,0.533,39.8,setup,poor,Critical form deviation.
SES_VER_GOO_0001,athlete_53,13,vertical_jump,86.71,98.31,112.22,110.66,87.97,76.75,146.39,125.51,88.52,74.79,20.69,3.52,21.96,2.1,0.47,50.3,0.84,83.9,takeoff,good,Extend hips fully.
SES_JAV_ELI_0012,athlete_46,67,javelin,106.74,112.03,156.97,151.14,153.51,165.3,113.16,143.52,75.89,88.48,39.21,4.36,34.41,3.98,0.5,0,0.755,98.9,setup,elite,Hold this form.
SES_SNA_POO_0007,athlete_67,3,snatch,113.64,146.86,166.94,142.25,47.88,52.94,168.71,125.97,67.97,69.11,57.71,5.4,22.34,3.98,0.53,0,0.608,54,setup,poor,Adjust knee alignment.
SES_JAV_AVE_0014,athlete_80,51,javelin,121.29,122.89,163.42,161.89,147.5,138.31,150.88,144.64,67.52,63.44,58.09,0.57,11.66,4.95,0.39,0,0.673,66.0,descent,average,Activate core more.
SES_SNA_POO_0007,athlete_76,77,snatch,148.08,113.35,125.8,157.42,104.15,90.04,163.18,107.24,54.3,92.61,36.91,0.49,30.16,3.58,0.46,0,0.589,47.4,descent,poor,LOWER HIPS!
SES_SPR_GOO_0009,athlete_45,24,sprint,44.18,55.96,134.53,117.8,91.7,100.87,92.85,103.59,83.58,75.1,20.8,1.08,23.02,-2.0,0.54,0,0.75,87.2,descent,good,"Good depth, push harder through the heels."
SES_VER_ELI_0000,athlete_62,47,vertical_jump,85.68,84.81,82.52,91.66,64.78,59.62,113.52,114.43,82.53,80.15,19.96,2.36,38.8,-5.76,0.49,40.6,0.927,93.9,flight,elite,Elite biomechanics detected.
SES_SNA_ELI_0004,athlete_68,96,snatch,83.74,82.16,126.84,102.83,42.07,41.11,174.61,180,93.59,87.34,34.19,2.02,32.6,2.16,0.6,0,0.888,95.4,descent,elite,Great form! Maintain position.
SES_SNA_ELI_0004,athlete_28,25,snatch,106.51,92.42,106.88,96.24,35.08,42.33,180,170.79,85.71,89.25,16.36,0.89,30.52,-2.09,0.53,0,0.88,95.2,setup,elite,Elite biomechanics detected.
SES_CRI_POO_0019,athlete_73,72,cricket_bat,165.39,151.92,178,151.9,152.89,112.24,180,180,71.78,91.35,70.78,1.52,22.9,3.98,0.5,0,0.552,40.8,descent,poor,Critical form deviation.
SES_VER_AVE_0002,athlete_78,17,vertical_jump,104.15,111.18,134.67,111.19,73.45,87.11,113.81,125.02,73.0,76.77,17.04,1.28,31.52,-4.46,0.42,31.9,0.729,65.5,setup,average,Activate core more.
SES_SNA_ELI_0004,athlete_02,46,snatch,86.19,99.22,95.27,95.28,49.39,42.05,174.21,175.64,94.4,82.91,30.13,3.17,22.81,0.54,0.46,0,0.911,96.9,descent,elite,Great form! Maintain position.
SES_VER_POO_0003,athlete_55,83,vertical_jump,135.39,130.18,131.74,150.4,107.47,72.66,163.25,175.4,57.91,68.83,64.07,1.98,28.37,2.03,0.38,14.2,0.651,36.3,setup,poor,Adjust knee alignment.
SES_VER_ELI_0000,athlete_80,26,vertical_jump,89.0,94.28,88.71,104.59,63.75,54.69,122.58,121.17,78.31,95.36,0,0.41,28.19,5.52,0.53,46.6,0.898,96.6,flight,elite,Great form! Maintain position.
SES_SPR_GOO_0009,athlete_49,58,sprint,51.48,44.22,104.93,109.59,91.41,76.15,107.51,86.12,71.42,93.52,5.31,0.02,33.92,2.25,0.5,0,0.795,81.5,descent,good,Extend hips fully.
SES_CRI_GOO_0017,athlete_76,79,cricket_bat,118.67,136.76,142.38,157.69,125.58,82.48,165.93,146.03,101.44,91.27,22.61,2.06,29.47,1.02,0.5,0,0.711,79.5,setup,good,"Good depth, push harder through the heels."
SES_VER_POO_0003,athlete_63,26,vertical_jump,124.85,121.43,142.88,125.53,55.13,69.78,128.0,180,61.48,68.12,37.82,0,24.29,-5.02,0.46,23.7,0.655,35.7,descent,poor,LOWER HIPS!
SES_JAV_ELI_0012,athlete_21,68,javelin,91.46,89.08,134.55,136.55,180,166.39,119.16,127.22,87.75,81.12,46.6,2.4,27.61,2.7,0.41,0,0.768,96.0,descent,elite,Great form! Maintain position.
SES_SNA_ELI_0004,athlete_30,30,snatch,85.32,78.88,108.09,108.09,37.07,37.28,179.3,172.07,88.05,104.24,16.22,2.82,28.06,3.05,0.48,0,0.927,95.4,descent,elite,Hold this form.
SES_JAV_GOO_0013,athlete_50,67,javelin,93.2,116.19,158.86,148.49,154.46,145.82,156.12,137.52,78.77,91.86,47.9,5.47,15.48,5.67,0.56,0,0.661,82.9,setup,good,Extend hips fully.
SES_SNA_AVE_0006,athlete_68,96,snatch,104.79,115.54,138.18,113.12,80.71,32.31,168.04,165.75,61.03,80.63,60.5,5.07,23.62,1.6,0.36,0,0.738,64.7,descent,average,Lower your hips.
SES_CRI_ELI_0016,athlete_43,42,cricket_bat,134.47,109.76,137.03,128.47,79.7,92.38,143.07,152.75,94.03,93.71,5.37,3.01,28.75,0.39,0.53,0,0.746,91.7,setup,elite,Elite biomechanics detected.
SES_SNA_GOO_0005,athlete_46,8,snatch,92.31,107.5,123.53,107.16,48.15,45.67,162.88,176.2,80.07,78.07,36.71,2.29,23.9,1.82,0.47,0,0.818,86.8,descent,good,"Good depth, push harder through the heels."
SES_SPR_GOO_0009,athlete_32,84,sprint,59.82,66.45,113.13,118.37,78.34,97.85,105.09,101.21,83.11,68.99,16.32,3.2,34.99,4.78,0.55,0,0.807,78.4,setup,good,Extend hips fully.
SES_SNA_POO_0007,athlete_18,28,snatch,124.12,122.67,152.87,155.68,84.94,82.25,180,145.06,112.63,95.61,61.44,0,29.17,-1.11,0.44,0,0.711,44.0,setup,poor,Adjust knee alignment.
SES_JAV_POO_0015,athlete_22,59,javelin,145.1,144.31,178,169.58,131.3,106.4,180,159.8,71.93,70.33,67.75,0.39,26.64,-1.62,0.32,0,0.584,36.0,descent,poor,Critical form deviation.
SES_VER_GOO_0001,athlete_77,15,vertical_jump,105.58,98.9,113.33,106.54,61.77,53.39,130.73,121.67,75.73,97.0,19.13,3.5,25.34,3.6,0.45,48.9,0.843,79.1,takeoff,good,Extend hips fully.
SES_JAV_AVE_0014,athlete_79,90,javelin,115.33,119.44,141.35,150.13,141.88,126.94,155.11,161.06,88.04,73.07,48.04,1.0,23.49,-3.87,0.56,0,0.652,67.3,descent,average,Activate core more.
SES_JAV_AVE_0014,athlete_77,4,javelin,101.95,117.32,162.4,149.26,162.77,155.76,180,136.69,61.91,77.55,73.94,0.6,38.6,4.69,0.51,0,0.616,58.0,setup,average,Control trunk lean.
SES_JAV_ELI_0012,athlete_24,27,javelin,109.79,102.87,162.42,155.76,162.31,171.87,124.32,118.87,84.01,83.62,38.5,3.49,36.51,-0.04,0.53,0,0.749,94.4,setup,elite,Elite biomechanics detected.
SES_VER_POO_0003,athlete_14,50,vertical_jump,131.14,140.03,142.81,155.25,99.31,56.56,154.82,119.62,30,71.27,63.37,0.22,32.64,-0.91,0.47,21.6,0.657,43.6,landing,poor,LOWER HIPS!
SES_SNA_POO_0007,athlete_47,6,snatch,143.72,159.14,162.82,138.05,75.61,100.42,147.54,151.14,91.82,71.09,6.25,3.86,17.48,0.08,0.42,0,0.645,39.8,setup,poor,LOWER HIPS!
SES_JAV_POO_0015,athlete_72,56,javelin,113.84,151.82,178,178,169.02,121.91,135.27,122.8,84.16,62.05,79.24,0.01,30.02,1.64,0.32,0,0.525,37.2,descent,poor,Adjust knee alignment.
SES_CRI_POO_0019,athlete_77,99,cricket_bat,124.9,129.15,178,158.41,110.04,107.04,159.88,132.37,66.72,79.09,43.15,1.64,27.83,3.88,0.5,0,0.577,42.1,setup,poor,Critical form deviation.
SES_VER_GOO_0001,athlete_61,67,vertical_jump,89.51,101.52,109.11,109.29,46.24,77.39,157.55,126.45,90.57,89.87,20.97,0.48,35.42,0.14,0.6,41.3,0.844,84.4,descent,good,"Good depth, push harder through the heels."
SES_SPR_AVE_0010,athlete_68,52,sprint,74.89,82.84,114.47,125.55,63.76,104.48,123.47,97.65,91.65,84.62,23.01,3.48,26.07,2.87,0.42,0,0.745,62.9,descent,average,Activate core more.
SES_JAV_GOO_0013,athlete_76,75,javelin,120.14,112.89,171.89,164.5,167.09,153.06,145.62,164.37,62.92,78.86,52.96,5.61,23.28,0.45,0.53,0,0.709,88.3,setup,good,Extend hips fully.
SES_SPR_GOO_0009,athlete_15,38,sprint,51.04,62.87,100.85,99.66,73.34,91.19,92.68,85.16,79.63,76.39,32.75,2.58,35.2,1.4,0.39,0,0.79,76.0,descent,good,"Good depth, push harder through the heels."
SES_VER_GOO_0001,athlete_02,23,vertical_jump,92.35,105.74,111.48,110.0,58.83,57.73,140.74,95.1,92.7,76.4,13.82,2.84,22.92,3.24,0.54,49.2,0.838,88.2,takeoff,good,Slight asymmetry detected.
SES_SNA_AVE_0006,athlete_73,2,snatch,114.33,119.53,111.91,127.63,63.99,88.88,168.97,161.05,71.78,66.54,27.79,2.8,22.5,2.08,0.33,0,0.77,62.6,descent,average,Lower your hips.
SES_VER_ELI_0000,athlete_13,83,vertical_jump,86.27,90.94,90.65,88.83,64.7,64.52,109.94,131.02,92.52,86.09,11.65,0,43.04,0.58,0.52,58.2,0.939,96.3,takeoff,elite,Great form! Maintain position.
SES_CRI_ELI_0016,athlete_15,74,cricket_bat,99.11,112.02,136.59,139.22,79.5,94.21,128.73,136.46,71.0,90.24,26.13,0.77,40.15,0.2,0.59,0,0.78,99.8,setup,elite,Elite biomechanics detected.
SES_VER_ELI_0000,athlete_57,58,vertical_jump,100.93,95.34,98.45,94.51,54.39,61.34,114.98,129.84,80.37,86.82,18.28,1.27,38.46,0.83,0.52,55.4,0.931,92.5,setup,elite,Hold this form.
SES_CRI_AVE_0018,athlete_54,62,cricket_bat,142.97,157.53,141.57,153.75,94.22,89.24,136.16,159.72,84.79,77.87,30.94,1.89,27.94,3.76,0.63,0,0.669,71.5,setup,average,Control trunk lean.
SES_SPR_GOO_0009,athlete_30,10,sprint,53.49,61.1,82.33,94.9,67.37,86.17,85.17,109.37,79.46,81.84,9.59,4.12,34.48,-3.49,0.4,0,0.773,83.4,setup,good,Slight asymmetry detected.
SES_SNA_ELI_0004,athlete_20,42,snatch,89.96,94.1,104.01,97.25,26.9,34.7,176.16,175.86,89.81,86.76,18.16,0,43.97,3.71,0.48,0,0.917,98.3,setup,elite,Hold this form.
SES_CRI_AVE_0018,athlete_72,91,cricket_bat,141.31,109.8,173.32,172.05,100.1,105.01,163.05,180,77.96,80.9,35.03,0.57,24.75,0.18,0.48,0,0.651,69.3,setup,average,Lower your hips.
SES_SPR_GOO_0009,athlete_75,87,sprint,49.17,66.19,101.31,112.55,78.05,91.22,99.77,88.01,77.13,83.75,29.11,0.27,29.05,-0.0,0.56,0,0.743,76.2,setup,good,Slight asymmetry detected.
SES_SNA_ELI_0004,athlete_24,52,snatch,83.1,78.65,109.48,94.61,48.27,40.59,180,179.66,95.7,89.74,13.27,4.62,37.05,2.45,0.55,0,0.893,97.2,descent,elite,Hold this form.
SES_CRI_ELI_0016,athlete_27,5,cricket_bat,114.36,101.53,136.92,157.88,103.66,100.03,171.52,155.3,92.14,98.93,13.42,3.58,40.27,-0.18,0.49,0,0.747,98.7,descent,elite,Elite biomechanics detected.
SES_SPR_POO_0011,athlete_29,19,sprint,89.74,92.44,167.34,118.1,81.34,106.5,161.19,124.41,92.18,67.08,44.42,1.98,35.94,9.26,0.43,0,0.623,25.8,setup,poor,Adjust knee alignment.
SES_CRI_POO_0019,athlete_50,62,cricket_bat,175,154.0,171.0,162.84,120.3,146.46,169.83,180,53.44,89.17,44.65,3.59,27.42,3.39,0.35,0,0.57,36.5,descent,poor,Adjust knee alignment.
SES_SPR_GOO_0009,athlete_70,18,sprint,51.77,62.6,96.45,103.54,93.26,77.97,99.7,118.74,79.46,77.38,16.58,1.6,26.7,3.39,0.51,0,0.778,80.9,descent,good,Extend hips fully.
SES_VER_GOO_0001,athlete_57,29,vertical_jump,88.41,83.19,120.73,109.24,80.99,63.93,126.9,146.92,74.58,82.11,6.72,4.0,16.63,6.03,0.52,44.7,0.834,81.5,landing,good,"Good depth, push harder through the heels."
SES_SNA_ELI_0004,athlete_39,33,snatch,99.69,85.89,108.98,93.42,47.12,35.5,180,176.77,90.49,92.5,17.79,3.0,48.42,6.34,0.52,0,0.866,98.1,setup,elite,Elite biomechanics detected.
SES_CRI_AVE_0018,athlete_09,50,cricket_bat,151.61,122.68,173.6,164.95,149.06,105.44,129.54,155.32,82.49,79.88,14.8,3.2,21.96,-1.8,0.3,0,0.648,64.0,setup,average,Activate core more.
SES_JAV_AVE_0014,athlete_71,69,javelin,142.97,125.27,145.19,155.35,150.44,157.13,159.38,162.24,93.56,86.89,57.63,2.95,31.14,5.76,0.64,0,0.623,63.1,descent,average,Activate core more.
SES_JAV_AVE_0014,athlete_11,17,javelin,121.51,128.41,172.05,159.23,105.07,125.35,129.39,131.52,80.54,75.52,50.82,2.85,17.69,-1.66,0.46,0,0.642,68.6,descent,average,Lower your hips.
SES_SNA_POO_0007,athlete_37,82,snatch,130.83,156.61,170.09,132.74,86.82,102.38,135.32,138.21,56.9,69.81,65.85,2.87,24.45,1.47,0.49,0,0.605,27.9,setup,poor,Adjust knee alignment.
SES_SNA_GOO_0005,athlete_15,76,snatch,93.39,95.03,108.45,112.38,52.12,45.9,155.97,170.98,72.6,76.86,22.03,3.82,22.4,4.88,0.54,0,0.884,87.3,setup,good,Slight asymmetry detected.
SES_CRI_GOO_0017,athlete_32,91,cricket_bat,120.91,114.5,132.56,130.99,76.9,106.3,145.35,155.05,80.26,95.46,22.03,0.96,37.78,-4.59,0.51,0,0.761,87.1,setup,good,Extend hips fully.
SES_SPR_ELI_0008,athlete_01,75,sprint,37.0,56.35,81.43,107.07,84.51,69.24,87.54,91.11,80.17,73.95,18.13,1.16,23.92,6.37,0.5,0,0.725,91.2,setup,elite,Elite biomechanics detected.
SES_VER_GOO_0001,athlete_73,51,vertical_jump,95.01,101.31,98.08,100.79,91.47,83.5,153.18,166.99,81.71,80.73,11.83,0,41.19,2.75,0.5,31.4,0.853,77.3,landing,good,"Good depth, push harder through the heels."
SES_JAV_ELI_0012,athlete_43,61,javelin,110.09,110.77,138.67,142.34,171.88,175.55,142.32,125.03,82.1,92.74,27.56,5.11,51.6,-1.5,0.5,0,0.77,99.2,setup,elite,Elite biomechanics detected.
SES_SPR_POO_0011,athlete_72,31,sprint,68.05,81.37,137.22,101.62,74.74,115.53,117.62,160.27,77.98,78.78,26.11,1.23,21.87,2.99,0.47,0,0.593,54,descent,poor,Adjust knee alignment.
SES_SPR_GOO_0009,athlete_67,88,sprint,52.38,71.77,94.78,99.23,88.92,95.34,79.5,99.09,72.73,94.69,20.72,2.76,25.67,3.22,0.52,0,0.755,76.8,setup,good,Extend hips fully.
SES_VER_ELI_0000,athlete_18,46,vertical_jump,75.22,85.18,88.8,111.97,46.07,55.1,119.84,116.2,84.51,83.7,7.4,0.91,40.41,0.6,0.54,47.6,0.863,92.7,descent,elite,Hold this form.
SES_SPR_ELI_0008,athlete_54,55,sprint,56.47,53.65,89.4,80.11,63.75,76.27,84.8,80.59,83.38,75.51,12.42,0.69,37.93,2.52,0.51,0,0.854,94.2,descent,elite,Great form! Maintain position.
SES_CRI_GOO_0017,athlete_36,5,cricket_bat,121.06,118.95,151.19,138.65,74.59,97.46,125.53,164.6,90.22,79.35,27.8,5.49,31.68,-4.12,0.45,0,0.75,85.7,descent,good,Extend hips fully.
SES_VER_AVE_0002,athlete_38,10,vertical_jump,108.35,118.59,138.63,121.44,76.18,59.75,119.97,130.8,91.24,72.1,27.87,1.02,33.57,1.24,0.47,32.3,0.737,58.4,descent,average,Activate core more.
SES_SPR_AVE_0010,athlete_60,98,sprint,56.0,69.67,110.56,121.54,88.31,111.78,112.06,108.43,90.89,78.14,34.54,0.66,13.31,1.55,0.65,0,0.714,62.0,setup,average,Activate core more.
SES_SNA_GOO_0005,athlete_61,85,snatch,88.72,97.45,81.07,92.45,44.17,49.99,164.88,167.64,92.77,64.44,32.13,1.58,5.08,3.81,0.52,0,0.836,82.0,descent,good,Extend hips fully.
SES_CRI_ELI_0016,athlete_27,6,cricket_bat,123.05,130.48,129.31,132.08,82.41,93.24,142.53,151.65,94.52,80.99,12.34,1.2,23.94,-2.0,0.5,0,0.797,95.2,setup,elite,Hold this form.
SES_SPR_POO_0011,athlete_29,83,sprint,134.89,98.59,140.56,174.37,123.63,109.55,123.7,122.58,105.13,102.97,29.27,0.23,28.04,2.34,0.45,0,0.581,30.5,descent,poor,Critical form deviation.
SES_SNA_POO_0007,athlete_22,10,snatch,126.79,113.85,131.8,135.68,97.14,67.42,152.5,121.38,60.45,69.55,42.74,3.59,13.59,-1.8,0.39,0,0.681,31.9,setup,poor,Work on symmetry.
SES_SNA_AVE_0006,athlete_42,89,snatch,132.57,105.17,131.82,114.25,87.52,63.92,136.62,157.69,91.02,62.27,37.55,3.9,37.27,0.25,0.43,0,0.718,56.9,descent,average,Lower your hips.
SES_SNA_AVE_0006,athlete_26,53,snatch,103.77,93.88,147.97,118.77,30.09,71.54,164.56,146.53,82.43,71.09,33.81,3.4,15.17,2.7,0.33,0,0.732,67.5,descent,average,Lower your hips.
SES_SNA_AVE_0006,athlete_79,82,snatch,110.18,108.26,139.27,104.1,52.74,73.26,180,158.07,87.87,102.38,45.09,3.5,18.92,1.08,0.62,0,0.739,63.7,setup,average,Lower your hips.
SES_SNA_ELI_0004,athlete_74,6,snatch,77.01,76.75,89.37,106.37,45.15,48.22,179.83,175.32,97.86,85.49,16.93,5.72,30.73,-0.47,0.5,0,0.901,97.4,setup,elite,Great form! Maintain position.
SES_SNA_ELI_0004,athlete_68,89,snatch,90.99,87.18,93.42,109.68,44.09,45.06,175.48,178.51,92.43,85.31,28.49,0.09,50.83,-3.05,0.47,0,0.893,96.4,setup,elite,Hold this form.
SES_CRI_GOO_0017,athlete_31,10,cricket_bat,143.96,136.86,156.49,145.98,115.76,97.67,159.02,161.09,109.29,86.72,32.58,0,14.24,8.89,0.57,0,0.745,78.6,setup,good,"Good depth, push harder through the heels."
SES_JAV_ELI_0012,athlete_54,96,javelin,89.05,102.91,154.27,139.7,176.32,162.8,112.58,132.11,84.87,93.39,27.6,5.17,41.15,4.61,0.57,0,0.711,97.0,descent,elite,Elite biomechanics detected.
SES_SPR_AVE_0010,athlete_07,11,sprint,95.02,71.06,120.42,111.09,85.7,74.78,115.86,117.83,106.59,85.59,14.36,1.56,31.66,2.57,0.45,0,0.701,64.2,descent,average,Lower your hips.
SES_VER_ELI_0000,athlete_26,18,vertical_jump,94.76,91.11,99.93,94.26,68.3,65.38,118.25,109.68,94.11,86.83,7.3,0.89,27.12,4.6,0.52,70.6,0.931,97.8,setup,elite,Hold this form.
SES_SNA_POO_0007,athlete_78,16,snatch,132.15,112.3,117.8,151.33,75.38,77.09,158.43,143.84,69.97,65.05,46.88,3.79,11.62,2.32,0.33,0,0.608,32.8,descent,poor,Adjust knee alignment.
SES_SNA_GOO_0005,athlete_08,6,snatch,107.29,89.0,119.51,121.16,55.74,37.39,173.14,174.84,80.48,66.57,37.43,4.53,19.02,1.72,0.51,0,0.845,82.5,descent,good,Slight asymmetry detected.
SES_SNA_GOO_0005,athlete_04,15,snatch,99.59,90.03,115.63,101.58,55.41,56.62,164.74,170.72,72.27,97.64,17.07,1.77,20.77,5.85,0.38,0,0.835,79.9,descent,good,Slight asymmetry detected.
SES_CRI_POO_0019,athlete_33,13,cricket_bat,173.83,163.92,178,124.56,146.23,133.75,151.89,156.34,37.87,77.37,61.25,1.28,27.1,-0.68,0.42,0,0.513,32.4,setup,poor,Critical form deviation.
SES_CRI_AVE_0018,athlete_39,99,cricket_bat,128.51,159.65,168.42,150.42,104.85,120.33,176.38,130.53,70.24,83.36,42.23,1.15,27.34,1.01,0.48,0,0.629,73.2,descent,average,Activate core more.
SES_CRI_POO_0019,athlete_04,71,cricket_bat,148.37,163.86,152.31,155.56,152.86,126.96,180,132.63,83.0,60.43,32.33,2.84,30.79,6.74,0.38,0,0.585,35.4,setup,poor,Work on symmetry.
SES_JAV_ELI_0012,athlete_24,14,javelin,105.38,106.6,145.84,156.97,158.1,158.41,125.12,135.8,76.14,90.26,36.41,0.26,40.95,0.57,0.52,0,0.755,94.8,descent,elite,Hold this form.
SES_SNA_GOO_0005,athlete_15,93,snatch,91.85,94.88,118.32,126.82,45.79,49.52,173.86,180,104.9,91.73,20.2,1.18,11.42,0.8,0.46,0,0.87,86.5,setup,good,Slight asymmetry detected.
SES_VER_AVE_0002,athlete_28,40,vertical_jump,117.21,117.31,123.33,114.17,85.88,73.76,180,156.39,63.82,89.51,43.05,0.66,25.57,1.55,0.47,29.3,0.777,67.7,takeoff,average,Activate core more.
SES_SNA_ELI_0004,athlete_49,14,snatch,88.58,83.51,99.46,109.09,48.51,47.96,177.67,176.28,93.28,88.03,17.65,0,47.41,-0.13,0.46,0,0.906,92.9,descent,elite,Hold this form.
SES_JAV_AVE_0014,athlete_01,31,javelin,147.36,127.18,155.55,155.45,159.37,161.38,143.41,135.86,75.29,93.95,27.18,1.63,29.01,4.27,0.42,0,0.639,65.8,descent,average,Lower your hips.
SES_SNA_GOO_0005,athlete_48,57,snatch,91.4,81.14,97.07,105.87,38.01,46.35,170.69,173.48,88.69,73.2,22.04,3.26,18.78,-2.25,0.52,0,0.841,86.4,setup,good,Slight asymmetry detected.
SES_SPR_POO_0011,athlete_08,95,sprint,114.57,94.25,139.45,144.83,123.12,96.75,85.43,134.04,100.29,88.54,51.56,1.68,26.8,-0.34,0.5,0,0.656,27.5,descent,poor,LOWER HIPS!
SES_CRI_AVE_0018,athlete_48,53,cricket_bat,136.12,153.45,150.18,142.63,103.94,86.56,180,180,91.27,89.02,45.27,1.61,21.53,2.41,0.47,0,0.671,63.4,setup,average,Lower your hips.
SES_SPR_AVE_0010,athlete_23,31,sprint,74.48,73.25,145.96,102.69,93.24,79.67,91.57,144.03,83.61,82.57,30.22,0,31.1,1.62,0.46,0,0.706,65.5,descent,average,Activate core more.
SES_SNA_AVE_0006,athlete_09,76,snatch,99.73,115.15,121.51,110.09,52.32,72.81,162.46,156.73,68.07,69.98,34.82,3.9,9.93,-0.6,0.58,0,0.752,67.1,setup,average,Control trunk lean.
SES_JAV_GOO_0013,athlete_47,57,javelin,110.62,111.12,166.09,165.2,151.0,141.9,134.15,134.96,81.96,73.98,38.32,1.49,2.83,0.37,0.42,0,0.737,85.1,setup,good,Extend hips fully.
SES_SPR_POO_0011,athlete_23,46,sprint,103.13,96.09,153.73,135.7,82.41,110.92,151.35,124.58,81.86,98.25,30.76,0.43,19.27,3.59,0.46,0,0.664,20,descent,poor,LOWER HIPS!
SES_VER_ELI_0000,athlete_40,20,vertical_jump,89.62,97.74,101.58,95.01,53.7,52.61,110.28,122.96,78.47,91.59,1.39,2.54,36.39,0.25,0.57,62.9,0.916,92.6,takeoff,elite,Great form! Maintain position.
SES_CRI_POO_0019,athlete_52,91,cricket_bat,153.95,175,167.42,170.26,140.95,122.26,180,145.98,68.0,85.51,61.8,0.98,24.02,7.5,0.46,0,0.579,36.8,descent,poor,Critical form deviation.
SES_JAV_AVE_0014,athlete_05,64,javelin,100.28,132.24,178,168.13,110.93,157.85,137.77,139.68,86.85,89.18,64.52,4.03,21.65,4.38,0.47,0,0.591,63.6,descent,average,Lower your hips.
SES_SNA_GOO_0005,athlete_77,42,snatch,87.94,94.2,115.98,134.17,38.57,55.06,172.17,180,98.54,76.79,36.95,5.36,21.06,-0.35,0.47,0,0.839,83.1,descent,good,Slight asymmetry detected.
SES_VER_POO_0003,athlete_46,6,vertical_jump,143.84,141.59,145.57,139.84,43.87,73.87,126.34,130.35,67.45,52.18,37.4,1.29,14.56,1.69,0.48,16.1,0.683,29.6,setup,poor,Critical form deviation.
SES_VER_AVE_0002,athlete_74,72,vertical_jump,149.24,112.16,122.42,109.44,99.22,89.55,136.68,89.24,100.22,87.52,37.5,3.0,27.06,-0.48,0.54,33.8,0.694,58.9,flight,average,Control trunk lean.
SES_CRI_AVE_0018,athlete_07,4,cricket_bat,136.13,148.5,155.39,159.88,103.77,119.58,180,165.94,97.18,76.49,47.35,2.68,23.54,-0.33,0.6,0,0.687,61.9,setup,average,Control trunk lean.
SES_CRI_AVE_0018,athlete_16,12,cricket_bat,157.67,151.6,167.6,178,121.67,104.13,180,180,92.46,84.43,27.87,1.67,26.56,4.8,0.54,0,0.691,65.3,descent,average,Control trunk lean.
SES_JAV_ELI_0012,athlete_54,86,javelin,99.34,103.67,155.32,148.11,169.41,164.21,130.59,112.37,82.33,81.74,33.73,1.45,35.11,-0.97,0.58,0,0.754,98.0,descent,elite,Great form! Maintain position.
SES_CRI_POO_0019,athlete_39,60,cricket_bat,175,162.71,178,154.98,109.54,150.99,104.76,180,83.07,84.09,45.27,2.15,12.12,1.0,0.43,0,0.56,40.8,setup,poor,Work on symmetry.
SES_JAV_AVE_0014,athlete_49,8,javelin,147.48,120.44,158.06,158.16,169.51,140.1,145.31,129.62,54.42,81.49,57.16,2.03,22.11,-1.27,0.44,0,0.625,64.8,setup,average,Control trunk lean.
SES_JAV_POO_0015,athlete_74,55,javelin,135.09,129.41,163.16,165.39,128.44,121.16,174.57,161.29,71.83,71.25,54.29,3.44,24.64,6.74,0.48,0,0.583,39.0,setup,poor,LOWER HIPS!
SES_SNA_GOO_0005,athlete_35,92,snatch,107.58,100.16,90.74,106.58,64.57,54.28,172.1,178.15,103.48,69.76,27.19,0,21.5,0.17,0.48,0,0.835,78.4,setup,good,Extend hips fully.
SES_SNA_POO_0007,athlete_53,96,snatch,118.3,119.92,162.03,138.65,96.83,55.42,134.62,125.2,59.72,67.18,53.79,0,26.71,7.54,0.45,0,0.673,41.2,setup,poor,Adjust knee alignment.
SES_SNA_POO_0007,athlete_46,27,snatch,108.28,116.84,150.01,139.71,92.43,93.7,180,116.76,93.32,81.7,59.53,0,26.5,2.79,0.43,0,0.677,37.4,descent,poor,Adjust knee alignment.
SES_SNA_AVE_0006,athlete_20,9,snatch,115.73,97.77,132.31,116.71,53.91,53.77,116.46,166.34,85.04,79.99,35.32,4.14,23.04,3.48,0.48,0,0.738,70.6,setup,average,Activate core more.
SES_JAV_POO_0015,athlete_79,3,javelin,143.36,120.29,161.68,155.95,160.46,112.42,180,162.74,47.8,67.85,42.97,4.13,28.17,-1.1,0.43,0,0.541,35.5,descent,poor,Adjust knee alignment.
SES_SPR_POO_0011,athlete_72,70,sprint,77.3,93.88,171.42,125.19,84.09,116.45,93.5,92.1,109.63,98.24,45.31,1.57,26.59,-0.46,0.44,0,0.586,46.6,setup,poor,Adjust knee alignment.
SES_JAV_POO_0015,athlete_04,39,javelin,158.54,144.1,166.07,164.1,113.09,159.58,168.44,136.17,47.32,72.85,64.44,1.59,19.29,-1.19,0.47,0,0.569,42.1,descent,poor,Critical form deviation.
SES_SPR_ELI_0008,athlete_26,36,sprint,42.67,48.21,88.0,94.3,64.79,78.53,97.53,78.71,72.49,73.13,6.64,2.77,27.29,0.0,0.54,0,0.845,98.1,descent,elite,Great form! Maintain position.
SES_SNA_POO_0007,athlete_47,66,snatch,97.53,124.57,164.63,166.79,98.85,84.12,170.85,150.36,66.93,88.23,76.01,2.33,31.23,2.04,0.45,0,0.651,44.8,descent,poor,LOWER HIPS!
SES_SPR_GOO_0009,athlete_27,6,sprint,49.94,58.52,103.53,106.95,97.11,92.98,111.57,94.73,77.95,68.24,15.77,1.4,29.15,2.1,0.49,0,0.796,81.6,setup,good,Extend hips fully.
SES_JAV_POO_0015,athlete_29,98,javelin,146.28,135.75,176.77,174.51,98.56,108.49,166.64,180,74.4,70.92,60.46,2.78,24.18,0.49,0.32,0,0.575,26.2,descent,poor,Adjust knee alignment.
SES_SPR_ELI_0008,athlete_55,13,sprint,51.82,52.55,83.48,83.85,76.47,88.72,102.11,66.13,74.25,70.28,17.32,2.89,32.75,3.87,0.49,0,0.895,97.6,setup,elite,Hold this form.
SES_SPR_ELI_0008,athlete_02,60,sprint,46.4,51.19,90.5,94.73,68.36,101.99,106.39,97.64,75.2,72.45,19.48,0,34.89,7.36,0.42,0,0.859,90,setup,elite,Hold this form.
SES_CRI_AVE_0018,athlete_77,21,cricket_bat,142.29,154.45,156.67,166.57,118.67,103.84,154.51,141.11,98.58,85.95,18.08,3.11,20.34,4.28,0.32,0,0.679,63.2,descent,average,Activate core more.
SES_JAV_GOO_0013,athlete_22,47,javelin,99.1,116.45,148.38,145.99,151.76,153.58,151.33,139.12,94.36,72.97,44.01,0,31.04,-0.85,0.53,0,0.69,76.3,setup,good,Extend hips fully.
SES_SPR_POO_0011,athlete_52,3,sprint,100.54,70.56,137.62,123.56,79.82,119.61,158.79,93.91,101.14,90.91,32.78,1.78,32.32,-0.77,0.51,0,0.6,36.9,descent,poor,Adjust knee alignment.
SES_CRI_POO_0019,athlete_55,32,cricket_bat,171.89,170.59,165.78,153.19,119.95,116.02,180,168.55,55.06,85.82,45.3,3.11,36.82,4.2,0.47,0,0.595,42.8,setup,poor,Work on symmetry.
SES_JAV_ELI_0012,athlete_09,12,javelin,97.85,101.25,149.43,138.03,166.72,155.91,117.84,121.88,83.15,93.25,27.06,0.25,32.07,3.34,0.47,0,0.747,93.0,setup,elite,Elite biomechanics detected.
SES_JAV_AVE_0014,athlete_15,70,javelin,133.79,140.4,152.38,164.77,171.12,152.86,144.61,131.75,72.4,84.18,24.71,4.0,24.71,-2.5,0.46,0,0.643,63.7,setup,average,Lower your hips.
SES_JAV_POO_0015,athlete_50,77,javelin,104.98,163.01,173.88,160.09,145.56,126.84,132.63,171.22,61.61,72.33,80,2.9,34.81,-0.97,0.58,0,0.5,51.9,setup,poor,Adjust knee alignment.
SES_JAV_GOO_0013,athlete_30,93,javelin,119.04,120.38,163.34,152.44,150.66,154.31,137.4,140.52,83.64,76.58,30.23,3.37,40.3,3.0,0.57,0,0.717,80.5,descent,good,Extend hips fully.
SES_CRI_ELI_0016,athlete_06,8,cricket_bat,114.82,117.96,132.52,134.51,74.11,86.95,134.78,165.42,73.47,95.51,25.26,1.7,38.58,3.22,0.53,0,0.808,98.4,descent,elite,Hold this form.
SES_SPR_ELI_0008,athlete_74,24,sprint,69.97,49.92,92.85,99.9,77.9,66.88,79.06,89.83,81.08,76.11,22.6,0,42.22,-0.81,0.54,0,0.793,94.5,setup,elite,Hold this form.
SES_SNA_AVE_0006,athlete_17,99,snatch,123.74,118.79,123.28,124.18,96.39,51.34,163.68,151.17,84.76,76.44,24.47,2.27,31.44,3.73,0.42,0,0.806,60.1,setup,average,Lower your hips.
SES_JAV_POO_0015,athlete_75,15,javelin,155.43,135.14,159.14,173.06,122.3,150.51,180,167.05,50.5,79.7,39.23,1.43,23.32,3.01,0.51,0,0.537,48.0,descent,poor,Work on symmetry.
SES_VER_GOO_0001,athlete_55,84,vertical_jump,104.25,110.66,102.68,112.13,47.79,45.52,99.22,129.4,71.78,65.06,16.26,2.67,19.52,4.75,0.42,39.5,0.837,81.9,takeoff,good,Slight asymmetry detected.
SES_SNA_AVE_0006,athlete_06,21,snatch,115.03,115.01,115.01,140.09,68.3,45.73,162.16,175.37,65.5,78.49,44.57,0.32,21.44,0.9,0.57,0,0.766,59.1,descent,average,Control trunk lean.
SES_CRI_AVE_0018,athlete_02,94,cricket_bat,143.2,147.45,150.91,171.12,115.36,116.91,177.92,166.31,96.42,79.31,34.3,3.95,25.44,3.42,0.51,0,0.676,65.6,descent,average,Activate core more.
SES_CRI_AVE_0018,athlete_30,31,cricket_bat,150.83,150.93,148.41,164.99,95.4,91.36,171.89,164.09,66.99,74.08,39.25,1.84,39.3,5.17,0.32,0,0.69,74,setup,average,Activate core more.
SES_VER_POO_0003,athlete_49,74,vertical_jump,138.36,118.53,141.86,123.25,96.04,91.94,127.46,180,62.42,65.59,47.19,2.31,32.55,0.42,0.41,30.6,0.618,32.2,setup,poor,Adjust knee alignment.
SES_VER_AVE_0002,athlete_42,89,vertical_jump,130.99,110.17,112.24,112.06,48.29,105.31,151.04,151.08,82.32,83.5,22.17,2.38,16.01,6.75,0.58,30.6,0.752,58.2,descent,average,Lower your hips.
SES_SPR_GOO_0009,athlete_25,54,sprint,51.72,52.72,105.03,99.49,91.46,69.95,92.39,87.05,85.56,86.96,20.34,0.78,24.72,5.57,0.49,0,0.828,75,descent,good,"Good depth, push harder through the heels."
SES_CRI_POO_0019,athlete_60,83,cricket_bat,137.47,166.96,154.42,167.61,161.09,120.89,180,154.49,97.67,64.35,20.4,0,17.41,2.21,0.34,0,0.543,32.9,descent,poor,LOWER HIPS!
SES_JAV_GOO_0013,athlete_38,20,javelin,115.67,105.2,151.36,153.86,156.61,159.51,139.68,135.88,75.36,86.66,57.92,3.22,15.25,3.47,0.48,0,0.708,81.1,setup,good,"Good depth, push harder through the heels."
SES_JAV_GOO_0013,athlete_72,98,javelin,92.55,115.33,152.16,148.05,150.02,165.49,131.48,135.29,86.73,87.76,54.33,1.01,23.55,3.38,0.54,0,0.673,82.1,setup,good,Extend hips fully.
SES_JAV_POO_0015,athlete_57,62,javelin,165.65,124.8,172.67,178,153.42,173.97,100.2,180,77.74,77.04,61.91,3.04,29.47,-0.46,0.51,0,0.517,35.1,setup,poor,Adjust knee alignment.
SES_CRI_AVE_0018,athlete_62,56,cricket_bat,160.08,154.79,152.8,165.83,151.04,116.68,174.76,173.01,101.04,78.86,44.76,0.44,21.56,6.28,0.48,0,0.687,60.9,descent,average,Control trunk lean.
SES_SNA_GOO_0005,athlete_40,22,snatch,97.98,95.52,114.92,103.47,54.11,49.27,178.01,165.77,77.81,81.44,35.8,2.17,19.65,2.74,0.44,0,0.863,85.5,setup,good,Extend hips fully.
SES_SNA_ELI_0004,athlete_77,23,snatch,104.14,93.44,101.79,95.09,32.69,39.26,180,173.72,90.61,88.82,14.1,1.76,31.81,-3.16,0.58,0,0.899,97.9,setup,elite,Great form! Maintain position.
SES_VER_GOO_0001,athlete_49,2,vertical_jump,101.68,116.3,117.09,104.13,51.19,64.4,128.85,120.11,78.13,88.32,13.59,0.28,32.03,2.8,0.46,38.6,0.809,80.8,takeoff,good,Slight asymmetry detected.
SES_CRI_AVE_0018,athlete_65,8,cricket_bat,157.35,142.28,149.68,157.8,132.9,92.3,180,176.31,78.71,86.28,23.68,0.37,27.6,4.16,0.41,0,0.676,62.4,setup,average,Control trunk lean.
SES_VER_POO_0003,athlete_16,14,vertical_jump,148.32,130.71,162.39,141.44,52.82,85.74,172.02,166.38,60.91,57.36,26.01,0,24.09,-4.33,0.49,26.6,0.626,42.0,descent,poor,Work on symmetry.
SES_CRI_GOO_0017,athlete_50,31,cricket_bat,126.97,118.82,126.7,137.79,100.76,107.03,155.73,140.34,80.53,81.6,30.28,2.7,22.4,-1.25,0.45,0,0.737,82.2,descent,good,Extend hips fully.
SES_JAV_AVE_0014,athlete_42,49,javelin,149.84,145.53,166.69,165.59,123.87,134.65,167.65,143.83,96.34,80.28,51.03,3.27,27.76,5.88,0.45,0,0.669,59.6,setup,average,Control trunk lean.
SES_CRI_ELI_0016,athlete_80,33,cricket_bat,121.08,107.94,134.1,147.33,90.95,81.51,116.49,139.74,87.5,106.75,11.72,2.37,42.83,-1.29,0.52,0,0.761,94.7,descent,elite,Elite biomechanics detected.
SES_SNA_ELI_0004,athlete_78,83,snatch,96.87,85.88,107.78,94.36,34.16,35.89,172.16,180,89.73,78.23,16.03,3.51,39.45,2.71,0.58,0,0.879,95.6,descent,elite,Elite biomechanics detected.
SES_SNA_ELI_0004,athlete_57,11,snatch,95.05,93.49,115.9,95.96,35.69,30.1,170.69,177.45,90.08,97.02,30.55,2.04,41.59,1.06,0.45,0,0.893,91.2,descent,elite,Hold this form.
SES_SNA_ELI_0004,athlete_45,69,snatch,86.59,97.02,103.28,101.52,38.19,29.4,170.65,177.08,84.43,93.03,21.33,4.82,49.4,5.55,0.47,0,0.913,98.5,setup,elite,Great form! Maintain position.
SES_JAV_POO_0015,athlete_07,65,javelin,160.25,157.91,158.71,177.59,131.45,139.59,173.17,123.74,75.76,51.62,65.2,4.2,30.2,6.61,0.46,0,0.564,39.2,setup,poor,Work on symmetry.
SES_SPR_POO_0011,athlete_64,38,sprint,104.48,84.14,139.52,148.15,96.17,116.94,98.26,104.95,92.01,111.39,48.15,2.93,24.69,1.18,0.33,0,0.644,39.3,setup,poor,Critical form deviation.
SES_SPR_POO_0011,athlete_75,94,sprint,84.11,87.89,89.09,158.31,91.66,101.48,132.22,139.53,112.41,92.91,51.78,2.91,31.78,6.61,0.41,0,0.576,35.2,setup,poor,Adjust knee alignment.
SES_JAV_GOO_0013,athlete_35,99,javelin,101.47,114.55,159.82,155.47,151.05,171.49,139.82,140.01,93.83,84.51,36.21,0,24.62,1.79,0.49,0,0.698,78.0,descent,good,Slight asymmetry detected.
SES_VER_GOO_0001,athlete_30,60,vertical_jump,97.86,98.6,104.11,109.4,100.56,76.08,122.78,140.27,73.07,77.24,17.52,0,26.29,1.63,0.52,38.6,0.863,76.6,descent,good,"Good depth, push harder through the heels."
SES_SNA_POO_0007,athlete_14,95,snatch,126.71,132.63,118.99,151.51,35.21,72.18,178.99,126.53,79.45,61.47,30.4,2.0,27.72,1.4,0.51,0,0.642,26.5,descent,poor,Critical form deviation.
SES_VER_AVE_0002,athlete_77,34,vertical_jump,104.52,118.14,105.26,147.18,81.89,63.09,134.83,112.93,72.77,86.26,18.6,1.6,26.8,-4.82,0.48,47.3,0.68,58.4,takeoff,average,Control trunk lean.
SES_SPR_GOO_0009,athlete_01,57,sprint,73.64,53.53,102.02,114.26,90.33,79.66,105.08,102.87,78.87,79.52,14.76,0,23.9,8.15,0.39,0,0.736,87.9,setup,good,Extend hips fully.
SES_CRI_GOO_0017,athlete_16,81,cricket_bat,130.52,137.67,140.62,151.19,82.32,109.99,178.4,148.26,91.32,94.02,33.56,0.55,37.72,0.05,0.45,0,0.743,87.0,setup,good,Slight asymmetry detected.
SES_SNA_AVE_0006,athlete_26,40,snatch,109.71,128.62,130.77,136.31,93.9,52.5,180,147.86,63.17,96.63,40.91,1.42,13.28,1.45,0.44,0,0.764,69.8,descent,average,Activate core more.
SES_JAV_GOO_0013,athlete_70,83,javelin,114.29,114.32,149.25,160.41,147.18,159.09,137.54,153.67,88.43,67.25,45.11,0,36.77,6.26,0.5,0,0.719,79.0,setup,good,"Good depth, push harder through the heels."
SES_SNA_POO_0007,athlete_06,88,snatch,109.16,129.72,132.11,125.67,54.38,76.29,180,140.92,77.94,78.18,51.86,2.98,23.93,5.72,0.46,0,0.658,52.1,descent,poor,Adjust knee alignment.
SES_CRI_AVE_0018,athlete_32,34,cricket_bat,159.34,136.61,138.81,144.74,116.31,86.64,167.52,165.55,82.31,78.92,29.02,2.69,22.84,3.87,0.52,0,0.665,59.2,setup,average,Lower your hips.
SES_JAV_AVE_0014,athlete_08,13,javelin,103.02,141.29,155.77,155.58,160.39,126.14,137.83,171.34,64.73,81.33,80,3.09,27.71,4.03,0.41,0,0.598,67.7,setup,average,Activate core more.
SES_CRI_GOO_0017,athlete_50,66,cricket_bat,115.09,152.3,173.53,142.1,92.42,91.25,167.37,132.89,69.38,94.78,11.98,0.93,24.71,-1.22,0.5,0,0.652,85.9,setup,good,Slight asymmetry detected.
SES_CRI_POO_0019,athlete_02,16,cricket_bat,161.43,167.05,141.48,178,157.33,116.62,163.51,180,95.75,64.22,35.18,3.11,24.21,2.68,0.58,0,0.548,38.0,descent,poor,Work on symmetry.
SES_CRI_AVE_0018,athlete_63,52,cricket_bat,141.92,152.03,167.42,161.76,97.87,105.65,176.71,162.75,64.98,94.59,28.34,0.11,22.56,-2.36,0.31,0,0.69,56.1,setup,average,Lower your hips.
SES_SPR_GOO_0009,athlete_61,53,sprint,41.17,61.23,123.52,114.77,79.97,93.41,118.74,111.02,68.39,68.45,7.16,0.23,27.29,1.57,0.45,0,0.73,85.4,descent,good,"Good depth, push harder through the heels."
SES_JAV_AVE_0014,athlete_18,55,javelin,122.11,116.04,163.01,173.38,129.36,136.94,134.44,152.99,71.14,90.29,56.09,1.28,27.33,-2.36,0.45,0,0.647,57.0,setup,average,Control trunk lean.
SES_VER_AVE_0002,athlete_16,81,vertical_jump,110.88,127.95,112.74,118.46,65.25,42.23,134.28,118.63,96.52,88.36,25.63,3.46,13.42,2.82,0.39,46.9,0.745,64.8,flight,average,Control trunk lean.
SES_SNA_POO_0007,athlete_25,0,snatch,134.33,121.71,146.35,128.62,94.34,99.32,115.0,159.5,77.81,71.7,80,0.92,13.88,4.78,0.52,0,0.655,39.0,descent,poor,LOWER HIPS!
SES_JAV_ELI_0012,athlete_51,59,javelin,117.32,98.4,163.96,149.99,162.33,162.53,114.91,135.46,73.99,91.7,38.43,3.46,20.85,3.95,0.46,0,0.706,94.7,setup,elite,Elite biomechanics detected.
SES_SNA_AVE_0006,athlete_41,47,snatch,123.75,107.65,133.36,130.48,67.57,38.99,161.29,179.88,83.82,74.69,31.84,2.32,23.1,1.5,0.59,0,0.774,61.2,setup,average,Lower your hips.
SES_SPR_GOO_0009,athlete_33,40,sprint,41.21,46.3,90.85,93.54,58.39,101.84,84.27,104.6,69.82,74.92,17.85,3.28,23.73,8.44,0.59,0,0.808,79.3,descent,good,Extend hips fully.
SES_VER_AVE_0002,athlete_07,62,vertical_jump,113.25,123.3,114.4,121.74,107.81,82.14,123.06,138.8,83.67,84.19,19.84,3.06,32.87,5.64,0.47,36.4,0.757,61.2,setup,average,Control trunk lean.
SES_JAV_ELI_0012,athlete_63,5,javelin,123.46,105.47,123.07,146.84,180,170.5,107.48,133.9,80.57,86.92,35.47,1.91,25.54,-2.19,0.46,0,0.688,96.8,descent,elite,Great form! Maintain position.
SES_CRI_AVE_0018,athlete_33,46,cricket_bat,113.17,118.74,157.61,153.28,98.56,127.29,180,170.7,77.38,88.11,16.27,3.97,30.04,1.87,0.43,0,0.698,69.5,setup,average,Control trunk lean.
SES_JAV_GOO_0013,athlete_64,70,javelin,111.96,113.36,160.87,156.79,163.7,133.34,139.69,148.96,75.21,80.82,48.15,2.61,31.37,2.11,0.56,0,0.729,83.2,descent,good,"Good depth, push harder through the heels."
SES_SNA_ELI_0004,athlete_06,49,snatch,90.6,91.42,89.23,106.75,42.52,56.01,180,177.66,92.8,91.05,12.47,1.6,38.88,-1.81,0.51,0,0.898,95.4,setup,elite,Hold this form.
SES_VER_ELI_0000,athlete_61,22,vertical_jump,94.11,100.5,92.02,88.26,63.87,62.96,101.99,123.25,71.28,82.95,7.93,1.53,35.29,-1.24,0.56,42.5,0.929,97.3,takeoff,elite,Great form! Maintain position.
SES_SPR_POO_0011,athlete_79,52,sprint,102.01,72.1,160.31,140.9,93.22,96.48,103.43,100.48,81.7,93.01,50.51,2.3,39.87,5.54,0.34,0,0.596,28.5,descent,poor,Adjust knee alignment.
SES_CRI_GOO_0017,athlete_32,54,cricket_bat,138.64,145.09,146.97,148.77,128.43,98.13,180,138.88,72.45,84.83,29.37,4.12,44.0,4.13,0.63,0,0.763,83.5,descent,good,"Good depth, push harder through the heels."
SES_VER_AVE_0002,athlete_61,46,vertical_jump,108.47,130.0,127.44,107.7,84.04,87.86,180,149.57,77.5,72.5,14.88,0.63,16.8,-0.62,0.48,33.4,0.704,65.0,setup,average,Activate core more.
SES_VER_POO_0003,athlete_64,15,vertical_jump,162.52,136.36,155.68,119.58,56.62,91.42,96.14,171.1,68.14,69.61,35.09,0.16,8.03,5.58,0.44,25.3,0.582,44.5,setup,poor,Work on symmetry.
SES_SPR_GOO_0009,athlete_51,23,sprint,56.33,55.95,108.8,102.87,93.95,92.44,88.61,114.01,81.88,74.07,23.81,1.74,31.68,2.42,0.59,0,0.832,80.9,setup,good,"Good depth, push harder through the heels."
SES_SPR_ELI_0008,athlete_19,51,sprint,52.32,50.78,87.99,75.34,83.85,77.0,83.82,86.77,59.72,87.11,9.34,4.45,39.77,2.25,0.55,0,0.848,93.9,descent,elite,Elite biomechanics detected.
SES_VER_POO_0003,athlete_22,37,vertical_jump,130.27,135.41,144.02,138.79,121.77,95.18,146.18,126.6,91.42,31.87,58.49,0.26,25.87,5.41,0.32,22.5,0.678,39.6,landing,poor,Critical form deviation.
SES_CRI_AVE_0018,athlete_63,86,cricket_bat,154.74,138.64,141.25,149.36,99.76,128.45,155.08,155.78,69.55,89.7,40.18,0.68,32.4,-3.83,0.45,0,0.672,74,descent,average,Control trunk lean.
SES_VER_POO_0003,athlete_19,76,vertical_jump,130.4,119.34,157.55,118.12,72.39,108.08,136.04,139.4,80.57,78.18,42.92,2.34,32.37,4.86,0.33,19.0,0.599,27.8,descent,poor,Critical form deviation.
SES_VER_GOO_0001,athlete_72,20,vertical_jump,94.69,105.98,107.59,95.52,67.12,57.03,135.52,131.98,82.38,87.96,17.58,1.69,22.87,3.2,0.54,28.6,0.814,77.6,flight,good,Slight asymmetry detected.
SES_SNA_AVE_0006,athlete_46,91,snatch,126.63,99.29,116.24,143.89,36.39,37.95,161.18,162.43,77.32,86.22,35.68,2.98,30.67,-2.0,0.55,0,0.698,66.6,setup,average,Control trunk lean.
SES_SNA_GOO_0005,athlete_65,70,snatch,86.26,113.02,101.36,115.03,61.27,40.72,162.98,170.43,81.9,96.73,17.77,0,41.42,3.05,0.52,0,0.793,84.3,descent,good,Slight asymmetry detected.
SES_SPR_ELI_0008,athlete_44,58,sprint,46.11,47.64,68.45,98.04,80.06,85.67,79.83,82.69,74.34,55.55,14.41,4.62,34.59,5.05,0.5,0,0.8,95.9,setup,elite,Elite biomechanics detected.
SES_VER_POO_0003,athlete_66,81,vertical_jump,144.56,139.71,134.66,145.48,69.45,64.3,168.27,180,85.18,64.4,27.88,0,16.81,1.53,0.49,20.2,0.668,49.0,descent,poor,Critical form deviation.
SES_SNA_AVE_0006,athlete_25,73,snatch,100.95,112.69,127.96,106.22,52.38,66.68,176.89,160.26,66.36,92.57,26.81,0.68,29.21,-5.35,0.42,0,0.738,64.9,setup,average,Activate core more.
SES_SPR_POO_0011,athlete_03,17,sprint,89.52,92.28,136.71,115.44,120.75,131.01,146.92,132.07,94.51,75.36,21.0,3.73,26.41,-2.88,0.54,0,0.664,39.5,descent,poor,Adjust knee alignment.
SES_VER_GOO_0001,athlete_76,81,vertical_jump,98.16,99.27,102.08,107.26,46.53,82.9,147.11,144.12,89.72,82.36,35.06,0.7,30.51,2.93,0.41,49.6,0.862,84.3,landing,good,Extend hips fully.
SES_VER_POO_0003,athlete_72,61,vertical_jump,151.31,146.48,159.49,154.22,72.66,104.74,133.99,180,79.18,59.53,46.35,0.87,27.26,3.53,0.48,31.1,0.681,38.9,flight,poor,Adjust knee alignment.
SES_CRI_ELI_0016,athlete_34,44,cricket_bat,114.36,119.59,134.82,148.33,84.7,88.51,118.4,142.78,93.46,83.19,31.89,0,29.7,0.56,0.55,0,0.78,92.2,descent,elite,Elite biomechanics detected.
SES_SPR_ELI_0008,athlete_72,33,sprint,36.53,57.95,90.69,94.74,86.57,74.89,82.51,90.23,60.74,75.38,14.14,3.71,46.95,5.54,0.52,0,0.776,97.7,setup,elite,Great form! Maintain position.
SES_SPR_ELI_0008,athlete_44,11,sprint,57.38,44.76,106.77,84.8,85.43,65.42,73.55,94.79,54.75,80.04,10.07,1.71,37.84,0.76,0.5,0,0.772,92.1,descent,elite,Hold this form.
SES_JAV_AVE_0014,athlete_53,73,javelin,120.2,123.69,152.21,177.14,122.09,151.61,158.55,149.25,66.04,73.96,41.63,0,39.27,1.64,0.5,0,0.629,71.9,descent,average,Control trunk lean.
SES_SNA_AVE_0006,athlete_03,83,snatch,108.25,108.16,129.71,125.75,84.53,65.0,153.89,123.62,89.58,80.54,47.42,2.82,12.04,-4.33,0.48,0,0.811,59.9,descent,average,Control trunk lean.
SES_SPR_ELI_0008,athlete_76,74,sprint,44.68,44.73,84.69,106.95,75.8,72.52,93.47,101.07,59.17,65.61,23.44,2.3,30.81,3.08,0.46,0,0.837,98.3,descent,elite,Hold this form.
SES_VER_GOO_0001,athlete_56,14,vertical_jump,103.45,102.1,92.29,101.4,85.46,70.96,135.86,104.73,89.29,69.4,0,0.28,25.44,5.64,0.49,40.1,0.849,81.8,descent,good,"Good depth, push harder through the heels."
SES_CRI_AVE_0018,athlete_29,92,cricket_bat,149.69,175,151.32,176.11,105.74,101.51,149.11,149.15,114.31,74.26,38.91,3.93,23.45,7.74,0.42,0,0.634,62.8,setup,average,Lower your hips.
SES_VER_ELI_0000,athlete_30,91,vertical_jump,103.52,91.01,101.38,93.68,62.73,54.67,121.32,92.91,80.81,83.39,9.21,1.73,30.9,-0.98,0.48,58.6,0.901,98.7,takeoff,elite,Hold this form.
SES_CRI_POO_0019,athlete_01,98,cricket_bat,165.97,159.57,157.25,150.44,115.5,123.76,180,172.66,102.29,70.71,70.37,4.74,17.32,6.46,0.42,0,0.595,32.4,setup,poor,Work on symmetry.
SES_JAV_ELI_0012,athlete_54,92,javelin,98.23,105.2,149.65,154.58,154.6,170.96,125.02,122.56,83.69,82.77,31.31,0.72,33.38,4.06,0.4,0,0.751,90.5,descent,elite,Great form! Maintain position.
SES_CRI_POO_0019,athlete_68,54,cricket_bat,175,145.19,155.73,178,127.52,130.83,148.69,140.38,124.16,85.78,13.22,1.12,33.1,8.18,0.47,0,0.531,29.4,setup,poor,Work on symmetry.
SES_CRI_GOO_0017,athlete_72,35,cricket_bat,128.21,134.74,144.77,150.02,109.36,80.22,180,148.64,90.35,90.05,21.63,4.15,9.72,-2.03,0.5,0,0.755,84.8,setup,good,Slight asymmetry detected.
SES_SNA_ELI_0004,athlete_62,81,snatch,83.5,86.92,98.81,81.74,51.48,43.11,180,180,90.69,91.47,25.15,2.69,32.36,3.87,0.5,0,0.886,90,descent,elite,Elite biomechanics detected.
SES_SPR_GOO_0009,athlete_77,81,sprint,76.92,48.92,93.6,92.29,86.25,82.15,91.11,92.05,88.78,91.97,11.51,3.65,31.08,2.7,0.46,0,0.737,89,descent,good,"Good depth, push harder through the heels."
SES_VER_ELI_0000,athlete_39,40,vertical_jump,82.47,92.08,88.62,94.71,60.5,70.12,94.79,138.1,99.38,72.55,1.73,1.84,39.22,0.18,0.53,50.0,0.909,90.4,landing,elite,Elite biomechanics detected.
SES_SNA_GOO_0005,athlete_06,43,snatch,89.77,99.07,106.37,121.05,69.14,56.15,171.36,178.98,98.45,76.08,21.29,3.02,10.8,5.94,0.49,0,0.835,87.6,descent,good,Extend hips fully.
SES_SPR_AVE_0010,athlete_30,54,sprint,83.88,69.99,111.36,121.03,66.67,90.82,124.65,95.11,77.31,79.92,15.58,3.24,31.14,2.44,0.55,0,0.726,61.7,descent,average,Activate core more.
SES_VER_ELI_0000,athlete_65,85,vertical_jump,93.18,95.72,96.96,84.93,52.75,63.81,120.37,126.27,79.15,85.54,14.92,0.99,41.07,2.93,0.52,51.0,0.915,94.1,descent,elite,Elite biomechanics detected.
SES_VER_ELI_0000,athlete_45,61,vertical_jump,97.93,94.11,84.47,102.09,70.15,60.45,139.98,108.09,72.36,98.5,11.25,1.49,41.77,1.09,0.55,54.1,0.897,94.9,takeoff,elite,Elite biomechanics detected.
SES_SPR_AVE_0010,athlete_51,67,sprint,66.36,75.54,116.49,118.6,94.52,77.1,106.37,106.18,73.23,81.94,36.65,0,25.06,0.69,0.5,0,0.758,63.4,descent,average,Activate core more.
SES_SNA_ELI_0004,athlete_32,54,snatch,78.12,94.49,102.53,91.1,48.26,40.7,180,180,99.58,93.45,24.46,3.35,31.46,4.86,0.5,0,0.865,92.6,descent,elite,Great form! Maintain position.
SES_SPR_GOO_0009,athlete_41,39,sprint,67.56,51.06,92.22,111.7,98.75,88.54,96.15,98.32,71.58,82.81,17.39,2.53,16.23,1.39,0.47,0,0.724,78.7,setup,good,"Good depth, push harder through the heels."
SES_VER_GOO_0001,athlete_33,37,vertical_jump,97.99,90.77,117.0,114.1,91.74,63.53,148.23,117.64,73.4,97.65,17.07,4.08,23.24,-1.59,0.5,57.0,0.85,84.4,descent,good,"Good depth, push harder through the heels."
SES_SNA_ELI_0004,athlete_69,35,snatch,104.81,88.44,103.65,106.89,50.28,45.9,179.46,179.69,97.49,94.43,18.52,2.07,31.83,0.21,0.49,0,0.894,96.3,descent,elite,Great form! Maintain position.
SES_SNA_ELI_0004,athlete_12,5,snatch,99.68,83.35,100.13,102.12,36.48,33.14,175.62,175.54,94.36,81.66,13.28,2.63,34.71,6.07,0.61,0,0.895,93.6,setup,elite,Great form! Maintain position.
SES_JAV_ELI_0012,athlete_24,71,javelin,99.38,115.43,161.09,142.42,166.22,167.41,118.44,132.1,85.77,84.88,38.86,1.97,39.14,2.38,0.52,0,0.704,94.8,descent,elite,Great form! Maintain position.
SES_VER_GOO_0001,athlete_36,45,vertical_jump,106.69,105.31,104.88,96.15,85.89,72.22,120.47,134.82,70.55,97.99,17.09,3.42,21.09,1.44,0.43,38.5,0.851,84.5,descent,good,"Good depth, push harder through the heels."
SES_SPR_AVE_0010,athlete_49,18,sprint,51.91,62.98,125.09,128.43,86.51,72.62,124.09,83.66,111.84,63.3,27.58,3.91,29.47,-4.34,0.41,0,0.739,64.1,setup,average,Control trunk lean.
SES_SNA_GOO_0005,athlete_77,94,snatch,85.38,99.25,122.96,117.52,62.7,50.61,180,164.82,78.11,81.09,17.26,2.76,15.37,-0.26,0.51,0,0.845,75,descent,good,Slight asymmetry detected.
SES_SNA_GOO_0005,athlete_44,64,snatch,94.94,105.24,100.22,105.78,34.6,36.71,180,175.47,78.13,78.2,20.51,3.23,28.05,6.53,0.44,0,0.855,87.2,descent,good,"Good depth, push harder through the heels."
SES_VER_AVE_0002,athlete_07,88,vertical_jump,123.79,115.2,130.91,127.94,81.74,60.12,148.23,173.67,87.38,83.15,20.66,0.98,29.94,7.02,0.41,17.5,0.772,67.7,takeoff,average,Lower your hips.
SES_SPR_POO_0011,athlete_69,2,sprint,105.17,65.39,158.04,142.14,127.65,124.75,131.06,147.49,80.29,79.45,57.68,0,22.33,4.61,0.47,0,0.576,51.2,descent,poor,LOWER HIPS!
SES_SNA_ELI_0004,athlete_59,16,snatch,83.62,85.77,91.99,105.43,45.8,40.66,174.55,173.42,91.91,78.66,22.64,2.13,39.18,-0.09,0.54,0,0.904,93.1,setup,elite,Elite biomechanics detected.
SES_VER_POO_0003,athlete_46,69,vertical_jump,113.89,157.24,145.48,131.52,126.51,98.81,125.04,168.12,48.26,54.76,63.0,1.94,24.02,-4.85,0.49,14.7,0.589,39.0,setup,poor,Adjust knee alignment.
SES_JAV_ELI_0012,athlete_41,49,javelin,120.14,107.88,157.68,150.19,177.46,168.42,135.37,134.65,87.18,81.77,30.07,1.55,34.34,5.37,0.49,0,0.735,97.4,setup,elite,Great form! Maintain position.
SES_VER_POO_0003,athlete_07,59,vertical_jump,145.34,132.03,141.07,148.48,84.06,95.8,138.39,136.45,84.0,73.32,49.06,1.26,24.43,1.02,0.52,19.5,0.658,39.0,setup,poor,Work on symmetry.
SES_SPR_AVE_0010,athlete_12,84,sprint,58.47,78.13,114.97,130.34,93.23,89.99,157.07,114.74,88.12,93.7,22.08,1.39,32.9,-0.99,0.44,0,0.689,71.7,descent,average,Lower your hips.
SES_JAV_ELI_0012,athlete_07,31,javelin,106.94,98.53,135.37,148.42,163.94,158.17,154.36,128.83,96.65,73.3,47.63,1.59,19.04,3.39,0.45,0,0.73,98.6,descent,elite,Hold this form.
SES_SNA_GOO_0005,athlete_48,48,snatch,117.77,107.53,97.21,105.87,50.08,51.79,162.0,172.15,95.32,79.59,20.99,3.35,29.43,3.34,0.56,0,0.849,81.5,setup,good,Slight asymmetry detected.
SES_SNA_POO_0007,athlete_67,49,snatch,124.13,120.96,154.06,178,72.3,50.52,156.85,145.82,52.56,64.13,54.72,2.81,22.74,-3.2,0.5,0,0.672,31.5,descent,poor,Work on symmetry.
SES_VER_POO_0003,athlete_47,2,vertical_jump,137.5,136.8,132.17,134.3,77.19,81.72,98.41,143.08,59.67,76.33,41.06,1.02,38.47,4.93,0.36,2.0,0.694,29.2,landing,poor,LOWER HIPS!
SES_CRI_ELI_0016,athlete_11,91,cricket_bat,123.87,114.63,131.67,126.27,95.05,66.81,98.99,136.44,92.45,90.65,29.97,2.63,35.57,0.58,0.53,0,0.785,96.2,descent,elite,Hold this form.
SES_SPR_POO_0011,athlete_67,53,sprint,91.54,88.1,140.62,146.62,103.9,81.35,99.67,134.44,96.53,91.37,20.06,2.51,28.78,1.59,0.42,0,0.696,46.5,descent,poor,Adjust knee alignment.
SES_CRI_AVE_0018,athlete_45,74,cricket_bat,145.17,121.77,121.58,152.05,113.88,117.8,147.22,155.22,71.34,81.86,33.11,2.47,25.41,-0.63,0.5,0,0.612,64.0,descent,average,Activate core more.
SES_VER_POO_0003,athlete_50,94,vertical_jump,152.68,152.16,144.99,133.84,81.53,113.79,140.67,156.11,74.86,68.63,41.92,0,29.29,4.32,0.45,22.1,0.676,39.8,flight,poor,LOWER HIPS!
SES_SPR_POO_0011,athlete_68,63,sprint,89.1,88.17,121.83,135.87,119.6,72.81,134.41,147.31,97.37,94.38,37.62,2.37,28.91,-0.18,0.44,0,0.686,35.0,setup,poor,LOWER HIPS!
SES_CRI_ELI_0016,athlete_63,76,cricket_bat,116.8,118.43,135.69,148.25,84.28,88.62,144.68,148.12,91.18,87.81,15.65,0,27.75,1.53,0.56,0,0.79,91.9,descent,elite,Elite biomechanics detected.
SES_CRI_ELI_0016,athlete_68,24,cricket_bat,106.46,120.33,154.06,138.45,80.01,82.63,145.02,158.6,84.29,80.41,19.07,2.3,21.31,4.0,0.5,0,0.755,99.9,setup,elite,Elite biomechanics detected.
SES_SPR_GOO_0009,athlete_40,4,sprint,42.38,56.68,102.05,85.46,87.27,66.48,101.51,94.52,87.9,73.46,30.86,1.73,34.88,7.42,0.46,0,0.726,82.3,descent,good,Slight asymmetry detected.
SES_SPR_AVE_0010,athlete_52,38,sprint,35.17,65.05,94.76,130.61,118.02,53.57,116.44,119.76,107.09,86.13,34.22,1.1,21.41,-0.02,0.49,0,0.58,61.6,setup,average,Lower your hips.
SES_JAV_POO_0015,athlete_39,99,javelin,140.11,119.75,164.06,178,176.66,137.36,180,151.69,75.68,62.71,64.78,4.28,26.65,0.11,0.5,0,0.533,29.1,descent,poor,Critical form deviation.
SES_CRI_ELI_0016,athlete_77,30,cricket_bat,140.75,114.12,129.63,126.06,93.29,97.91,137.56,118.44,86.8,83.95,11.63,2.3,26.0,2.63,0.45,0,0.755,90.8,setup,elite,Great form! Maintain position.
SES_SNA_POO_0007,athlete_56,30,snatch,137.58,101.16,138.78,136.44,86.77,81.28,155.0,137.01,49.31,76.51,61.35,1.99,23.89,-0.41,0.42,0,0.636,43.5,setup,poor,Work on symmetry.
SES_VER_AVE_0002,athlete_20,99,vertical_jump,104.74,103.0,124.05,126.59,66.09,70.86,154.86,146.4,71.88,79.68,20.32,1.2,44.55,0.69,0.45,28.3,0.789,63.8,descent,average,Activate core more.
SES_JAV_GOO_0013,athlete_53,17,javelin,113.31,134.99,151.69,149.07,141.06,172.81,157.53,136.36,72.93,62.13,33.29,4.74,31.45,1.88,0.5,0,0.687,81.4,descent,good,Slight asymmetry detected.
SES_VER_ELI_0000,athlete_57,38,vertical_jump,87.56,98.47,90.41,109.98,51.66,61.95,102.34,148.49,91.93,80.55,7.05,3.02,46.68,1.67,0.47,55.8,0.873,92.3,descent,elite,Hold this form.
SES_JAV_POO_0015,athlete_58,25,javelin,147.76,158.32,163.27,166.78,136.14,129.94,134.07,119.04,86.65,62.44,51.58,2.79,10.3,3.53,0.48,0,0.574,45.2,setup,poor,Critical form deviation.
SES_VER_ELI_0000,athlete_49,41,vertical_jump,91.46,95.3,86.02,88.13,63.79,53.28,142.11,100.01,74.48,81.05,20.1,4.88,18.57,2.21,0.57,63.1,0.941,93.0,descent,elite,Elite biomechanics detected.
SES_SPR_POO_0011,athlete_39,84,sprint,81.29,86.4,124.24,124.36,115.33,112.45,131.43,156.97,52.81,86.81,24.77,4.55,21.9,-0.44,0.46,0,0.702,42.3,descent,poor,Adjust knee alignment.
SES_VER_ELI_0000,athlete_13,50,vertical_jump,102.27,97.75,100.79,100.3,69.83,57.22,119.58,113.06,81.68,78.74,10.04,2.35,26.83,2.21,0.53,57.4,0.945,90,descent,elite,Elite biomechanics detected.
SES_VER_ELI_0000,athlete_39,5,vertical_jump,97.35,91.95,105.15,104.04,73.7,60.08,94.34,114.63,83.72,98.01,15.52,2.07,35.54,1.17,0.44,71.3,0.94,94.3,takeoff,elite,Great form! Maintain position.
SES_CRI_POO_0019,athlete_10,93,cricket_bat,172.66,167.53,178,159.17,150.02,142.49,166.35,169.24,77.53,65.76,48.03,2.81,28.76,2.54,0.37,0,0.579,31.3,descent,poor,Critical form deviation.
SES_CRI_ELI_0016,athlete_65,3,cricket_bat,127.58,119.42,129.56,145.6,86.59,88.2,140.86,154.03,80.57,88.7,3.69,3.32,32.46,-1.57,0.39,0,0.768,93.3,descent,elite,Elite biomechanics detected.
SES_VER_POO_0003,athlete_70,16,vertical_jump,139.31,163.46,164.12,143.65,105.48,92.1,128.86,136.95,76.52,55.67,33.18,3.98,25.75,-2.4,0.36,18.8,0.618,34.3,takeoff,poor,Adjust knee alignment.
SES_VER_POO_0003,athlete_35,67,vertical_jump,134.86,140.26,129.73,147.84,94.61,78.0,96.42,136.25,83.74,72.71,0,2.74,21.19,-3.4,0.45,34.4,0.652,23.3,takeoff,poor,Work on symmetry.
SES_SPR_POO_0011,athlete_07,4,sprint,42.5,113.75,147.65,132.45,71.33,111.27,155.14,126.18,104.8,92.92,33.21,1.6,15.98,0.1,0.3,0,0.501,38.8,setup,poor,Critical form deviation.
SES_JAV_ELI_0012,athlete_03,80,javelin,106.45,108.17,151.99,143.66,163.72,164.98,135.07,108.78,82.4,91.52,28.81,0,29.57,-1.42,0.45,0,0.759,95.4,setup,elite,Elite biomechanics detected.
SES_SPR_ELI_0008,athlete_32,4,sprint,43.65,54.15,106.52,94.85,83.92,89.21,92.75,82.94,80.46,83.94,16.5,3.67,27.24,2.73,0.58,0,0.809,98.6,descent,elite,Great form! Maintain position.
SES_SPR_ELI_0008,athlete_74,2,sprint,45.83,59.01,95.53,91.34,60.22,75.38,83.74,91.03,57.04,59.6,6.08,0,22.27,1.83,0.57,0,0.82,98.9,descent,elite,Hold this form.
SES_SPR_AVE_0010,athlete_54,48,sprint,60.7,73.36,124.26,104.76,91.88,84.49,91.16,82.67,76.41,89.14,32.73,1.17,21.63,1.59,0.42,0,0.701,72.3,descent,average,Control trunk lean.
SES_SPR_ELI_0008,athlete_60,63,sprint,43.75,51.69,83.42,91.39,75.11,63.64,94.86,82.76,79.3,77.72,14.19,0,46.48,3.31,0.48,0,0.828,95.9,descent,elite,Elite biomechanics detected.
SES_CRI_ELI_0016,athlete_68,13,cricket_bat,104.54,101.09,140.78,130.9,105.94,101.2,141.93,128.52,93.53,94.1,16.25,0.45,33.19,-0.48,0.49,0,0.789,90,descent,elite,Elite biomechanics detected.
SES_SNA_GOO_0005,athlete_74,84,snatch,98.05,95.49,92.96,99.92,59.3,69.88,156.54,175.36,75.81,91.13,28.61,3.69,23.76,0.05,0.51,0,0.871,83.0,setup,good,"Good depth, push harder through the heels."
SES_JAV_POO_0015,athlete_16,11,javelin,139.55,132.8,178,166.0,151.02,117.09,176.21,163.96,62.05,67.53,51.08,6.06,23.49,4.44,0.38,0,0.565,31.6,descent,poor,Work on symmetry.
SES_JAV_ELI_0012,athlete_73,43,javelin,91.58,100.74,147.88,151.04,174.51,170.11,136.15,121.46,75.97,92.6,33.83,2.68,36.04,7.4,0.49,0,0.746,95.3,setup,elite,Hold this form.
SES_SNA_AVE_0006,athlete_24,45,snatch,95.51,113.84,119.34,150.41,44.57,53.11,138.0,173.57,85.65,69.85,21.2,2.7,26.93,6.21,0.59,0,0.71,71.3,descent,average,Lower your hips.
SES_VER_POO_0003,athlete_06,96,vertical_jump,152.3,138.93,145.31,130.29,112.96,81.96,130.38,157.64,53.32,55.99,50.43,2.82,36.6,2.41,0.51,20.4,0.643,33.2,descent,poor,Adjust knee alignment.
SES_JAV_GOO_0013,athlete_60,62,javelin,111.94,111.28,168.72,141.7,173.85,158.21,141.29,114.41,84.51,85.92,52.61,2.51,30.64,1.3,0.54,0,0.69,79.6,descent,good,Extend hips fully.
SES_SPR_AVE_0010,athlete_75,44,sprint,54.82,67.82,115.19,107.54,91.9,94.99,96.45,94.57,69.6,99.47,23.21,4.59,35.82,6.6,0.52,0,0.723,63.9,setup,average,Control trunk lean.
SES_CRI_AVE_0018,athlete_57,14,cricket_bat,132.13,154.84,162.44,155.39,125.48,105.14,131.84,163.35,80.63,81.54,49.41,0.73,22.47,5.87,0.63,0,0.663,55,setup,average,Control trunk lean.
SES_CRI_GOO_0017,athlete_25,77,cricket_bat,127.47,126.42,146.22,153.89,106.98,95.18,167.03,176.46,89.07,84.64,20.65,0,23.74,-0.62,0.5,0,0.763,82.2,descent,good,Slight asymmetry detected.
SES_JAV_GOO_0013,athlete_05,18,javelin,124.79,105.15,168.09,151.48,151.88,137.93,159.74,125.57,79.98,86.01,32.64,2.68,21.9,-1.82,0.59,0,0.663,78.3,setup,good,Slight asymmetry detected.
SES_JAV_AVE_0014,athlete_62,23,javelin,112.81,126.23,143.2,161.22,151.9,132.74,126.37,160.32,77.48,73.89,71.66,1.91,20.83,-0.49,0.6,0,0.615,64.2,setup,average,Control trunk lean.
SES_SPR_ELI_0008,athlete_28,94,sprint,42.72,39.83,104.68,85.87,84.83,74.14,84.93,82.98,73.2,70.23,11.34,4.26,39.94,8.13,0.55,0,0.826,96.4,setup,elite,Great form! Maintain position.
SES_VER_POO_0003,athlete_78,10,vertical_jump,131.37,142.71,155.66,138.51,118.57,92.71,131.99,156.64,68.6,62.18,61.56,2.45,17.5,0.13,0.47,18.7,0.643,40.8,descent,poor,LOWER HIPS!
SES_VER_ELI_0000,athlete_21,80,vertical_jump,81.86,90.68,96.39,92.76,45.64,63.73,102.78,140.4,99.3,86.42,13.35,0,43.64,9.11,0.42,65.2,0.92,96.0,setup,elite,Great form! Maintain position.
SES_SNA_AVE_0006,athlete_48,42,snatch,110.3,112.48,144.39,112.51,62.8,69.16,180,166.57,73.33,77.43,29.62,2.92,10.51,0.69,0.45,0,0.748,59.9,setup,average,Activate core more.
SES_JAV_AVE_0014,athlete_36,44,javelin,120.85,126.99,171.73,155.14,172.87,105.71,149.23,153.44,59.89,70.76,61.76,1.44,19.78,8.95,0.5,0,0.637,60.5,descent,average,Control trunk lean.
SES_CRI_GOO_0017,athlete_59,25,cricket_bat,109.55,128.8,146.45,153.04,88.86,107.15,137.12,164.42,94.78,91.15,33.91,3.18,10.86,-1.59,0.49,0,0.722,82.1,descent,good,"Good depth, push harder through the heels."
SES_SPR_GOO_0009,athlete_36,5,sprint,67.76,49.28,108.54,101.85,94.38,85.06,100.83,107.77,76.03,69.03,32.73,4.46,29.28,1.79,0.52,0,0.75,81.6,setup,good,Slight asymmetry detected.
SES_CRI_POO_0019,athlete_58,0,cricket_bat,144.55,163.57,163.3,155.43,110.46,133.68,140.62,155.4,91.18,70.41,31.39,1.28,14.37,1.14,0.36,0,0.571,48.3,descent,poor,Work on symmetry.
SES_VER_ELI_0000,athlete_59,73,vertical_jump,95.78,90.88,97.34,95.52,68.01,60.18,111.98,113.46,99.69,94.72,15.64,0.24,23.22,-1.37,0.39,53.0,0.939,95.2,setup,elite,Hold this form.
SES_CRI_AVE_0018,athlete_62,90,cricket_bat,168.68,154.24,165.02,170.12,136.85,135.63,180,146.12,96.51,73.81,51.06,3.89,17.64,3.58,0.47,0,0.685,65.8,descent,average,Lower your hips.
SES_JAV_POO_0015,athlete_36,75,javelin,126.78,140.39,163.47,149.0,138.05,122.1,141.26,180,71.86,63.81,30.87,2.83,33.51,-0.76,0.48,0,0.544,46.0,descent,poor,Adjust knee alignment.
SES_VER_AVE_0002,athlete_67,48,vertical_jump,105.83,97.18,129.64,113.42,94.37,57.2,93.45,169.2,80.69,65.04,13.85,1.19,17.13,-1.63,0.51,32.7,0.738,71.5,takeoff,average,Lower your hips.
SES_SNA_AVE_0006,athlete_06,95,snatch,107.86,113.6,115.78,124.22,88.64,69.83,135.43,169.75,57.55,85.62,42.7,1.88,18.98,2.25,0.39,0,0.784,69.6,setup,average,Control trunk lean.
SES_SPR_AVE_0010,athlete_49,47,sprint,54.47,58.83,107.8,113.66,95.48,97.03,137.18,99.72,92.72,75.04,13.31,0.38,27.73,-0.41,0.49,0,0.762,67.2,descent,average,Lower your hips.
SES_CRI_POO_0019,athlete_19,68,cricket_bat,175,159.46,155.71,167.75,161.89,110.14,180,164.0,50.79,97.04,46.69,1.74,19.59,2.78,0.53,0,0.572,54,descent,poor,Adjust knee alignment.
SES_SNA_AVE_0006,athlete_24,15,snatch,113.27,100.91,123.17,126.11,78.85,91.87,178.05,157.32,56.48,82.28,51.17,1.92,24.31,5.22,0.48,0,0.78,57.6,descent,average,Control trunk lean.
SES_VER_POO_0003,athlete_53,23,vertical_jump,172.34,148.66,132.88,124.54,103.07,73.0,123.93,141.07,51.09,53.82,46.39,3.34,34.86,1.0,0.53,13.7,0.64,51.5,setup,poor,Critical form deviation.
SES_CRI_POO_0019,athlete_38,39,cricket_bat,175,175,178,177.19,151.49,124.75,162.7,163.75,79.9,72.61,45.6,3.02,16.64,2.25,0.41,0,0.619,40.3,descent,poor,Adjust knee alignment.
SES_JAV_ELI_0012,athlete_75,15,javelin,105.33,109.4,147.98,153.53,166.68,174.97,132.08,131.31,71.39,84.16,32.07,2.99,42.57,-0.91,0.5,0,0.758,97.0,descent,elite,Elite biomechanics detected.
SES_SNA_AVE_0006,athlete_41,61,snatch,128.37,111.75,120.55,114.75,68.92,50.61,136.44,180,87.71,62.22,35.07,0.13,18.71,2.17,0.61,0,0.767,59.0,setup,average,Activate core more.
SES_SNA_ELI_0004,athlete_63,3,snatch,87.59,95.14,90.71,102.23,47.88,47.45,179.83,180,87.57,88.47,29.05,2.14,33.56,-1.45,0.63,0,0.892,92.3,descent,elite,Elite biomechanics detected.
SES_SPR_GOO_0009,athlete_72,75,sprint,59.38,56.7,100.45,112.83,41.86,63.02,112.86,102.96,78.96,69.79,13.24,0.83,15.62,0.54,0.46,0,0.804,80.3,descent,good,Slight asymmetry detected.
SES_VER_GOO_0001,athlete_19,19,vertical_jump,88.6,102.87,107.81,107.32,61.84,72.1,149.04,106.51,101.32,73.6,20.78,1.69,20.74,5.44,0.5,39.6,0.837,89,setup,good,Extend hips fully.
SES_JAV_GOO_0013,athlete_52,56,javelin,106.72,117.69,159.06,143.71,166.77,163.39,136.9,150.43,68.57,89.78,50.46,2.11,29.52,4.47,0.45,0,0.683,79.5,descent,good,Extend hips fully.
SES_CRI_GOO_0017,athlete_60,76,cricket_bat,147.06,118.95,139.76,149.12,107.97,83.77,147.74,149.4,97.65,81.15,21.37,2.23,21.34,1.0,0.42,0,0.704,83.7,descent,good,Slight asymmetry detected.
SES_SPR_ELI_0008,athlete_69,5,sprint,45.15,45.45,79.17,89.86,91.07,60.66,96.68,107.11,71.04,78.33,24.36,0.39,32.43,3.52,0.59,0,0.862,96.8,descent,elite,Great form! Maintain position.
SES_SNA_GOO_0005,athlete_37,77,snatch,99.52,85.98,126.58,109.58,48.7,47.15,165.76,169.52,67.77,81.54,33.89,1.53,23.08,0.22,0.48,0,0.819,82.0,descent,good,"Good depth, push harder through the heels."
SES_VER_ELI_0000,athlete_57,9,vertical_jump,81.36,96.18,99.86,88.63,45.17,63.62,119.32,111.06,92.15,86.74,14.61,2.73,30.38,3.2,0.57,52.3,0.88,96.0,descent,elite,Great form! Maintain position.
SES_JAV_POO_0015,athlete_46,13,javelin,172.5,149.94,135.66,176.49,159.04,91.82,180,180,72.27,75.95,42.46,0,15.09,2.19,0.42,0,0.5,33.2,descent,poor,Work on symmetry.
SES_JAV_POO_0015,athlete_33,90,javelin,137.72,125.45,154.21,162.75,117.2,142.49,173.68,167.85,34.58,62.77,72.0,2.32,16.46,3.7,0.4,0,0.558,40.8,setup,poor,LOWER HIPS!
SES_CRI_ELI_0016,athlete_40,96,cricket_bat,94.32,128.76,125.92,137.18,70.3,84.01,147.82,148.15,80.81,95.11,21.26,1.26,30.36,-0.82,0.46,0,0.715,90,setup,elite,Elite biomechanics detected.
SES_JAV_GOO_0013,athlete_64,42,javelin,128.8,128.21,136.12,138.22,158.96,145.87,115.51,143.12,74.22,75.07,44.36,2.31,36.4,0.91,0.54,0,0.734,80.6,descent,good,Extend hips fully.
SES_VER_POO_0003,athlete_02,33,vertical_jump,162.79,134.74,125.29,132.58,135.52,88.11,130.77,168.03,72.27,72.8,64.1,6.03,28.93,2.3,0.54,20.1,0.632,48.2,takeoff,poor,LOWER HIPS!
SES_CRI_GOO_0017,athlete_21,92,cricket_bat,124.13,128.65,141.14,145.02,105.25,81.72,155.02,142.59,74.98,90.06,39.27,1.56,27.47,-2.14,0.42,0,0.761,78.0,setup,good,Extend hips fully.
SES_CRI_AVE_0018,athlete_29,88,cricket_bat,149.98,147.07,177.01,150.25,103.4,118.89,159.35,158.6,85.62,71.72,19.29,4.85,33.27,2.6,0.43,0,0.669,65.7,descent,average,Lower your hips.
SES_CRI_GOO_0017,athlete_53,88,cricket_bat,119.34,128.41,156.9,163.31,101.87,86.74,119.86,140.76,76.33,92.6,31.4,5.22,30.44,4.56,0.53,0,0.747,78.3,descent,good,Extend hips fully.
SES_VER_POO_0003,athlete_27,78,vertical_jump,124.1,128.69,106.05,125.42,104.41,108.75,152.15,143.17,56.35,59.67,40.25,2.13,25.98,4.14,0.41,15.8,0.643,44.3,flight,poor,Work on symmetry.
SES_JAV_GOO_0013,athlete_50,24,javelin,138.21,111.0,141.2,145.48,168.09,145.16,147.05,146.57,68.03,66.6,49.1,4.32,28.8,-3.99,0.6,0,0.672,75.4,setup,good,Slight asymmetry detected.
SES_SPR_POO_0011,athlete_36,82,sprint,111.78,101.98,153.19,137.52,103.75,131.19,125.51,128.41,102.7,92.38,55.12,1.84,29.25,0.73,0.45,0,0.663,32.3,setup,poor,Critical form deviation.
SES_VER_ELI_0000,athlete_78,86,vertical_jump,84.78,93.86,100.09,87.04,67.94,64.41,139.1,118.73,84.78,85.84,10.15,2.63,28.52,0.18,0.53,58.6,0.892,96.0,flight,elite,Great form! Maintain position.
SES_CRI_ELI_0016,athlete_57,23,cricket_bat,114.19,124.1,131.2,134.86,77.77,98.75,141.11,132.4,86.98,90.91,14.28,2.4,34.08,2.74,0.5,0,0.788,93.5,descent,elite,Great form! Maintain position.
SES_VER_POO_0003,athlete_09,70,vertical_jump,144.92,155.62,120.75,124.55,96.7,88.88,103.23,151.68,75.57,101.04,38.59,1.89,36.36,1.58,0.5,24.1,0.67,39.7,takeoff,poor,Critical form deviation.
SES_CRI_ELI_0016,athlete_52,9,cricket_bat,129.71,116.31,136.31,143.28,106.34,82.38,150.64,137.18,95.11,93.73,12.9,3.01,22.59,3.2,0.51,0,0.774,95.0,setup,elite,Great form! Maintain position.
SES_SPR_GOO_0009,athlete_21,48,sprint,63.57,56.83,103.75,98.08,89.2,82.19,93.97,135.97,71.97,70.11,15.06,4.73,30.38,2.78,0.53,0,0.802,75.6,setup,good,"Good depth, push harder through the heels."
SES_JAV_POO_0015,athlete_53,33,javelin,146.16,136.82,171.04,151.5,59.71,129.12,180,166.06,89.44,59.36,74.63,0.51,30.09,5.13,0.37,0,0.547,30.5,setup,poor,Work on symmetry.
SES_SPR_POO_0011,athlete_28,36,sprint,98.66,81.84,133.07,148.09,120.81,98.65,98.84,118.58,94.12,87.5,57.21,2.8,25.35,2.72,0.43,0,0.638,28.7,descent,poor,Critical form deviation.
SES_CRI_GOO_0017,athlete_34,83,cricket_bat,133.81,116.61,151.3,126.12,94.23,104.99,168.22,132.38,84.98,79.62,11.83,1.79,33.76,4.04,0.55,0,0.692,88.7,descent,good,"Good depth, push harder through the heels."
SES_CRI_POO_0019,athlete_32,25,cricket_bat,127.09,148.41,156.58,170.12,96.43,104.18,174.08,154.7,53.71,85.82,71.53,0.6,12.39,-1.38,0.33,0,0.553,47.9,setup,poor,LOWER HIPS!
SES_CRI_ELI_0016,athlete_35,61,cricket_bat,112.75,109.18,145.73,139.91,91.45,88.03,168.75,139.53,92.68,97.78,17.6,1.6,36.06,1.2,0.5,0,0.799,96.0,setup,elite,Hold this form.
SES_SPR_AVE_0010,athlete_61,42,sprint,75.06,76.18,109.68,119.16,67.1,103.25,81.2,116.43,60.27,80.57,25.23,1.7,25.57,3.45,0.42,0,0.772,67.0,setup,average,Activate core more.
SES_SPR_POO_0011,athlete_74,71,sprint,95.0,103.27,131.09,136.02,102.99,96.88,99.43,146.6,110.07,89.62,79.93,1.92,25.25,1.28,0.57,0,0.685,54,descent,poor,LOWER HIPS!
SES_JAV_ELI_0012,athlete_29,4,javelin,103.39,109.3,158.89,147.48,164.71,170.19,121.03,119.96,83.59,78.03,42.76,2.24,36.71,2.03,0.56,0,0.742,95.5,descent,elite,Great form! Maintain position.
SES_CRI_ELI_0016,athlete_01,75,cricket_bat,103.86,112.8,123.7,145.19,76.42,73.87,144.31,138.01,104.92,88.35,11.11,1.33,43.68,-1.69,0.59,0,0.752,95.6,setup,elite,Elite biomechanics detected.
SES_SPR_ELI_0008,athlete_70,44,sprint,63.25,42.08,90.18,96.11,83.22,68.84,65.19,86.49,72.43,65.0,9.14,1.3,26.42,1.86,0.55,0,0.781,95.1,setup,elite,Elite biomechanics detected.
SES_VER_ELI_0000,athlete_78,81,vertical_jump,94.43,88.67,106.29,86.36,48.14,59.96,141.3,114.11,103.67,97.78,11.19,1.4,44.34,0.18,0.52,62.3,0.885,94.5,flight,elite,Hold this form.
SES_SNA_POO_0007,athlete_73,98,snatch,127.2,128.72,137.69,143.47,67.73,69.65,180,180,77.1,65.63,40.56,0.02,32.2,2.25,0.64,0,0.704,35.6,descent,poor,Work on symmetry.
SES_JAV_GOO_0013,athlete_07,71,javelin,93.42,95.35,156.78,164.68,137.54,160.09,123.25,132.65,78.65,76.95,44.53,1.51,21.69,-1.42,0.59,0,0.72,82.8,setup,good,Extend hips fully.
SES_CRI_POO_0019,athlete_44,30,cricket_bat,146.92,169.45,170.75,178,147.37,147.25,164.84,159.87,93.38,73.7,36.66,2.56,28.12,-1.17,0.46,0,0.568,43.5,setup,poor,Adjust knee alignment.
SES_JAV_ELI_0012,athlete_60,60,javelin,113.61,109.11,150.49,143.56,162.32,158.95,128.43,127.93,74.12,82.15,32.27,3.92,38.71,-1.62,0.55,0,0.754,96.4,descent,elite,Elite biomechanics detected.
SES_SNA_POO_0007,athlete_69,61,snatch,144.1,152.2,130.24,149.24,91.36,50.98,151.93,160.8,45.11,55.03,54.84,0.34,33.88,4.14,0.46,0,0.666,32.8,setup,poor,Critical form deviation.
SES_SPR_POO_0011,athlete_20,59,sprint,84.59,91.03,121.29,128.68,97.26,123.08,99.37,110.11,74.68,80.79,28.19,2.97,15.97,0.9,0.37,0,0.682,34.1,setup,poor,LOWER HIPS!
SES_CRI_ELI_0016,athlete_12,48,cricket_bat,117.14,121.36,143.89,128.04,93.22,76.05,157.32,144.33,90.37,84.59,18.65,0.78,38.03,2.62,0.58,0,0.777,93.0,descent,elite,Great form! Maintain position.
SES_JAV_POO_0015,athlete_22,1,javelin,150.14,129.22,154.61,153.56,122.01,141.0,144.12,151.73,55.12,52.4,80,0,24.93,-0.3,0.45,0,0.556,29.2,descent,poor,Adjust knee alignment.
SES_CRI_GOO_0017,athlete_40,12,cricket_bat,129.07,140.03,134.5,153.54,91.56,92.35,173.44,159.33,73.98,85.64,8.21,0.66,28.34,0.37,0.51,0,0.719,82.5,setup,good,Extend hips fully.
SES_SNA_ELI_0004,athlete_18,45,snatch,98.42,88.19,98.88,99.42,29.23,41.75,177.46,180,98.65,86.67,20.64,3.14,39.17,3.45,0.48,0,0.917,94.6,setup,elite,Elite biomechanics detected.
SES_VER_POO_0003,athlete_59,29,vertical_jump,128.15,149.88,122.42,137.38,55.37,111.01,137.63,110.68,70.19,82.92,54.96,1.38,8.97,4.39,0.32,17.0,0.624,27.4,descent,poor,Adjust knee alignment.
SES_VER_AVE_0002,athlete_13,84,vertical_jump,108.14,118.7,111.7,110.39,47.99,74.01,141.03,147.69,100.55,70.87,23.94,0.27,42.32,2.78,0.44,29.0,0.77,71.2,takeoff,average,Control trunk lean.
SES_VER_AVE_0002,athlete_20,69,vertical_jump,126.09,109.86,98.7,107.91,69.05,75.26,116.09,131.84,96.45,82.67,33.94,0.61,31.8,0.22,0.41,34.2,0.736,68.8,landing,average,Control trunk lean.
SES_SNA_POO_0007,athlete_63,65,snatch,124.29,124.05,112.76,117.24,68.2,92.44,180,174.35,80.43,73.11,33.65,0.01,24.77,3.26,0.49,0,0.708,26.4,descent,poor,Adjust knee alignment.
SES_SPR_GOO_0009,athlete_64,56,sprint,65.5,51.01,94.55,85.9,73.01,97.77,89.64,91.77,90.31,73.56,13.38,3.6,23.42,-4.37,0.52,0,0.756,83.0,setup,good,"Good depth, push harder through the heels."
SES_JAV_AVE_0014,athlete_20,46,javelin,108.15,113.61,151.77,157.26,139.52,122.52,176.59,144.15,68.85,83.03,42.73,0.68,32.0,4.0,0.62,0,0.655,62.2,descent,average,Activate core more.
SES_CRI_POO_0019,athlete_06,42,cricket_bat,154.17,140.2,148.28,178,114.44,110.66,153.43,144.62,89.7,74.38,68.53,0.32,18.21,0.41,0.38,0,0.543,47.1,descent,poor,Critical form deviation.
SES_JAV_POO_0015,athlete_24,10,javelin,141.12,161.99,178,154.48,179.19,131.06,174.1,157.16,82.75,70.16,80,0.19,33.25,1.68,0.45,0,0.522,36.6,descent,poor,Work on symmetry.
SES_JAV_AVE_0014,athlete_34,39,javelin,137.04,131.36,160.27,178,141.32,151.84,152.02,132.37,78.97,68.49,43.63,0.56,24.68,3.0,0.48,0,0.638,63.4,setup,average,Control trunk lean.
SES_JAV_ELI_0012,athlete_31,8,javelin,128.48,101.07,153.39,145.89,168.88,167.63,136.96,124.6,78.33,78.29,23.0,0,29.12,4.69,0.59,0,0.701,94.6,descent,elite,Hold this form.
SES_JAV_AVE_0014,athlete_33,93,javelin,139.76,131.26,151.2,167.04,144.16,133.58,117.63,166.81,67.38,77.83,33.36,3.15,33.37,2.39,0.51,0,0.633,61.2,setup,average,Activate core more.
SES_JAV_AVE_0014,athlete_57,30,javelin,117.26,136.33,178,163.42,150.07,166.09,175.96,153.62,79.25,70.81,48.91,3.26,16.67,-0.76,0.48,0,0.613,65.4,descent,average,Lower your hips.
SES_SPR_ELI_0008,athlete_80,8,sprint,44.1,45.76,97.94,106.37,76.37,71.08,81.41,94.04,69.06,76.06,17.55,2.66,46.71,5.52,0.53,0,0.865,96.7,setup,elite,Elite biomechanics detected.
SES_CRI_ELI_0016,athlete_21,98,cricket_bat,123.1,125.55,137.66,136.77,107.33,72.87,113.72,159.65,101.65,99.37,16.73,2.09,35.64,7.22,0.55,0,0.812,95.1,setup,elite,Elite biomechanics detected.
SES_SNA_POO_0007,athlete_38,71,snatch,116.57,151.26,176.83,159.45,99.76,78.23,119.54,171.37,77.45,63.04,53.74,0,32.84,2.8,0.47,0,0.622,49.6,descent,poor,Critical form deviation.
SES_SNA_AVE_0006,athlete_07,18,snatch,83.18,104.85,117.94,131.6,59.17,69.69,172.91,177.62,93.96,76.15,20.98,0.05,25.03,0.28,0.57,0,0.727,62.2,setup,average,Control trunk lean.
SES_SNA_GOO_0005,athlete_23,82,snatch,88.18,85.54,98.56,99.87,51.9,59.65,172.35,165.44,72.67,84.86,32.16,1.6,30.66,-0.17,0.61,0,0.887,82.1,descent,good,Extend hips fully.
SES_CRI_AVE_0018,athlete_75,63,cricket_bat,153.3,151.88,141.32,158.39,108.94,116.61,171.55,162.68,87.95,85.75,33.33,2.74,19.37,6.84,0.48,0,0.685,63.7,setup,average,Lower your hips.
SES_JAV_AVE_0014,athlete_59,12,javelin,129.96,126.18,168.23,170.9,114.46,150.47,147.61,151.34,94.85,69.77,50.53,1.18,15.34,0.49,0.45,0,0.667,58.0,descent,average,Control trunk lean.
SES_SPR_AVE_0010,athlete_31,1,sprint,65.31,66.09,115.0,113.9,78.06,108.45,96.61,106.38,78.01,92.18,29.23,1.28,20.62,3.55,0.57,0,0.794,62.7,setup,average,Activate core more.
SES_JAV_ELI_0012,athlete_17,87,javelin,108.99,100.05,134.39,143.26,162.05,168.64,126.6,129.05,101.2,92.77,34.94,0,31.8,5.25,0.5,0,0.737,95.1,setup,elite,Elite biomechanics detected.
SES_CRI_GOO_0017,athlete_49,97,cricket_bat,122.46,128.73,157.0,149.52,121.86,96.95,180,153.76,95.05,89.7,32.13,1.59,17.77,-0.78,0.59,0,0.751,86.4,setup,good,"Good depth, push harder through the heels."
SES_JAV_GOO_0013,athlete_65,59,javelin,107.72,118.36,145.56,148.96,157.99,157.32,113.92,130.21,77.03,77.11,54.33,2.24,18.44,5.7,0.57,0,0.706,78.7,setup,good,Extend hips fully.
SES_SNA_POO_0007,athlete_27,18,snatch,129.03,130.46,121.4,153.09,88.38,54.25,132.44,131.34,90.08,91.18,52.11,2.27,26.23,5.19,0.36,0,0.655,37.8,descent,poor,Adjust knee alignment.
SES_SPR_AVE_0010,athlete_17,74,sprint,80.04,66.22,93.48,117.57,105.77,79.22,127.59,109.84,82.63,72.25,11.6,3.02,34.33,5.97,0.56,0,0.687,65.1,descent,average,Control trunk lean.
SES_JAV_POO_0015,athlete_18,38,javelin,175,139.37,178,162.24,131.05,123.84,139.6,175.2,58.88,66.79,80,2.17,21.58,8.52,0.59,0,0.512,20.1,descent,poor,Critical form deviation.
SES_CRI_ELI_0016,athlete_72,81,cricket_bat,127.54,110.8,147.05,140.95,96.42,94.57,122.35,142.9,89.7,99.15,1.4,0.4,30.1,1.06,0.52,0,0.768,95.7,setup,elite,Great form! Maintain position.
SES_CRI_AVE_0018,athlete_07,36,cricket_bat,142.31,134.69,178,157.89,100.42,113.32,180,146.31,78.59,101.87,26.37,2.59,37.97,1.51,0.48,0,0.67,67.1,descent,average,Lower your hips.
SES_CRI_GOO_0017,athlete_41,49,cricket_bat,146.22,116.15,152.7,145.42,91.15,73.57,107.03,163.91,92.8,70.37,6.21,3.14,9.76,-0.25,0.44,0,0.704,84.0,descent,good,Extend hips fully.
SES_CRI_GOO_0017,athlete_29,98,cricket_bat,129.04,128.68,136.53,157.21,91.93,83.71,170.89,170.0,86.45,83.15,16.71,3.91,19.34,3.89,0.49,0,0.74,81.1,setup,good,"Good depth, push harder through the heels."
SES_SNA_AVE_0006,athlete_18,19,snatch,141.02,101.05,115.71,149.71,55.46,66.56,160.44,159.85,105.02,76.44,37.87,3.91,18.16,8.29,0.35,0,0.667,56.7,setup,average,Control trunk lean.
SES_SPR_GOO_0009,athlete_22,92,sprint,46.68,52.45,105.24,102.48,79.2,92.28,130.43,100.78,90.84,81.21,26.03,0.02,23.08,3.13,0.57,0,0.809,84.4,descent,good,Slight asymmetry detected.
SES_SNA_AVE_0006,athlete_58,77,snatch,114.89,105.28,132.17,129.29,54.19,75.41,174.41,166.45,78.81,75.89,49.0,2.64,32.68,3.19,0.51,0,0.788,57.4,setup,average,Lower your hips.
SES_SPR_ELI_0008,athlete_58,32,sprint,37.89,36.86,87.73,97.2,68.11,62.39,90.77,100.4,81.86,62.95,13.16,3.11,42.84,4.93,0.56,0,0.863,93.6,descent,elite,Hold this form.
SES_JAV_AVE_0014,athlete_70,67,javelin,142.12,110.26,144.62,150.17,157.22,145.57,169.35,150.14,60.28,80.59,56.31,1.71,28.64,2.16,0.41,0,0.602,68.5,setup,average,Lower your hips.
SES_SPR_POO_0011,athlete_74,85,sprint,77.74,81.95,149.08,135.35,101.34,131.3,125.79,103.75,74.16,89.04,30.01,3.26,13.59,3.28,0.34,0,0.677,24.9,setup,poor,Adjust knee alignment.
SES_SNA_POO_0007,athlete_31,7,snatch,131.67,81.89,151.64,146.4,86.25,85.16,143.85,124.04,86.49,81.29,77.62,2.55,28.62,2.54,0.58,0,0.596,35.0,descent,poor,Work on symmetry.
SES_JAV_AVE_0014,athlete_13,41,javelin,130.56,140.49,166.04,153.69,129.4,140.37,167.94,142.74,95.39,72.52,74.71,3.49,48.45,6.92,0.4,0,0.636,60.4,descent,average,Control trunk lean.
SES_VER_POO_0003,athlete_67,25,vertical_jump,123.27,148.48,136.1,163.59,107.07,118.86,102.23,130.97,71.71,82.07,47.86,1.64,22.09,6.51,0.41,22.5,0.599,40.2,flight,poor,LOWER HIPS!
SES_SPR_GOO_0009,athlete_67,22,sprint,45.45,61.06,93.4,106.98,110.23,102.01,95.17,95.06,82.25,86.32,21.03,0,30.85,-3.04,0.52,0,0.735,81.5,descent,good,Slight asymmetry detected.
SES_SPR_AVE_0010,athlete_20,35,sprint,69.89,74.0,124.64,117.16,79.84,96.27,120.04,120.36,69.89,83.27,40.01,0,22.57,4.4,0.38,0,0.765,68.3,descent,average,Activate core more.
SES_VER_AVE_0002,athlete_09,64,vertical_jump,129.86,127.95,131.81,114.78,74.46,62.65,142.04,154.14,60.48,82.02,33.9,0.41,31.81,0.44,0.45,23.6,0.757,68.4,flight,average,Lower your hips.
SES_VER_AVE_0002,athlete_53,45,vertical_jump,106.12,109.56,137.48,114.88,78.52,102.77,180,155.16,77.04,104.18,20.65,0,18.13,3.93,0.52,39.0,0.741,59.2,flight,average,Control trunk lean.
SES_CRI_GOO_0017,athlete_77,89,cricket_bat,149.6,121.61,142.31,144.44,96.8,105.42,157.25,130.67,103.65,84.87,25.84,3.14,31.11,-0.21,0.49,0,0.719,82.6,setup,good,Slight asymmetry detected.
SES_SNA_POO_0007,athlete_72,87,snatch,147.01,117.27,140.94,146.43,51.78,95.09,131.47,141.89,80.83,52.21,47.77,1.44,15.09,0.78,0.39,0,0.648,46.9,setup,poor,LOWER HIPS!
SES_SPR_POO_0011,athlete_46,62,sprint,104.87,81.95,152.43,128.4,118.12,99.34,119.45,149.12,79.28,114.41,31.56,3.58,16.71,3.87,0.44,0,0.607,31.0,setup,poor,Adjust knee alignment.
SES_SNA_AVE_0006,athlete_47,86,snatch,106.17,100.61,122.57,142.79,52.85,40.61,165.41,159.89,87.54,78.58,16.18,0.86,13.38,0.31,0.51,0,0.762,57.2,setup,average,Control trunk lean.
SES_VER_ELI_0000,athlete_15,49,vertical_jump,99.33,86.98,102.76,88.37,62.48,66.68,115.33,106.65,96.67,79.24,7.39,0.89,28.28,0.69,0.45,59.8,0.881,95.5,setup,elite,Elite biomechanics detected.
SES_VER_AVE_0002,athlete_39,75,vertical_jump,92.26,127.65,116.71,127.97,59.36,62.54,164.62,138.18,57.4,78.17,19.02,0,17.79,4.22,0.5,32.8,0.69,63.1,takeoff,average,Control trunk lean.
SES_JAV_ELI_0012,athlete_14,37,javelin,107.53,114.53,133.75,147.31,167.9,170.4,126.1,135.5,84.71,83.29,42.51,2.6,40.72,0.31,0.48,0,0.734,90.6,setup,elite,Hold this form.
SES_JAV_GOO_0013,athlete_32,26,javelin,97.02,106.08,152.7,152.68,161.32,149.12,126.9,149.15,91.72,71.45,43.41,3.24,24.5,4.24,0.61,0,0.714,81.3,descent,good,Slight asymmetry detected.
SES_JAV_POO_0015,athlete_75,89,javelin,159.85,149.64,146.54,158.03,136.64,126.87,166.18,148.26,74.35,56.29,68.38,0,20.41,4.68,0.4,0,0.559,28.6,setup,poor,LOWER HIPS!
SES_SPR_POO_0011,athlete_09,69,sprint,106.63,92.02,138.96,146.53,104.64,114.97,159.63,152.92,77.35,99.0,23.09,1.17,14.42,-3.48,0.32,0,0.663,38.1,setup,poor,Work on symmetry.
SES_JAV_AVE_0014,athlete_63,36,javelin,138.09,132.79,178,154.87,143.8,117.87,164.26,123.45,88.88,69.12,34.98,0.38,29.47,-0.4,0.43,0,0.63,59.1,descent,average,Activate core more.
SES_VER_POO_0003,athlete_71,1,vertical_jump,98.8,154.65,140.66,150.64,62.77,78.11,180,180,65.95,64.24,37.63,3.17,33.24,4.7,0.4,15.2,0.572,24.2,landing,poor,Critical form deviation.
SES_CRI_POO_0019,athlete_12,19,cricket_bat,159.95,173.0,178,178,131.82,114.86,180,151.89,70.45,82.25,54.61,2.07,33.38,1.87,0.48,0,0.597,41.8,descent,poor,Work on symmetry.
SES_CRI_POO_0019,athlete_60,33,cricket_bat,175,154.04,140.45,142.11,129.06,107.45,161.78,161.43,64.72,86.52,80,3.1,39.25,4.92,0.42,0,0.581,47.3,descent,poor,Critical form deviation.
SES_SPR_POO_0011,athlete_13,73,sprint,102.72,64.9,158.24,155.94,120.68,103.32,123.96,127.0,105.71,103.05,48.29,1.39,17.24,3.2,0.47,0,0.605,45.7,descent,poor,LOWER HIPS!
SES_SPR_ELI_0008,athlete_72,83,sprint,56.22,52.11,109.35,87.04,73.17,68.03,94.84,94.3,77.01,80.92,5.04,4.24,47.65,-0.45,0.48,0,0.817,97.0,setup,elite,Elite biomechanics detected.
SES_SPR_AVE_0010,athlete_13,49,sprint,69.71,102.47,92.11,119.23,110.29,91.79,112.33,125.05,73.15,78.85,27.23,0,32.7,4.42,0.55,0,0.636,66.9,descent,average,Control trunk lean.
SES_VER_AVE_0002,athlete_05,60,vertical_jump,120.27,123.28,127.84,121.5,93.16,46.92,152.92,155.02,89.91,84.27,4.76,2.32,22.36,4.48,0.48,29.3,0.778,55,landing,average,Lower your hips.
SES_SNA_AVE_0006,athlete_02,11,snatch,96.03,108.15,101.82,106.39,68.35,52.36,163.64,157.56,78.99,88.41,56.42,0,32.45,2.84,0.41,0,0.773,61.1,setup,average,Lower your hips.
SES_JAV_ELI_0012,athlete_78,76,javelin,101.73,91.69,147.7,134.47,168.04,166.45,127.71,132.82,84.83,87.96,46.54,1.67,33.95,2.32,0.51,0,0.724,94.4,setup,elite,Great form! Maintain position.
SES_JAV_POO_0015,athlete_80,14,javelin,113.81,159.05,170.18,162.62,121.87,110.59,180,141.1,64.75,66.16,29.75,2.19,32.67,2.88,0.56,0,0.501,43.1,descent,poor,Adjust knee alignment.
SES_CRI_GOO_0017,athlete_80,20,cricket_bat,125.49,119.23,116.32,143.88,78.27,77.83,180,180,70.58,79.42,43.91,4.11,24.46,-1.3,0.56,0,0.708,86.0,descent,good,"Good depth, push harder through the heels."
SES_SPR_ELI_0008,athlete_58,1,sprint,46.16,54.86,81.39,89.49,70.63,65.25,84.09,91.93,78.53,58.86,18.01,1.07,30.92,3.26,0.53,0,0.825,91.4,setup,elite,Hold this form.
SES_VER_GOO_0001,athlete_34,97,vertical_jump,106.62,104.91,117.2,113.63,84.38,67.92,171.56,135.62,68.42,91.34,19.46,3.77,26.11,5.89,0.52,36.3,0.866,84.6,landing,good,Extend hips fully.
SES_JAV_AVE_0014,athlete_03,97,javelin,140.22,140.49,164.23,166.59,143.2,163.31,113.35,180,87.32,92.45,46.79,0.95,32.48,-2.51,0.56,0,0.675,67.8,descent,average,Activate core more.
SES_SPR_GOO_0009,athlete_38,76,sprint,49.71,66.9,90.96,97.78,93.78,64.58,102.2,93.19,88.62,82.35,13.58,2.29,6.46,3.86,0.47,0,0.752,84.9,setup,good,Slight asymmetry detected.
SES_VER_ELI_0000,athlete_05,92,vertical_jump,97.86,93.61,94.25,92.12,38.14,54.27,90.76,135.49,88.11,87.35,16.11,0.82,41.44,9.35,0.49,68.4,0.94,97.8,landing,elite,Hold this form.
SES_JAV_POO_0015,athlete_02,91,javelin,143.97,170.67,164.31,169.95,93.28,105.33,160.11,180,66.26,70.79,47.48,1.65,18.68,3.21,0.42,0,0.543,54,setup,poor,Work on symmetry.
SES_SNA_POO_0007,athlete_28,59,snatch,123.61,105.16,124.76,162.99,52.24,90.14,152.38,134.82,73.98,49.29,44.05,2.64,29.84,2.41,0.5,0,0.605,29.6,setup,poor,Critical form deviation.
SES_CRI_AVE_0018,athlete_65,45,cricket_bat,153.95,154.67,142.52,166.52,100.99,78.54,127.63,170.73,90.86,87.64,26.3,4.66,22.54,-0.83,0.42,0,0.675,64.8,descent,average,Activate core more.
SES_VER_ELI_0000,athlete_60,29,vertical_jump,95.35,86.06,83.69,93.19,34.19,58.17,147.04,106.6,79.75,86.31,10.63,0,40.11,1.32,0.62,59.6,0.9,94.1,landing,elite,Great form! Maintain position.
SES_VER_GOO_0001,athlete_78,4,vertical_jump,109.23,102.48,102.75,103.61,50.92,60.64,132.82,140.72,101.21,91.38,23.67,1.3,29.64,0.88,0.54,54.7,0.859,82.2,flight,good,Extend hips fully.
SES_JAV_GOO_0013,athlete_71,34,javelin,117.09,103.25,162.26,158.12,141.38,154.77,131.99,124.95,73.18,75.21,35.65,1.17,17.02,-0.91,0.53,0,0.697,78.0,setup,good,"Good depth, push harder through the heels."
SES_VER_GOO_0001,athlete_06,99,vertical_jump,110.37,108.4,127.0,93.7,52.82,64.67,140.9,124.25,62.93,84.19,18.22,1.7,26.73,3.76,0.63,38.9,0.796,85.0,takeoff,good,"Good depth, push harder through the heels."
SES_CRI_GOO_0017,athlete_27,52,cricket_bat,114.09,131.41,144.54,150.32,82.47,107.77,180,149.24,77.13,87.51,30.49,1.53,45.22,4.47,0.53,0,0.729,75,setup,good,Slight asymmetry detected.
SES_SPR_POO_0011,athlete_17,29,sprint,60.85,120.73,123.57,145.24,101.85,99.56,134.94,161.93,123.69,102.89,55.0,1.52,27.52,-0.44,0.54,0,0.526,40.5,setup,poor,Adjust knee alignment.
SES_CRI_GOO_0017,athlete_57,78,cricket_bat,110.71,142.14,140.26,152.98,102.8,76.53,145.07,155.12,89.46,92.58,35.2,3.83,37.45,1.43,0.45,0,0.689,79.1,setup,good,"Good depth, push harder through the heels."
SES_SPR_GOO_0009,athlete_60,94,sprint,73.5,53.57,104.14,99.4,63.98,75.23,73.25,81.78,84.69,84.77,28.65,0,27.87,-0.29,0.42,0,0.755,80.7,descent,good,"Good depth, push harder through the heels."
SES_SNA_ELI_0004,athlete_37,40,snatch,75.74,86.45,107.03,99.29,39.66,42.92,180,180,87.45,91.02,30.86,1.17,35.32,8.37,0.52,0,0.891,95.1,descent,elite,Great form! Maintain position.
SES_VER_ELI_0000,athlete_43,17,vertical_jump,95.53,91.0,96.51,90.8,55.45,66.95,92.56,122.98,88.98,93.17,19.24,1.03,38.85,6.68,0.56,52.3,0.928,97.4,flight,elite,Hold this form.
SES_SPR_GOO_0009,athlete_07,55,sprint,41.66,62.12,108.84,104.84,102.65,89.31,102.29,97.26,80.9,80.47,12.55,0,11.27,0.23,0.5,0,0.74,80.9,setup,good,Slight asymmetry detected.
SES_CRI_AVE_0018,athlete_47,47,cricket_bat,145.94,145.83,169.68,166.83,112.98,104.29,116.33,180,62.84,96.99,35.1,1.35,32.28,-3.31,0.49,0,0.715,74,setup,average,Activate core more.
SES_CRI_GOO_0017,athlete_60,74,cricket_bat,121.53,131.04,141.43,159.07,124.9,113.09,144.92,155.78,96.8,93.59,31.84,1.29,27.82,7.05,0.5,0,0.725,80.2,descent,good,"Good depth, push harder through the heels."
SES_SPR_GOO_0009,athlete_74,98,sprint,63.05,69.26,121.67,103.98,83.13,84.12,115.88,94.19,83.36,82.12,33.93,0,20.93,6.05,0.49,0,0.779,83.6,descent,good,"Good depth, push harder through the heels."
SES_SNA_ELI_0004,athlete_70,71,snatch,102.84,78.97,91.28,100.02,40.97,52.21,180,177.29,93.13,80.75,27.31,0.34,28.24,-1.02,0.6,0,0.854,95.9,setup,elite,Elite biomechanics detected.
SES_VER_GOO_0001,athlete_71,16,vertical_jump,105.77,105.31,111.33,103.26,82.21,68.06,122.12,112.51,74.86,104.02,12.7,1.49,14.51,5.88,0.48,46.1,0.857,78.3,takeoff,good,Extend hips fully.
SES_SNA_GOO_0005,athlete_71,23,snatch,112.64,98.65,134.32,101.9,54.42,43.39,172.15,166.41,85.25,77.76,40.68,2.41,13.42,-2.16,0.53,0,0.79,75,setup,good,"Good depth, push harder through the heels."
SES_CRI_AVE_0018,athlete_32,29,cricket_bat,164.23,145.09,158.77,147.76,107.75,128.21,160.41,142.21,78.68,62.7,25.24,4.58,22.08,1.69,0.58,0,0.664,64.2,descent,average,Control trunk lean.
SES_VER_AVE_0002,athlete_77,33,vertical_jump,120.17,119.91,136.44,98.91,70.83,79.33,97.39,113.44,65.59,66.55,18.07,1.53,16.93,6.22,0.56,25.2,0.717,62.8,flight,average,Activate core more.
SES_JAV_ELI_0012,athlete_41,7,javelin,96.44,113.5,145.9,146.85,168.05,162.95,123.3,125.07,84.68,86.79,25.25,3.87,29.71,-4.75,0.51,0,0.733,95.5,descent,elite,Great form! Maintain position.
SES_JAV_GOO_0013,athlete_49,9,javelin,139.69,122.22,165.26,172.18,173.56,163.91,132.52,147.57,72.79,69.1,41.21,4.48,20.87,0.97,0.48,0,0.69,80.4,descent,good,Slight asymmetry detected.
SES_SNA_GOO_0005,athlete_05,1,snatch,105.31,96.24,111.94,107.35,53.11,38.94,180,169.36,98.32,97.51,40.11,1.32,33.12,5.81,0.38,0,0.862,85.2,descent,good,"Good depth, push harder through the heels."
SES_VER_ELI_0000,athlete_23,52,vertical_jump,95.67,86.65,82.45,88.95,63.24,49.55,112.64,154.01,89.47,98.98,18.21,1.85,36.16,0.62,0.54,54.8,0.91,95.8,descent,elite,Great form! Maintain position.
SES_SNA_ELI_0004,athlete_50,51,snatch,89.53,89.79,94.99,89.49,47.36,45.23,168.51,177.45,100.69,98.35,30.32,4.57,43.35,2.48,0.56,0,0.932,97.9,setup,elite,Hold this form.
SES_CRI_GOO_0017,athlete_19,28,cricket_bat,132.74,119.93,156.95,147.38,77.27,91.37,144.38,165.85,88.48,73.28,33.32,3.08,31.74,1.41,0.51,0,0.733,77.5,descent,good,Slight asymmetry detected.
SES_JAV_GOO_0013,athlete_08,48,javelin,129.84,111.2,149.29,166.96,165.03,143.49,148.54,135.67,82.17,75.8,31.06,2.7,10.93,-1.28,0.56,0,0.665,81.0,setup,good,Extend hips fully.
SES_JAV_AVE_0014,athlete_64,99,javelin,111.18,134.89,152.94,169.43,136.03,135.37,155.76,152.66,64.49,88.24,58.06,1.89,34.31,0.26,0.59,0,0.598,64.5,setup,average,Lower your hips.
SES_CRI_ELI_0016,athlete_42,88,cricket_bat,129.91,112.3,119.95,125.85,101.01,103.44,134.17,135.53,86.5,86.55,1.24,3.18,36.7,4.49,0.45,0,0.765,94.9,setup,elite,Great form! Maintain position.
SES_SPR_ELI_0008,athlete_08,82,sprint,55.45,50.51,111.08,84.26,67.0,76.67,100.74,99.71,55.43,80.41,10.93,2.18,40.33,5.28,0.48,0,0.801,98.5,descent,elite,Great form! Maintain position.
SES_VER_GOO_0001,athlete_10,41,vertical_jump,90.3,107.81,112.47,105.69,88.77,68.73,121.42,160.04,96.61,110.33,9.9,0,23.46,-3.66,0.62,46.7,0.813,82.8,setup,good,Slight asymmetry detected.
SES_VER_AVE_0002,athlete_48,4,vertical_jump,88.97,112.01,111.0,103.54,102.06,67.45,162.14,122.89,72.09,74.31,25.07,1.34,15.71,-3.45,0.48,31.9,0.718,62.3,landing,average,Control trunk lean.
SES_JAV_GOO_0013,athlete_37,74,javelin,118.73,103.3,157.33,149.92,146.63,180,138.91,124.87,75.07,91.63,41.75,4.1,19.45,4.01,0.51,0,0.687,85.3,descent,good,Slight asymmetry detected.
SES_SNA_ELI_0004,athlete_76,77,snatch,82.26,91.2,103.94,104.86,49.72,47.68,171.4,180,88.97,86.78,31.9,0.57,38.82,4.23,0.53,0,0.918,95.3,setup,elite,Hold this form.
SES_JAV_POO_0015,athlete_51,2,javelin,152.05,147.08,165.03,178,167.88,137.65,151.82,144.72,68.85,59.31,80,0,26.38,9.04,0.59,0,0.568,35.5,descent,poor,Work on symmetry.
SES_CRI_POO_0019,athlete_34,61,cricket_bat,131.38,162.21,151.86,173.82,99.98,125.86,180,147.72,63.71,68.65,25.58,0.72,38.31,-1.48,0.39,0,0.525,38.9,descent,poor,Adjust knee alignment.
SES_VER_GOO_0001,athlete_71,24,vertical_jump,93.44,100.51,95.42,111.85,46.43,70.98,118.64,133.34,79.13,78.27,4.93,0.93,25.38,2.76,0.51,49.7,0.815,76.5,flight,good,Slight asymmetry detected.
SES_CRI_GOO_0017,athlete_26,18,cricket_bat,148.24,119.47,131.5,138.29,92.01,88.7,170.16,154.87,78.56,83.63,6.71,1.7,25.83,1.76,0.6,0,0.707,81.2,setup,good,Slight asymmetry detected.
SES_CRI_ELI_0016,athlete_43,73,cricket_bat,120.77,114.86,137.21,134.94,75.75,97.7,162.05,144.84,67.9,78.96,25.21,0,42.16,2.75,0.51,0,0.8,91.5,descent,elite,Great form! Maintain position.
SES_CRI_POO_0019,athlete_75,38,cricket_bat,147.53,153.49,164.53,149.38,180,156.46,130.14,155.11,58.82,85.24,52.03,3.51,39.22,-0.95,0.5,0,0.581,31.5,descent,poor,Adjust knee alignment.
SES_JAV_GOO_0013,athlete_13,68,javelin,118.89,117.29,144.57,166.8,173.79,167.78,153.49,133.11,80.47,80.09,45.0,0.85,34.79,2.78,0.49,0,0.696,79.9,descent,good,Slight asymmetry detected.
SES_VER_ELI_0000,athlete_16,33,vertical_jump,105.91,92.6,95.76,93.44,81.85,59.75,149.83,123.33,96.92,79.04,13.21,0.03,35.54,1.33,0.49,65.3,0.915,90,setup,elite,Great form! Maintain position.
SES_SPR_GOO_0009,athlete_11,13,sprint,55.35,52.07,112.52,113.78,102.79,80.86,54.09,99.55,86.37,68.8,30.56,1.36,23.83,-4.91,0.53,0,0.829,84.1,descent,good,Extend hips fully.
SES_CRI_POO_0019,athlete_09,48,cricket_bat,156.7,154.4,145.14,151.96,121.17,117.12,173.29,150.13,62.89,69.04,73.69,0,18.78,6.01,0.45,0,0.602,48.2,setup,poor,Adjust knee alignment.
SES_CRI_POO_0019,athlete_65,40,cricket_bat,162.29,141.57,149.9,153.33,95.2,133.75,180,180,73.8,81.12,51.57,2.34,24.18,0.49,0.46,0,0.575,33.3,descent,poor,Critical form deviation.
SES_CRI_POO_0019,athlete_07,66,cricket_bat,130.87,159.45,178,175.02,94.87,131.98,150.12,152.44,97.41,80.01,54.43,1.35,22.27,-1.25,0.51,0,0.561,52.5,descent,poor,Critical form deviation.
SES_JAV_ELI_0012,athlete_04,17,javelin,90.62,91.09,154.34,154.07,173.14,160.31,107.71,141.04,86.55,85.37,31.02,0.11,31.58,2.48,0.51,0,0.778,96.4,setup,elite,Great form! Maintain position.
SES_VER_AVE_0002,athlete_53,5,vertical_jump,103.51,125.49,106.86,99.55,83.84,62.93,176.46,171.9,90.23,61.68,14.58,0.6,21.12,1.85,0.6,34.1,0.727,63.4,takeoff,average,Activate core more.
SES_CRI_GOO_0017,athlete_70,46,cricket_bat,137.38,124.86,157.91,151.55,91.26,126.56,157.1,150.17,96.65,100.46,13.47,1.84,17.59,2.11,0.48,0,0.741,78.2,descent,good,Extend hips fully.
SES_CRI_ELI_0016,athlete_62,69,cricket_bat,113.38,134.84,135.89,135.6,98.24,89.71,152.09,144.62,87.51,82.23,17.04,4.53,34.05,-0.11,0.45,0,0.772,97.1,setup,elite,Elite biomechanics detected.
SES_JAV_AVE_0014,athlete_04,50,javelin,127.05,128.91,173.4,152.76,110.95,149.24,170.28,161.64,79.4,92.08,24.56,4.28,21.03,1.14,0.44,0,0.64,70.3,setup,average,Control trunk lean.
SES_VER_GOO_0001,athlete_34,43,vertical_jump,102.71,91.37,118.33,96.48,64.78,73.62,114.07,123.89,88.32,87.09,7.56,2.64,40.39,4.82,0.58,50.9,0.791,81.3,setup,good,Slight asymmetry detected.
SES_CRI_GOO_0017,athlete_31,7,cricket_bat,142.18,131.6,145.94,152.27,107.85,94.4,153.16,128.58,90.44,103.76,45.56,2.18,24.39,-0.27,0.43,0,0.745,82.2,setup,good,"Good depth, push harder through the heels."
SES_SNA_ELI_0004,athlete_40,48,snatch,86.76,96.39,105.93,87.49,40.86,35.93,179.81,176.98,93.25,93.85,23.6,2.87,38.36,0.52,0.44,0,0.868,95.2,descent,elite,Great form! Maintain position.
SES_JAV_AVE_0014,athlete_14,2,javelin,127.42,126.32,166.91,163.25,134.23,139.19,143.55,153.68,77.21,88.41,51.08,0.16,21.33,2.0,0.47,0,0.671,64.1,descent,average,Lower your hips.
SES_JAV_GOO_0013,athlete_14,36,javelin,145.48,113.89,163.51,157.95,148.22,131.93,153.47,161.58,76.18,86.09,53.93,3.24,18.89,4.44,0.59,0,0.665,75,setup,good,Extend hips fully.
SES_SPR_AVE_0010,athlete_02,55,sprint,80.24,85.22,122.57,98.93,116.68,97.79,127.63,90.63,83.32,92.84,15.04,2.32,24.02,-5.52,0.42,0,0.725,72.7,descent,average,Control trunk lean.
SES_SNA_AVE_0006,athlete_12,97,snatch,118.74,101.56,109.96,121.63,63.01,59.88,180,175.39,92.56,82.15,31.05,0.54,19.03,1.9,0.51,0,0.748,63.4,setup,average,Lower your hips.
SES_VER_POO_0003,athlete_37,39,vertical_jump,159.63,137.8,145.07,148.55,107.74,88.21,148.19,180,48.75,39.33,35.86,3.27,22.85,1.43,0.32,30.0,0.652,34.1,descent,poor,LOWER HIPS!
SES_JAV_AVE_0014,athlete_80,91,javelin,128.63,128.67,160.6,163.84,113.61,159.24,158.31,145.02,84.37,81.02,58.24,2.87,12.06,3.14,0.53,0,0.674,72.0,descent,average,Control trunk lean.
SES_JAV_GOO_0013,athlete_79,11,javelin,111.78,128.31,155.47,155.51,157.68,150.39,147.79,158.27,76.43,84.28,37.32,0.34,25.74,4.2,0.51,0,0.701,85.3,descent,good,Slight asymmetry detected.
SES_SNA_GOO_0005,athlete_38,74,snatch,95.41,105.61,91.69,97.17,73.39,54.79,168.89,172.63,74.74,88.56,21.77,1.16,14.29,4.02,0.5,0,0.854,81.2,descent,good,"Good depth, push harder through the heels."
SES_SPR_AVE_0010,athlete_35,95,sprint,58.67,67.67,121.31,101.79,117.04,118.24,99.13,90.71,84.12,87.21,15.84,2.4,16.89,3.82,0.54,0,0.712,62.4,descent,average,Activate core more.
SES_VER_AVE_0002,athlete_23,79,vertical_jump,105.88,112.54,111.36,97.96,45.35,77.21,166.02,168.16,83.8,64.03,15.22,1.6,29.26,6.65,0.53,28.0,0.746,67.4,setup,average,Control trunk lean.
SES_VER_GOO_0001,athlete_56,18,vertical_jump,89.25,95.11,122.9,97.53,92.87,66.32,140.24,110.15,82.62,86.08,21.31,1.63,25.13,6.43,0.54,52.3,0.8,78.9,takeoff,good,Slight asymmetry detected.
SES_SPR_POO_0011,athlete_34,39,sprint,87.14,107.86,148.81,123.01,86.22,112.3,90.62,163.02,90.96,75.76,48.67,0.67,33.25,6.87,0.45,0,0.61,45.7,descent,poor,Work on symmetry.
SES_SPR_AVE_0010,athlete_11,59,sprint,87.98,62.52,158.22,116.97,132.85,94.41,119.26,125.28,84.56,82.46,23.99,2.02,23.4,2.32,0.55,0,0.635,66.8,setup,average,Lower your hips.
SES_SNA_ELI_0004,athlete_02,75,snatch,105.36,85.14,84.17,107.71,49.74,42.3,178.67,180,86.24,79.92,25.42,1.19,42.52,-2.54,0.49,0,0.827,96.0,descent,elite,Great form! Maintain position.
SES_VER_POO_0003,athlete_75,66,vertical_jump,126.19,133.17,141.13,169.62,134.19,99.5,180,141.92,86.53,64.33,34.81,1.26,41.79,4.5,0.44,26.0,0.634,53.3,flight,poor,Critical form deviation.
SES_VER_ELI_0000,athlete_36,56,vertical_jump,105.98,96.43,83.97,91.4,69.78,56.97,124.21,118.03,74.22,94.92,10.99,3.26,42.57,4.16,0.55,65.6,0.909,93.1,flight,elite,Great form! Maintain position.
SES_JAV_POO_0015,athlete_38,45,javelin,131.42,162.17,157.89,175.68,113.44,129.94,142.81,161.37,70.73,91.71,78.27,0,28.28,0.2,0.3,0,0.513,44.5,setup,poor,Critical form deviation.
SES_VER_AVE_0002,athlete_53,54,vertical_jump,100.9,105.54,102.53,110.51,39.28,62.36,157.58,149.32,83.83,87.5,18.38,3.08,32.69,3.31,0.42,30.4,0.765,63.2,setup,average,Activate core more.
SES_JAV_GOO_0013,athlete_38,6,javelin,128.8,122.41,171.69,142.39,135.48,169.15,142.37,146.05,84.33,96.45,34.73,4.98,33.33,4.1,0.47,0,0.674,79.6,descent,good,"Good depth, push harder through the heels."
SES_SPR_POO_0011,athlete_16,30,sprint,95.47,99.19,141.1,153.62,123.19,110.41,126.31,162.95,83.13,104.52,45.11,4.21,16.96,8.42,0.54,0,0.684,31.4,descent,poor,Work on symmetry.
SES_CRI_ELI_0016,athlete_41,62,cricket_bat,107.43,133.92,127.29,125.51,74.14,95.39,170.83,145.05,85.74,101.6,7.71,2.39,28.38,5.36,0.54,0,0.756,95.7,descent,elite,Great form! Maintain position.
SES_SNA_ELI_0004,athlete_51,18,snatch,90.59,84.12,98.02,85.5,45.33,38.99,173.03,178.31,89.19,88.0,30.76,1.78,49.26,-5.51,0.48,0,0.89,94.3,descent,elite,Elite biomechanics detected.
SES_VER_AVE_0002,athlete_40,66,vertical_jump,126.65,113.46,108.13,134.82,47.67,91.12,122.36,135.95,60.32,68.9,22.9,1.48,34.48,0.35,0.39,32.7,0.709,56.2,takeoff,average,Lower your hips.
SES_SPR_AVE_0010,athlete_51,62,sprint,74.1,82.56,130.89,133.8,107.57,110.86,117.6,102.83,94.13,101.27,23.15,0.97,27.07,-3.48,0.6,0,0.763,67.8,descent,average,Control trunk lean.
SES_SPR_AVE_0010,athlete_12,39,sprint,87.66,76.15,132.01,114.44,112.83,112.75,98.58,98.71,87.97,77.64,31.28,2.17,41.19,12.0,0.51,0,0.721,70.6,setup,average,Lower your hips.
SES_SNA_AVE_0006,athlete_31,59,snatch,101.47,127.17,128.2,114.06,47.66,51.67,177.14,159.28,93.95,78.84,37.75,3.8,42.22,1.27,0.54,0,0.726,65.1,setup,average,Lower your hips.
SES_SNA_POO_0007,athlete_31,29,snatch,150.56,135.8,143.38,165.64,56.02,64.83,180,152.82,69.91,66.87,37.88,0.01,27.79,-0.63,0.38,0,0.65,36.6,descent,poor,Work on symmetry.
SES_JAV_GOO_0013,athlete_17,10,javelin,98.84,120.81,171.24,154.92,159.52,169.86,147.48,143.03,84.06,71.74,50.11,0.19,12.05,0.7,0.49,0,0.657,81.6,setup,good,Slight asymmetry detected.
SES_JAV_AVE_0014,athlete_67,76,javelin,148.16,116.67,161.72,146.46,107.97,148.9,155.88,143.13,59.91,70.94,76.06,4.0,21.22,4.65,0.6,0,0.588,67.0,setup,average,Lower your hips.
SES_SPR_POO_0011,athlete_04,44,sprint,69.52,95.3,131.32,131.0,100.06,120.35,166.81,139.46,67.87,63.13,49.99,1.92,23.25,-1.87,0.4,0,0.638,42.3,descent,poor,Work on symmetry.
SES_VER_ELI_0000,athlete_69,31,vertical_jump,98.81,91.15,95.48,93.21,74.76,53.09,133.97,97.5,95.83,88.4,26.03,0.67,32.68,-0.46,0.53,59.6,0.93,99.0,descent,elite,Hold this form.
SES_JAV_GOO_0013,athlete_76,66,javelin,117.06,105.27,156.45,170.75,157.76,158.56,144.9,138.64,67.63,65.04,32.13,3.18,36.21,1.36,0.58,0,0.685,85.2,descent,good,Extend hips fully.
SES_SPR_POO_0011,athlete_69,99,sprint,112.9,106.36,136.67,128.61,132.36,56.05,120.8,151.09,75.78,65.07,45.99,1.34,34.3,0.44,0.41,0,0.685,31.2,setup,poor,Critical form deviation.
SES_CRI_AVE_0018,athlete_28,67,cricket_bat,122.95,138.29,140.25,128.12,131.78,111.38,180,180,75.23,91.53,25.67,1.39,28.07,1.97,0.53,0,0.661,74,descent,average,Lower your hips.
SES_SNA_AVE_0006,athlete_32,31,snatch,118.65,95.94,103.1,106.97,51.31,25.7,164.64,149.36,99.72,77.92,20.34,4.34,31.48,0.98,0.37,0,0.752,73.9,setup,average,Control trunk lean.
SES_SNA_AVE_0006,athlete_06,41,snatch,106.47,113.92,126.06,115.04,50.03,76.67,144.17,160.7,71.44,73.03,26.15,2.15,10.95,2.08,0.46,0,0.774,71.5,setup,average,Activate core more.
SES_CRI_GOO_0017,athlete_30,42,cricket_bat,153.55,138.62,142.23,148.69,80.16,92.32,170.13,158.33,94.24,88.83,43.89,2.52,27.6,1.93,0.42,0,0.738,77.3,descent,good,Slight asymmetry detected.
SES_JAV_AVE_0014,athlete_33,57,javelin,128.84,118.75,158.08,154.91,144.64,129.75,142.8,130.85,98.95,73.86,23.64,1.86,27.34,1.21,0.49,0,0.65,61.2,setup,average,Control trunk lean.
SES_JAV_AVE_0014,athlete_35,7,javelin,141.34,115.09,148.35,164.63,139.37,150.31,177.53,134.83,58.82,66.32,57.91,1.14,13.06,1.48,0.52,0,0.595,65.2,setup,average,Lower your hips.
SES_JAV_POO_0015,athlete_16,63,javelin,145.44,147.02,178,157.21,132.69,116.58,164.7,129.6,88.69,71.92,61.1,2.63,20.51,1.84,0.5,0,0.562,44.6,descent,poor,Adjust knee alignment.
SES_SNA_GOO_0005,athlete_51,45,snatch,86.58,95.11,112.23,115.32,52.79,67.11,179.6,168.18,65.68,81.47,30.79,4.38,27.02,1.7,0.64,0,0.865,83.0,setup,good,Extend hips fully.
SES_CRI_AVE_0018,athlete_39,13,cricket_bat,143.08,120.14,166.85,155.37,120.15,115.8,137.38,180,104.31,68.8,31.51,6.62,19.33,5.73,0.54,0,0.651,72.0,descent,average,Lower your hips.
SES_VER_GOO_0001,athlete_57,25,vertical_jump,93.1,89.59,104.12,103.88,68.93,70.86,96.24,119.52,97.44,94.98,20.02,0,30.92,0.71,0.46,45.3,0.868,81.4,descent,good,"Good depth, push harder through the heels."
SES_CRI_GOO_0017,athlete_64,41,cricket_bat,131.36,131.02,137.89,155.66,105.31,113.83,151.47,180,88.16,85.01,1.21,1.48,12.24,-0.22,0.63,0,0.745,80.6,descent,good,"Good depth, push harder through the heels."
SES_CRI_AVE_0018,athlete_44,61,cricket_bat,124.65,136.14,146.19,171.45,132.54,85.74,140.38,151.18,75.02,100.43,44.11,2.25,27.24,0.17,0.48,0,0.65,69.2,setup,average,Activate core more.
SES_SNA_ELI_0004,athlete_68,57,snatch,85.21,81.65,104.46,101.26,38.1,39.91,179.67,179.76,82.06,86.43,22.03,2.24,39.05,-0.72,0.53,0,0.928,92.2,setup,elite,Hold this form.
SES_JAV_POO_0015,athlete_24,4,javelin,141.42,127.89,178,172.55,139.77,161.62,148.79,179.26,58.25,62.63,58.87,2.45,21.22,3.82,0.4,0,0.562,46.6,descent,poor,Critical form deviation.
SES_CRI_POO_0019,athlete_39,26,cricket_bat,164.68,175,163.83,178,76.2,131.23,180,180,60.16,89.08,26.59,4.32,34.88,-0.07,0.47,0,0.578,43.8,descent,poor,LOWER HIPS!
SES_SPR_POO_0011,athlete_64,13,sprint,80.38,68.63,134.13,115.95,91.95,103.97,114.3,133.26,86.52,74.2,36.87,0,29.12,-0.08,0.49,0,0.635,31.3,setup,poor,Adjust knee alignment.
SES_CRI_AVE_0018,athlete_34,37,cricket_bat,150.59,153.68,146.51,161.86,114.58,115.64,167.2,180,77.77,85.81,48.78,1.53,27.42,5.22,0.53,0,0.686,67.5,setup,average,Activate core more.
SES_JAV_POO_0015,athlete_20,96,javelin,157.23,154.78,177.67,178,137.62,131.76,123.67,180,49.27,73.02,71.68,1.7,24.06,0.34,0.48,0,0.595,41.3,setup,poor,Adjust knee alignment.
SES_JAV_AVE_0014,athlete_21,61,javelin,127.23,133.03,178,167.67,132.84,147.76,138.83,148.43,108.74,76.09,30.38,4.98,16.73,2.73,0.53,0,0.65,67.2,descent,average,Activate core more.
SES_SPR_GOO_0009,athlete_80,9,sprint,40.11,66.38,94.24,87.46,61.83,70.03,111.48,114.79,68.43,79.48,16.04,1.85,26.37,-0.29,0.55,0,0.71,77.2,descent,good,"Good depth, push harder through the heels."
SES_SNA_ELI_0004,athlete_50,4,snatch,79.58,105.71,118.75,107.2,46.34,40.42,179.02,168.0,94.12,89.84,23.33,0,27.7,5.84,0.49,0,0.847,93.2,setup,elite,Hold this form.
SES_VER_ELI_0000,athlete_69,6,vertical_jump,95.89,87.21,97.44,100.88,79.79,51.61,105.88,111.91,98.46,101.47,15.62,2.92,49.44,1.5,0.52,63.9,0.923,98.6,takeoff,elite,Great form! Maintain position.
SES_SPR_POO_0011,athlete_13,6,sprint,81.83,103.75,87.22,140.45,77.53,105.63,99.74,155.08,74.27,85.38,47.61,2.06,24.85,3.85,0.3,0,0.543,34.5,descent,poor,Critical form deviation.
SES_SNA_GOO_0005,athlete_59,4,snatch,97.97,95.03,110.54,105.89,53.61,37.68,162.27,179.97,98.83,98.47,41.27,0.19,39.58,3.91,0.56,0,0.878,85.7,descent,good,Extend hips fully.
SES_SPR_POO_0011,athlete_54,45,sprint,90.25,79.37,117.44,141.78,73.57,126.66,65.71,116.25,86.86,110.58,58.36,0,19.96,2.68,0.46,0,0.632,34.4,setup,poor,Critical form deviation.
SES_SPR_POO_0011,athlete_58,15,sprint,77.07,61.23,146.21,150.49,65.29,133.53,174.61,138.46,83.21,97.77,26.91,1.5,32.38,2.03,0.44,0,0.65,23.3,setup,poor,Adjust knee alignment.
SES_CRI_POO_0019,athlete_28,43,cricket_bat,175,155.89,141.97,170.15,137.44,142.66,180,162.73,87.55,88.92,63.02,1.53,33.39,0.86,0.4,0,0.538,25.6,descent,poor,Work on symmetry.
SES_SNA_AVE_0006,athlete_68,17,snatch,102.74,119.23,131.21,124.51,30.72,85.58,171.85,159.91,89.54,71.56,42.55,1.1,37.94,2.51,0.42,0,0.763,69.6,setup,average,Activate core more.
SES_JAV_AVE_0014,athlete_48,86,javelin,135.32,119.12,150.7,165.74,174.45,177.18,132.69,131.16,84.07,74.75,43.01,0.94,22.62,5.0,0.46,0,0.617,61.1,setup,average,Control trunk lean.
SES_CRI_AVE_0018,athlete_57,22,cricket_bat,139.79,129.31,146.07,160.65,145.81,91.13,153.11,138.96,72.36,86.89,39.15,2.95,19.96,4.98,0.39,0,0.67,61.3,setup,average,Control trunk lean.
SES_CRI_GOO_0017,athlete_09,93,cricket_bat,141.54,144.53,155.4,151.1,118.67,101.27,152.49,158.58,78.44,87.94,28.25,2.48,29.98,7.17,0.42,0,0.765,85.6,setup,good,Extend hips fully.
SES_SNA_ELI_0004,athlete_45,74,snatch,89.23,88.62,104.26,98.46,31.11,39.48,168.95,177.85,90.0,81.05,16.21,0,38.29,7.05,0.5,0,0.931,94.6,descent,elite,Great form! Maintain position.
SES_JAV_GOO_0013,athlete_80,82,javelin,118.73,118.63,130.12,145.42,137.54,162.7,129.75,137.4,97.49,83.97,50.51,0.3,33.02,11.06,0.4,0,0.708,80.3,descent,good,"Good depth, push harder through the heels."
SES_SNA_POO_0007,athlete_68,62,snatch,136.38,125.8,105.89,149.09,95.95,94.52,127.39,141.47,50.55,62.47,79.55,4.34,14.08,1.78,0.49,0,0.61,32.8,setup,poor,Adjust knee alignment.
SES_JAV_GOO_0013,athlete_68,94,javelin,114.65,114.41,141.66,145.95,165.73,152.19,146.13,145.92,85.9,90.0,49.0,3.04,9.92,2.63,0.56,0,0.731,82.7,descent,good,Slight asymmetry detected.
SES_SPR_GOO_0009,athlete_26,14,sprint,50.89,49.28,95.81,106.63,103.19,72.55,109.86,95.72,61.18,72.7,0.46,2.92,34.09,-0.86,0.47,0,0.81,83.9,setup,good,Slight asymmetry detected.
SES_SNA_ELI_0004,athlete_68,28,snatch,83.17,83.31,96.0,105.53,49.77,42.39,180,177.24,93.89,86.64,32.81,4.1,40.81,6.33,0.49,0,0.922,99.3,descent,elite,Great form! Maintain position.
SES_VER_ELI_0000,athlete_34,13,vertical_jump,94.92,94.98,97.46,93.58,46.01,56.8,126.43,129.4,106.53,97.64,5.26,0,19.75,1.79,0.51,60.8,0.948,93.1,flight,elite,Great form! Maintain position.
SES_SPR_AVE_0010,athlete_24,56,sprint,64.86,85.36,116.9,106.5,78.42,85.94,107.96,99.17,96.71,87.86,38.57,4.46,11.37,-1.1,0.49,0,0.701,72.8,descent,average,Lower your hips.
SES_JAV_GOO_0013,athlete_24,58,javelin,114.44,109.14,176.28,165.14,173.87,146.96,143.54,130.86,76.5,87.5,43.05,2.3,17.71,2.05,0.49,0,0.707,83.7,setup,good,Slight asymmetry detected.
SES_JAV_AVE_0014,athlete_15,74,javelin,143.95,125.7,161.99,178,127.57,156.67,180,145.89,75.89,74.25,69.83,1.61,26.92,1.55,0.49,0,0.615,55,setup,average,Lower your hips.
SES_VER_AVE_0002,athlete_54,87,vertical_jump,119.68,122.55,111.88,125.83,67.29,67.57,116.58,99.85,58.68,75.69,37.38,1.68,23.58,3.5,0.55,40.0,0.76,62.5,flight,average,Control trunk lean.
SES_CRI_GOO_0017,athlete_69,62,cricket_bat,116.65,124.71,141.56,148.16,106.79,106.91,151.4,144.05,77.2,84.69,30.0,2.02,22.65,-0.7,0.62,0,0.747,83.9,setup,good,Extend hips fully.
SES_CRI_ELI_0016,athlete_40,95,cricket_bat,134.93,117.05,127.54,144.34,95.56,80.17,160.52,163.46,91.51,93.02,27.05,0,43.59,2.63,0.54,0,0.745,94.1,descent,elite,Hold this form.
SES_SPR_ELI_0008,athlete_69,68,sprint,57.3,50.6,100.69,77.1,65.4,67.83,89.02,84.28,68.57,65.27,9.44,0.31,45.88,-0.58,0.49,0,0.795,98.2,setup,elite,Great form! Maintain position.
SES_JAV_AVE_0014,athlete_47,72,javelin,141.82,118.96,157.68,149.6,179.4,157.41,170.74,125.05,89.1,86.1,65.03,3.51,30.99,0.21,0.43,0,0.616,55,descent,average,Activate core more.
SES_SNA_ELI_0004,athlete_13,61,snatch,88.2,90.69,97.26,98.97,45.38,42.84,172.95,180,99.17,89.38,22.16,0,28.05,2.0,0.48,0,0.937,96.5,setup,elite,Hold this form.
SES_VER_AVE_0002,athlete_37,53,vertical_jump,118.71,134.84,121.02,117.63,67.66,82.14,147.72,133.47,94.63,80.79,29.55,3.93,27.13,-0.14,0.44,34.5,0.756,65.7,landing,average,Lower your hips.
SES_VER_POO_0003,athlete_56,47,vertical_jump,79.53,123.37,150.61,135.54,61.76,90.8,160.55,180,33.35,87.97,42.34,0.88,22.93,-1.75,0.32,28.3,0.563,45.0,takeoff,poor,Work on symmetry.
SES_SPR_GOO_0009,athlete_18,82,sprint,55.54,56.66,84.34,103.43,110.01,75.45,89.07,105.21,90.27,75.13,24.29,2.2,25.7,0.53,0.57,0,0.789,79.4,descent,good,Slight asymmetry detected.
SES_CRI_POO_0019,athlete_52,79,cricket_bat,163.04,171.74,171.88,171.66,139.78,125.46,180,177.72,63.23,95.65,48.59,2.55,25.56,-0.51,0.42,0,0.604,32.8,descent,poor,Work on symmetry.
SES_CRI_ELI_0016,athlete_44,40,cricket_bat,108.75,117.94,142.1,134.02,109.33,80.2,116.2,129.46,85.66,89.67,25.98,2.8,40.25,-0.07,0.47,0,0.78,95.5,setup,elite,Elite biomechanics detected.
SES_CRI_ELI_0016,athlete_78,72,cricket_bat,127.58,124.92,135.43,138.75,85.92,62.88,143.68,133.23,82.6,85.45,20.26,1.43,41.92,2.97,0.46,0,0.807,98.5,setup,elite,Elite biomechanics detected.
SES_SPR_POO_0011,athlete_79,50,sprint,87.64,105.66,118.42,127.28,71.91,86.67,176.43,109.37,108.76,96.63,45.8,1.44,21.54,11.02,0.41,0,0.648,35.6,descent,poor,Work on symmetry.
SES_SNA_POO_0007,athlete_68,23,snatch,130.92,118.15,154.33,140.6,62.28,54.43,122.8,171.94,68.55,66.77,37.94,3.21,35.11,0.94,0.3,0,0.664,31.6,descent,poor,Adjust knee alignment.
SES_SPR_AVE_0010,athlete_52,78,sprint,63.97,68.73,119.42,104.11,99.12,89.53,124.13,108.82,87.12,89.1,37.23,0.15,23.55,2.3,0.4,0,0.741,63.5,setup,average,Control trunk lean.
SES_JAV_GOO_0013,athlete_68,69,javelin,100.01,123.96,171.55,165.93,147.47,143.84,151.97,132.16,66.65,75.42,36.81,2.66,39.15,1.94,0.46,0,0.672,82.2,descent,good,Extend hips fully.
SES_SPR_GOO_0009,athlete_77,83,sprint,53.79,65.72,114.36,122.43,79.86,92.28,83.45,84.76,83.77,87.94,18.18,2.14,15.85,2.02,0.44,0,0.776,84.8,descent,good,Slight asymmetry detected.
SES_JAV_AVE_0014,athlete_40,45,javelin,129.54,136.66,156.64,155.06,140.04,132.43,163.41,145.76,66.73,74.12,67.95,1.85,18.68,-3.01,0.47,0,0.661,60.1,setup,average,Lower your hips.
SES_VER_AVE_0002,athlete_67,14,vertical_jump,104.85,107.31,145.48,118.12,124.3,76.51,136.65,153.92,87.47,69.81,22.04,1.77,27.78,-1.26,0.4,30.2,0.737,63.4,descent,average,Lower your hips.
SES_SPR_POO_0011,athlete_71,97,sprint,62.21,85.81,118.77,142.43,138.21,104.88,161.28,142.23,114.47,108.17,52.08,2.31,36.14,6.02,0.48,0,0.588,46.6,descent,poor,Adjust knee alignment.
SES_JAV_ELI_0012,athlete_47,69,javelin,107.1,93.52,149.84,137.12,167.93,172.78,140.58,126.43,87.96,96.79,29.05,1.22,27.68,1.38,0.53,0,0.716,90.6,descent,elite,Great form! Maintain position.
SES_SNA_AVE_0006,athlete_35,23,snatch,90.41,115.54,133.05,117.71,64.77,82.15,130.03,173.25,78.44,72.39,42.97,1.93,36.66,5.22,0.48,0,0.72,70.0,descent,average,Activate core more.
SES_SPR_POO_0011,athlete_68,78,sprint,99.73,95.14,138.94,119.38,102.05,110.29,132.25,128.2,70.09,88.29,53.18,2.12,25.36,5.51,0.42,0,0.664,38.5,setup,poor,LOWER HIPS!
SES_VER_GOO_0001,athlete_24,21,vertical_jump,98.73,92.03,109.97,108.33,90.22,54.45,149.95,142.98,71.53,89.56,12.14,1.87,25.32,2.53,0.55,40.4,0.855,76.0,takeoff,good,Extend hips fully.
SES_SPR_GOO_0009,athlete_62,71,sprint,64.67,65.86,116.23,119.18,71.43,64.34,96.73,89.52,76.81,73.5,27.12,1.0,12.26,-1.48,0.45,0,0.837,81.5,setup,good,Slight asymmetry detected.
SES_SNA_AVE_0006,athlete_42,58,snatch,94.28,102.67,142.32,126.74,60.94,70.13,152.3,166.56,74.8,72.23,25.16,0.41,28.36,1.27,0.64,0,0.763,59.7,setup,average,Activate core more.
SES_SPR_AVE_0010,athlete_06,72,sprint,58.1,83.21,123.15,113.02,91.42,84.35,116.7,99.89,96.54,90.68,44.1,0.9,14.01,-0.64,0.54,0,0.685,63.7,descent,average,Control trunk lean.
SES_CRI_ELI_0016,athlete_66,94,cricket_bat,118.21,115.2,142.38,127.87,99.21,77.54,151.78,147.89,97.06,100.3,4.12,0.59,34.5,3.46,0.52,0,0.782,95.2,setup,elite,Great form! Maintain position.
SES_SPR_GOO_0009,athlete_79,91,sprint,57.0,49.39,96.82,105.94,96.86,89.13,101.76,109.67,82.84,68.06,11.08,0.97,33.62,-0.72,0.36,0,0.784,86.0,descent,good,"Good depth, push harder through the heels."
SES_SPR_POO_0011,athlete_18,42,sprint,95.97,95.13,108.19,128.32,140.84,119.52,157.42,146.87,109.85,75.18,27.38,1.48,24.99,2.27,0.56,0,0.67,42.7,descent,poor,Critical form deviation.
SES_VER_ELI_0000,athlete_21,68,vertical_jump,97.5,93.24,90.98,78.39,61.54,54.29,122.65,151.08,77.73,81.15,14.32,0,39.15,6.24,0.47,54.3,0.905,95.5,flight,elite,Elite biomechanics detected.
SES_VER_POO_0003,athlete_80,48,vertical_jump,147.26,136.29,144.89,150.3,109.14,80.16,103.79,122.39,69.19,76.4,35.61,1.34,21.6,6.55,0.6,16.2,0.667,35.5,flight,poor,Critical form deviation.
SES_SNA_ELI_0004,athlete_63,67,snatch,91.45,84.39,110.46,91.54,27.58,39.41,180,179.6,84.76,95.85,33.81,4.39,28.2,3.93,0.51,0,0.875,95.5,descent,elite,Hold this form.
SES_VER_POO_0003,athlete_42,71,vertical_jump,143.64,118.11,126.94,159.46,49.34,87.88,126.19,152.99,93.07,83.23,37.35,4.22,22.73,-1.41,0.37,20.4,0.585,36.6,takeoff,poor,LOWER HIPS!
SES_CRI_GOO_0017,athlete_41,58,cricket_bat,127.91,141.0,142.35,153.36,96.22,83.88,133.59,154.8,92.42,89.49,22.1,0,30.33,5.75,0.56,0,0.731,86.2,setup,good,"Good depth, push harder through the heels."
SES_JAV_GOO_0013,athlete_36,46,javelin,106.41,95.02,137.91,143.2,170.05,155.46,161.84,157.8,90.88,85.57,44.19,1.73,28.08,2.72,0.49,0,0.697,79.7,descent,good,"Good depth, push harder through the heels."
SES_SNA_ELI_0004,athlete_58,32,snatch,91.95,86.57,84.8,100.17,42.95,42.76,180,180,85.62,82.93,28.31,2.07,27.81,1.41,0.59,0,0.886,94.9,setup,elite,Hold this form.
SES_VER_POO_0003,athlete_09,49,vertical_jump,108.38,139.88,162.15,151.81,102.92,54.52,152.62,176.23,76.88,71.24,33.87,2.18,35.16,4.83,0.45,19.2,0.613,49.8,descent,poor,LOWER HIPS!
SES_CRI_AVE_0018,athlete_71,89,cricket_bat,130.69,127.68,152.26,158.01,91.71,132.43,180,171.12,65.52,89.52,39.67,0.19,31.76,6.34,0.44,0,0.702,63.2,setup,average,Activate core more.
SES_SNA_GOO_0005,athlete_20,90,snatch,117.68,83.4,100.13,99.97,30.27,65.2,159.94,159.0,72.83,84.93,18.86,2.19,16.34,5.06,0.54,0,0.812,83.0,setup,good,"Good depth, push harder through the heels."
SES_SPR_AVE_0010,athlete_39,75,sprint,60.66,58.0,97.37,137.34,87.7,107.64,116.0,98.0,95.09,73.59,22.21,1.68,25.72,1.71,0.51,0,0.7,66.4,descent,average,Lower your hips.
SES_JAV_POO_0015,athlete_12,29,javelin,164.27,165.92,178,173.46,134.29,93.8,156.44,163.05,85.95,84.74,57.25,0.13,24.15,2.97,0.48,0,0.589,29.8,setup,poor,Critical form deviation.
SES_SPR_POO_0011,athlete_13,81,sprint,98.81,87.32,134.88,132.74,152.63,118.51,109.45,137.52,99.38,91.59,18.4,0,26.32,1.69,0.38,0,0.68,51.2,setup,poor,Adjust knee alignment.
SES_SPR_ELI_0008,athlete_75,29,sprint,52.53,47.59,90.8,96.09,71.5,66.26,103.66,85.42,77.73,64.77,14.99,1.53,34.42,-2.37,0.53,0,0.855,93.4,descent,elite,Great form! Maintain position.
SES_SNA_GOO_0005,athlete_59,32,snatch,109.81,75.23,118.03,106.76,41.75,38.69,174.6,164.99,97.61,78.53,34.05,3.04,20.47,1.95,0.38,0,0.777,82.3,setup,good,"Good depth, push harder through the heels."
SES_VER_POO_0003,athlete_60,64,vertical_jump,170.64,146.06,149.9,157.24,123.06,122.99,146.44,180,65.97,73.22,43.95,1.71,25.7,6.04,0.46,29.5,0.643,43.4,takeoff,poor,Adjust knee alignment.
SES_VER_ELI_0000,athlete_19,90,vertical_jump,88.98,90.0,95.22,103.18,57.57,66.31,126.22,138.08,91.38,104.98,10.11,3.27,48.03,-0.16,0.52,62.0,0.933,90,flight,elite,Elite biomechanics detected.
SES_SNA_POO_0007,athlete_22,63,snatch,114.43,125.39,140.2,151.78,87.99,71.23,150.75,131.65,78.9,83.41,37.75,0.63,22.82,1.18,0.43,0,0.671,26.5,descent,poor,Work on symmetry.
SES_VER_POO_0003,athlete_26,84,vertical_jump,119.78,138.86,128.15,150.41,71.66,95.63,180,173.71,67.52,70.66,35.11,3.7,21.91,1.65,0.44,25.7,0.614,30.2,setup,poor,Adjust knee alignment.
SES_SNA_AVE_0006,athlete_58,72,snatch,111.6,93.69,144.98,115.05,65.13,83.54,172.06,152.07,63.01,68.84,46.65,0.99,29.2,4.12,0.4,0,0.71,63.5,descent,average,Lower your hips.
SES_CRI_AVE_0018,athlete_31,25,cricket_bat,141.21,156.53,150.91,148.64,115.45,114.11,171.44,128.27,90.19,78.31,29.37,3.03,2.22,1.91,0.44,0,0.686,62.4,descent,average,Control trunk lean.
SES_CRI_ELI_0016,athlete_22,11,cricket_bat,127.47,112.66,146.22,130.56,88.51,82.87,140.1,163.16,75.97,91.36,15.68,1.42,41.73,2.18,0.53,0,0.753,91.5,descent,elite,Hold this form.
SES_JAV_AVE_0014,athlete_55,66,javelin,117.01,112.08,174.29,152.43,153.23,127.37,180,146.68,82.3,88.04,74.1,4.92,35.73,2.77,0.56,0,0.63,59.1,setup,average,Lower your hips.
SES_JAV_ELI_0012,athlete_79,83,javelin,99.28,99.22,136.51,141.76,170.02,172.63,127.28,129.26,83.98,78.87,35.87,1.99,36.27,-0.88,0.53,0,0.769,93.2,descent,elite,Hold this form.
SES_CRI_AVE_0018,athlete_01,48,cricket_bat,139.67,137.54,146.84,165.55,96.18,119.68,131.04,166.65,89.62,90.08,27.05,3.32,14.92,5.06,0.53,0,0.682,70.1,descent,average,Lower your hips.
SES_JAV_ELI_0012,athlete_43,48,javelin,87.15,90.88,155.87,161.9,168.43,176.94,130.48,128.17,73.13,79.82,31.82,0.4,35.11,2.96,0.56,0,0.757,96.9,setup,elite,Great form! Maintain position.
SES_JAV_POO_0015,athlete_68,48,javelin,168.7,142.59,166.58,178,110.4,95.0,174.01,164.03,66.99,68.91,72.15,4.51,28.99,-3.72,0.45,0,0.534,20,setup,poor,Adjust knee alignment.
SES_VER_AVE_0002,athlete_23,8,vertical_jump,101.25,105.42,131.28,123.06,90.04,63.81,131.32,134.94,63.75,64.93,24.21,3.44,15.05,-1.05,0.54,29.4,0.769,61.7,flight,average,Lower your hips.
SES_CRI_AVE_0018,athlete_23,19,cricket_bat,141.58,150.96,163.76,157.74,112.93,101.72,175.14,160.86,110.32,90.76,50.05,1.09,2.52,6.94,0.59,0,0.69,55.1,setup,average,Lower your hips.
SES_SNA_AVE_0006,athlete_72,56,snatch,110.33,114.12,131.62,147.38,35.75,51.47,132.27,163.5,62.87,95.95,36.63,2.67,9.09,-0.45,0.52,0,0.778,68.5,descent,average,Lower your hips.
SES_SNA_ELI_0004,athlete_28,90,snatch,88.54,95.28,91.9,100.4,53.43,47.95,176.88,174.38,91.3,82.73,24.29,1.04,25.52,-2.71,0.51,0,0.903,94.1,descent,elite,Great form! Maintain position.
SES_CRI_POO_0019,athlete_18,64,cricket_bat,146.62,153.28,159.78,170.7,125.78,133.87,168.79,162.61,81.65,90.5,50.48,3.26,28.26,4.82,0.53,0,0.588,26.2,descent,poor,LOWER HIPS!
SES_JAV_GOO_0013,athlete_65,44,javelin,129.64,118.32,167.98,174.92,162.81,139.79,146.87,131.86,82.67,83.17,52.69,1.57,45.64,1.01,0.58,0,0.702,83.2,descent,good,"Good depth, push harder through the heels."
SES_JAV_POO_0015,athlete_34,64,javelin,164.96,160.99,175.82,178,166.45,141.94,180,127.32,33.69,56.44,27.01,4.01,9.51,5.78,0.48,0,0.589,46.3,setup,poor,Critical form deviation.
SES_VER_AVE_0002,athlete_37,61,vertical_jump,111.19,100.31,124.79,119.14,67.43,74.33,134.04,133.99,77.85,91.33,25.64,0,23.49,0.49,0.56,27.2,0.757,73.8,descent,average,Lower your hips.
SES_VER_GOO_0001,athlete_62,46,vertical_jump,96.13,116.3,118.57,107.4,53.85,77.97,145.03,134.85,85.22,91.69,21.47,2.76,32.32,-0.43,0.43,34.8,0.8,88.1,flight,good,Slight asymmetry detected.
SES_CRI_GOO_0017,athlete_60,59,cricket_bat,127.57,129.19,126.36,152.33,97.08,96.81,143.36,117.66,94.32,108.56,25.06,4.61,9.1,5.28,0.44,0,0.725,82.4,descent,good,"Good depth, push harder through the heels."
SES_VER_AVE_0002,athlete_26,3,vertical_jump,88.76,106.5,111.59,113.29,85.9,56.27,118.81,122.9,78.97,73.49,16.64,3.13,35.58,5.57,0.44,37.3,0.746,66.4,setup,average,Lower your hips.
SES_SPR_AVE_0010,athlete_32,66,sprint,78.44,67.44,111.46,126.52,97.75,109.5,89.12,111.51,78.87,63.93,13.68,1.15,26.36,3.9,0.49,0,0.722,61.4,setup,average,Control trunk lean.
SES_SNA_ELI_0004,athlete_61,55,snatch,80.5,93.41,88.69,97.75,52.96,47.09,169.47,176.83,84.36,88.96,23.59,1.02,41.47,3.48,0.55,0,0.881,99.7,descent,elite,Hold this form.
SES_VER_POO_0003,athlete_04,5,vertical_jump,161.92,112.71,141.65,134.89,91.52,95.64,180,161.5,86.85,48.32,50.44,0.65,16.2,5.16,0.53,18.8,0.595,42.2,landing,poor,Critical form deviation.
SES_SPR_GOO_0009,athlete_48,29,sprint,58.23,51.35,113.06,101.84,63.18,77.31,86.39,82.29,97.72,77.05,23.2,1.28,32.87,1.21,0.42,0,0.785,86.5,descent,good,"Good depth, push harder through the heels."
SES_SNA_POO_0007,athlete_80,13,snatch,128.53,121.76,151.84,141.8,120.74,97.72,125.07,149.84,70.38,68.38,61.16,1.06,29.98,0.91,0.41,0,0.684,46.5,setup,poor,LOWER HIPS!
SES_SPR_POO_0011,athlete_64,98,sprint,89.39,96.97,149.68,139.64,47.87,111.34,169.21,151.66,94.76,91.93,46.19,1.7,31.9,0.59,0.57,0,0.676,44.2,setup,poor,LOWER HIPS!
SES_JAV_GOO_0013,athlete_53,50,javelin,102.41,98.32,169.15,172.55,158.37,153.36,140.23,146.83,77.56,65.16,45.69,3.56,17.68,1.83,0.45,0,0.722,81.3,descent,good,Slight asymmetry detected.
SES_SNA_ELI_0004,athlete_66,31,snatch,82.63,99.89,109.66,97.35,53.36,46.96,180,177.18,88.66,92.57,31.26,2.87,26.21,0.83,0.61,0,0.864,90.5,descent,elite,Hold this form.
SES_JAV_AVE_0014,athlete_46,58,javelin,151.25,130.86,177.24,163.89,138.18,157.14,134.12,125.14,55.19,80.43,70.8,2.74,12.17,6.05,0.5,0,0.617,58.8,setup,average,Lower your hips.
SES_VER_POO_0003,athlete_10,73,vertical_jump,93.66,141.89,135.05,137.94,85.79,85.99,152.74,166.41,72.75,65.99,6.46,2.61,19.92,-5.47,0.48,27.4,0.592,23.3,takeoff,poor,Critical form deviation.
SES_CRI_AVE_0018,athlete_58,17,cricket_bat,122.89,141.04,178,154.42,140.34,110.26,180,150.14,77.87,99.8,47.5,2.13,24.67,-0.98,0.47,0,0.642,59.9,descent,average,Lower your hips.
SES_SPR_ELI_0008,athlete_46,9,sprint,59.14,40.25,72.88,94.34,54.03,83.38,112.31,93.76,66.17,71.28,13.04,4.89,31.25,-2.07,0.61,0,0.736,98.9,setup,elite,Great form! Maintain position.
SES_CRI_POO_0019,athlete_45,4,cricket_bat,175,154.62,157.3,161.26,95.44,102.76,114.99,167.54,94.79,63.61,60.08,3.69,23.66,1.03,0.46,0,0.578,35.7,descent,poor,LOWER HIPS!
SES_JAV_ELI_0012,athlete_76,42,javelin,119.57,108.25,140.35,146.45,163.68,165.33,136.22,112.74,76.01,88.65,49.09,2.11,32.47,3.48,0.53,0,0.739,93.6,descent,elite,Elite biomechanics detected.
SES_JAV_ELI_0012,athlete_41,44,javelin,109.59,103.1,147.78,147.0,156.09,164.53,134.88,137.57,70.53,88.23,26.28,2.26,34.74,-3.04,0.58,0,0.761,97.9,descent,elite,Great form! Maintain position.
SES_JAV_GOO_0013,athlete_38,16,javelin,117.79,107.88,173.15,150.42,140.42,169.31,116.88,147.45,86.38,80.75,52.09,2.0,15.85,1.05,0.59,0,0.675,80.2,descent,good,Slight asymmetry detected.
SES_SPR_AVE_0010,athlete_05,6,sprint,82.0,57.7,89.24,112.46,58.91,103.68,158.77,117.03,93.17,92.4,36.75,0,39.05,1.51,0.49,0,0.649,55.4,descent,average,Activate core more.
SES_SPR_POO_0011,athlete_57,21,sprint,97.86,98.29,118.63,125.41,100.53,129.96,118.46,160.85,107.07,90.6,44.95,1.87,8.47,0.74,0.48,0,0.702,20,setup,poor,LOWER HIPS!
SES_SNA_POO_0007,athlete_51,35,snatch,118.87,140.79,122.74,126.73,119.98,64.71,130.95,135.85,41.61,75.93,42.42,3.84,18.58,2.79,0.44,0,0.664,35.0,setup,poor,Adjust knee alignment.
SES_SNA_POO_0007,athlete_34,45,snatch,123.47,122.45,110.79,163.94,95.02,87.94,144.24,134.16,60.33,94.78,80,4.02,41.85,2.16,0.59,0,0.62,41.1,descent,poor,LOWER HIPS!
SES_SPR_POO_0011,athlete_71,76,sprint,94.79,80.65,147.07,137.8,111.95,92.0,170.61,124.39,106.75,73.45,37.25,2.47,24.04,-0.02,0.64,0,0.656,28.4,descent,poor,Adjust knee alignment.
SES_JAV_GOO_0013,athlete_11,32,javelin,113.51,103.75,161.54,164.2,168.68,158.14,137.45,143.58,94.38,70.73,57.99,0.94,16.63,-3.9,0.51,0,0.709,86.1,setup,good,Slight asymmetry detected.
SES_SNA_ELI_0004,athlete_78,63,snatch,88.56,84.23,111.74,97.82,48.62,39.52,179.0,174.45,88.45,80.79,14.45,4.27,19.73,4.66,0.53,0,0.898,92.5,setup,elite,Hold this form.
SES_SNA_AVE_0006,athlete_62,75,snatch,78.03,113.37,137.62,138.46,65.46,58.13,157.87,171.45,64.85,75.61,34.42,0.41,27.18,3.34,0.51,0,0.725,63.8,descent,average,Activate core more.
SES_VER_AVE_0002,athlete_15,78,vertical_jump,125.36,121.34,121.87,127.69,119.57,100.64,113.7,108.36,78.92,79.97,38.57,1.35,23.95,0.54,0.5,29.5,0.777,69.5,flight,average,Lower your hips.
SES_SPR_POO_0011,athlete_66,60,sprint,112.07,85.41,126.72,139.9,124.84,138.95,137.69,103.53,71.13,79.93,30.87,1.0,38.97,5.24,0.41,0,0.62,35.6,descent,poor,LOWER HIPS!
SES_JAV_GOO_0013,athlete_39,38,javelin,111.2,125.04,137.47,152.07,177.71,157.98,125.88,149.63,84.52,83.46,38.53,0.89,12.33,3.33,0.49,0,0.678,79.5,descent,good,Slight asymmetry detected.
SES_VER_GOO_0001,athlete_25,3,vertical_jump,90.33,104.01,116.37,105.32,63.46,65.98,131.59,115.83,92.13,87.79,22.33,0.54,23.51,1.92,0.55,50.7,0.812,83.8,descent,good,Extend hips fully.
SES_SNA_POO_0007,athlete_54,1,snatch,108.34,98.67,125.98,157.46,99.25,95.86,158.18,104.43,88.71,57.2,33.64,0.0,30.95,5.39,0.42,0,0.633,51.2,descent,poor,LOWER HIPS!
SES_VER_AVE_0002,athlete_75,93,vertical_jump,100.86,101.23,133.47,118.57,80.25,80.48,101.58,128.32,72.85,74.0,28.88,1.3,29.59,2.54,0.48,30.3,0.765,62.0,takeoff,average,Activate core more.
SES_CRI_GOO_0017,athlete_01,38,cricket_bat,124.49,130.68,129.47,157.59,97.28,101.4,149.58,137.83,83.81,74.77,23.64,1.41,29.04,4.5,0.35,0,0.712,81.7,setup,good,Slight asymmetry detected.
SES_JAV_ELI_0012,athlete_01,62,javelin,91.86,106.14,125.7,139.38,178.48,158.24,124.86,131.41,97.89,97.32,31.8,1.87,51.56,7.42,0.51,0,0.71,94.9,descent,elite,Great form! Maintain position.
SES_JAV_ELI_0012,athlete_22,64,javelin,115.95,108.71,149.39,146.14,175.95,166.75,121.14,121.09,83.36,93.23,39.76,1.97,39.86,-0.47,0.53,0,0.755,96.2,setup,elite,Elite biomechanics detected.
SES_VER_GOO_0001,athlete_08,34,vertical_jump,95.11,100.13,91.57,105.03,104.85,67.7,156.83,153.43,57.86,81.1,11.06,1.4,19.45,-2.64,0.6,40.6,0.827,84.5,setup,good,"Good depth, push harder through the heels."
SES_SPR_GOO_0009,athlete_49,32,sprint,58.77,55.65,95.51,113.32,77.27,75.3,76.45,106.36,85.16,60.09,29.3,2.85,31.38,0.65,0.49,0,0.787,82.3,setup,good,Extend hips fully.
SES_SPR_AVE_0010,athlete_46,40,sprint,73.09,69.69,129.73,118.78,96.75,118.94,103.79,112.15,104.27,77.2,35.47,0,22.7,1.69,0.48,0,0.761,55,descent,average,Lower your hips.
SES_SNA_POO_0007,athlete_61,56,snatch,127.05,117.92,156.37,151.34,108.66,78.75,180,118.0,85.4,65.95,80,3.89,22.29,1.14,0.45,0,0.689,48.5,setup,poor,LOWER HIPS!
SES_CRI_POO_0019,athlete_14,84,cricket_bat,175,148.1,178,171.96,149.63,133.7,125.6,180,45.15,80.69,77.65,3.41,26.09,-1.24,0.51,0,0.564,32.4,descent,poor,Adjust knee alignment.
SES_JAV_POO_0015,athlete_61,7,javelin,118.19,175,133.19,168.82,118.14,161.53,175.29,140.34,101.26,73.27,75.48,0.85,29.14,-3.79,0.44,0,0.5,32.4,setup,poor,Adjust knee alignment.
SES_SPR_GOO_0009,athlete_42,85,sprint,46.45,65.22,128.16,94.69,51.53,89.71,84.47,84.9,92.46,83.27,15.45,2.2,26.39,-1.68,0.46,0,0.685,81.3,descent,good,Extend hips fully.
SES_CRI_GOO_0017,athlete_80,72,cricket_bat,116.21,141.89,147.77,141.37,68.66,95.71,128.22,129.1,104.0,73.86,17.29,0.95,29.05,3.83,0.47,0,0.713,87.8,setup,good,"Good depth, push harder through the heels."
SES_JAV_ELI_0012,athlete_42,16,javelin,113.86,101.56,154.49,139.11,172.49,174.03,129.39,144.25,81.56,87.63,35.79,2.82,38.34,-2.32,0.51,0,0.718,96.5,setup,elite,Great form! Maintain position.
SES_SPR_ELI_0008,athlete_12,99,sprint,42.41,59.78,106.8,97.55,84.93,68.84,83.83,81.27,74.24,72.36,22.5,2.09,17.88,0.31,0.48,0,0.787,94.9,setup,elite,Great form! Maintain position.
SES_VER_ELI_0000,athlete_66,71,vertical_jump,85.26,92.78,94.13,95.78,54.97,47.74,132.04,120.47,92.45,96.16,14.54,2.16,46.39,1.23,0.51,62.9,0.931,92.5,takeoff,elite,Hold this form.
SES_JAV_GOO_0013,athlete_49,39,javelin,126.2,123.38,170.97,152.87,138.36,144.34,137.08,144.87,90.33,86.73,29.83,3.14,41.39,-0.66,0.5,0,0.702,81.3,setup,good,Extend hips fully.
SES_SNA_GOO_0005,athlete_26,17,snatch,108.84,92.66,106.26,107.45,49.55,52.78,180,174.11,62.05,78.85,23.02,0.71,19.87,7.52,0.51,0,0.852,81.9,setup,good,"Good depth, push harder through the heels."
SES_JAV_ELI_0012,athlete_59,47,javelin,101.1,115.48,146.38,140.32,168.26,166.87,119.4,121.93,88.22,81.67,42.87,4.38,34.14,3.61,0.49,0,0.73,91.6,descent,elite,Great form! Maintain position.
SES_JAV_AVE_0014,athlete_08,88,javelin,127.1,123.78,156.63,153.11,144.31,134.24,120.72,139.77,85.39,79.1,78.43,1.7,32.96,0.99,0.49,0,0.665,64.1,setup,average,Lower your hips.
SES_CRI_GOO_0017,athlete_14,26,cricket_bat,127.47,145.38,162.18,164.59,125.01,101.89,178.93,147.54,91.88,79.55,27.36,2.79,34.72,4.36,0.52,0,0.739,83.5,descent,good,Slight asymmetry detected.
SES_SNA_AVE_0006,athlete_77,33,snatch,90.69,113.7,170.58,140.68,42.55,40.19,132.13,163.3,92.96,81.45,48.34,2.55,31.17,1.32,0.48,0,0.707,74,setup,average,Activate core more.
SES_VER_AVE_0002,athlete_71,7,vertical_jump,114.38,103.39,115.07,125.32,86.09,55.62,119.78,131.26,91.84,49.46,28.26,2.5,21.96,2.66,0.6,34.6,0.747,63.8,takeoff,average,Control trunk lean.
SES_VER_POO_0003,athlete_69,68,vertical_jump,136.1,169.25,130.94,151.17,77.12,63.06,180,150.35,65.82,66.74,58.26,0.7,10.47,5.31,0.41,7.0,0.601,39.9,takeoff,poor,LOWER HIPS!
SES_JAV_AVE_0014,athlete_62,27,javelin,139.35,127.82,162.04,150.64,155.5,177.31,155.1,150.42,93.15,70.95,36.45,4.31,20.93,4.22,0.49,0,0.634,61.1,descent,average,Activate core more.
SES_SPR_AVE_0010,athlete_02,3,sprint,58.77,61.62,129.96,115.47,112.74,80.29,101.64,137.73,92.42,78.54,37.32,2.39,28.67,3.37,0.48,0,0.753,64.4,descent,average,Lower your hips.
SES_CRI_GOO_0017,athlete_57,86,cricket_bat,142.26,122.66,169.43,150.78,101.67,90.59,173.3,158.07,81.42,77.36,19.29,1.75,31.68,1.98,0.43,0,0.706,82.0,setup,good,"Good depth, push harder through the heels."
SES_SPR_AVE_0010,athlete_30,7,sprint,80.45,94.27,98.08,107.8,100.59,110.6,102.18,100.92,95.61,77.35,11.81,1.82,26.45,4.39,0.47,0,0.729,64.6,descent,average,Lower your hips.
SES_CRI_GOO_0017,athlete_10,9,cricket_bat,121.14,119.73,151.61,170.91,87.66,79.84,180,127.08,84.19,96.1,41.75,4.22,18.48,2.95,0.46,0,0.743,80.7,descent,good,"Good depth, push harder through the heels."
SES_JAV_GOO_0013,athlete_29,55,javelin,120.84,123.17,140.32,150.91,155.85,155.48,156.45,146.46,74.4,81.24,40.39,1.98,30.4,2.1,0.56,0,0.713,79.6,setup,good,Slight asymmetry detected.
SES_VER_AVE_0002,athlete_11,94,vertical_jump,128.06,116.62,123.34,100.64,64.66,93.0,106.82,110.5,60.44,87.5,44.11,3.36,23.97,2.67,0.43,34.1,0.718,56.4,landing,average,Activate core more.
SES_VER_POO_0003,athlete_48,86,vertical_jump,109.39,105.23,168.66,132.79,94.55,104.13,117.5,134.18,71.38,87.05,13.0,2.54,23.17,3.07,0.5,13.0,0.625,29.1,landing,poor,LOWER HIPS!
SES_SPR_AVE_0010,athlete_44,12,sprint,65.26,72.86,100.61,128.19,97.79,98.14,86.07,97.98,97.51,103.62,29.8,5.16,21.3,2.83,0.44,0,0.704,63.1,setup,average,Lower your hips.
SES_SPR_AVE_0010,athlete_69,17,sprint,67.22,72.72,92.74,122.43,104.49,93.59,143.94,103.34,83.51,81.92,20.11,3.45,26.68,2.53,0.55,0,0.705,68.3,setup,average,Control trunk lean.
SES_CRI_POO_0019,athlete_74,90,cricket_bat,166.73,154.84,137.81,172.5,88.57,101.0,180,131.82,65.15,84.79,17.63,0.6,25.77,-1.71,0.33,0,0.538,41.4,descent,poor,Critical form deviation.
SES_JAV_POO_0015,athlete_22,30,javelin,151.56,122.03,158.06,178,60.52,98.18,142.95,168.42,95.31,73.13,76.17,0,21.91,1.4,0.46,0,0.508,33.5,setup,poor,Adjust knee alignment.
SES_VER_POO_0003,athlete_26,88,vertical_jump,121.03,123.12,116.53,124.89,66.1,105.69,155.44,160.66,78.06,66.99,25.1,1.3,27.79,1.18,0.53,26.2,0.675,33.3,setup,poor,Critical form deviation.
SES_VER_GOO_0001,athlete_45,88,vertical_jump,98.55,95.51,110.02,110.81,53.49,58.26,103.97,131.24,107.04,90.83,9.2,4.04,22.67,3.93,0.51,46.4,0.869,78.2,takeoff,good,"Good depth, push harder through the heels."
SES_SNA_GOO_0005,athlete_24,34,snatch,96.45,102.66,98.38,125.32,64.97,59.63,180,180,77.91,94.38,44.72,0.98,16.05,-1.61,0.41,0,0.817,84.3,setup,good,Extend hips fully.
SES_CRI_ELI_0016,athlete_62,82,cricket_bat,113.07,120.76,133.69,145.22,85.75,77.21,143.5,152.66,99.62,98.47,15.89,3.37,37.04,3.43,0.48,0,0.777,91.1,descent,elite,Elite biomechanics detected.
SES_SPR_GOO_0009,athlete_06,43,sprint,68.56,66.89,112.27,109.25,99.62,76.42,105.45,113.84,86.57,79.91,21.65,0.59,14.54,2.68,0.52,0,0.835,80.6,setup,good,"Good depth, push harder through the heels."
SES_VER_POO_0003,athlete_28,58,vertical_jump,136.33,139.72,133.24,129.08,112.98,70.91,83.96,88.95,43.71,60.45,26.37,0,24.05,-1.1,0.5,28.1,0.683,20,takeoff,poor,LOWER HIPS!
SES_JAV_POO_0015,athlete_47,21,javelin,173.01,151.02,175.9,176.98,99.1,111.16,133.59,110.44,68.13,83.94,70.78,0,36.51,1.54,0.44,0,0.56,40.8,descent,poor,LOWER HIPS!
SES_VER_AVE_0002,athlete_77,52,vertical_jump,108.07,129.52,129.61,118.08,81.63,79.67,140.38,136.88,88.83,96.62,13.25,2.03,28.87,-1.84,0.43,32.2,0.724,59.6,flight,average,Activate core more.
SES_SPR_ELI_0008,athlete_01,78,sprint,32.54,42.24,105.3,93.57,91.65,89.67,88.83,80.49,85.42,82.94,18.12,0.28,21.66,-0.64,0.52,0,0.798,95.4,setup,elite,Hold this form.
SES_SNA_POO_0007,athlete_32,4,snatch,121.49,117.6,123.11,132.65,88.27,51.96,138.87,132.98,79.81,87.31,40.87,0,19.89,1.34,0.36,0,0.689,39.4,setup,poor,Adjust knee alignment.
SES_SPR_AVE_0010,athlete_64,63,sprint,58.39,57.8,109.91,119.94,100.77,111.04,93.96,97.85,77.07,76.9,20.3,3.17,40.84,2.02,0.36,0,0.772,68.0,descent,average,Activate core more.
SES_JAV_AVE_0014,athlete_25,65,javelin,107.25,126.61,154.28,146.78,153.81,138.14,163.11,153.24,76.43,73.12,67.32,2.11,29.86,3.92,0.54,0,0.62,70.2,setup,average,Lower your hips.
SES_CRI_AVE_0018,athlete_59,87,cricket_bat,133.15,142.2,178,156.11,129.86,102.83,174.92,165.79,89.1,102.7,32.19,1.21,27.34,5.55,0.5,0,0.664,68.0,descent,average,Lower your hips.
SES_JAV_GOO_0013,athlete_09,72,javelin,130.41,107.62,156.55,164.05,151.57,155.94,146.11,125.14,68.72,70.84,52.04,1.78,36.29,0.58,0.51,0,0.674,87.6,descent,good,Extend hips fully.
SES_VER_AVE_0002,athlete_01,80,vertical_jump,102.0,119.07,134.84,114.28,101.17,101.51,147.08,168.15,84.07,88.06,38.52,0.76,27.48,2.71,0.43,30.0,0.711,66.7,takeoff,average,Activate core more.
SES_JAV_AVE_0014,athlete_54,56,javelin,132.43,113.61,174.82,153.02,159.14,153.4,132.22,139.32,67.2,84.08,50.29,4.89,10.91,-0.39,0.5,0,0.6,67.1,setup,average,Activate core more.
SES_SPR_GOO_0009,athlete_04,95,sprint,66.88,58.64,93.15,98.07,94.89,65.33,100.83,90.17,100.25,74.08,3.73,2.07,17.11,1.57,0.48,0,0.798,81.8,setup,good,Extend hips fully.
SES_JAV_GOO_0013,athlete_65,89,javelin,117.79,111.06,178,162.52,166.35,151.82,131.56,128.1,73.14,78.33,39.9,2.72,16.91,0.68,0.55,0,0.697,86.6,setup,good,Slight asymmetry detected.
SES_SNA_AVE_0006,athlete_48,74,snatch,126.23,104.03,142.74,138.39,69.43,53.82,164.78,145.39,79.28,73.7,38.74,1.8,24.69,3.67,0.58,0,0.758,65.6,descent,average,Lower your hips.
SES_VER_POO_0003,athlete_23,79,vertical_jump,131.05,116.82,156.45,141.69,114.77,103.48,175.22,114.04,68.09,58.43,15.66,0,41.78,2.77,0.51,21.2,0.639,43.5,descent,poor,Critical form deviation.
SES_CRI_GOO_0017,athlete_17,37,cricket_bat,127.0,114.75,123.59,148.86,103.09,85.75,162.17,158.43,79.63,73.52,39.62,0,24.67,2.65,0.54,0,0.7,89,descent,good,Extend hips fully.
SES_JAV_AVE_0014,athlete_61,33,javelin,119.97,138.59,144.86,168.31,146.9,152.35,133.56,147.73,85.37,60.26,48.84,4.1,34.98,2.8,0.5,0,0.598,59.8,descent,average,Lower your hips.
SES_CRI_AVE_0018,athlete_43,84,cricket_bat,159.26,130.93,158.83,162.96,100.83,119.56,152.21,169.8,80.81,70.7,35.07,1.16,22.7,7.65,0.46,0,0.659,68.2,setup,average,Activate core more.
SES_VER_POO_0003,athlete_41,28,vertical_jump,134.72,146.82,125.03,125.72,72.08,86.8,146.47,151.07,86.71,57.57,73.32,1.16,30.89,0.75,0.57,14.8,0.674,40.2,descent,poor,Work on symmetry.
SES_JAV_POO_0015,athlete_15,32,javelin,154.13,122.48,166.62,159.32,115.43,132.0,131.35,143.99,79.44,54.08,49.8,2.38,15.22,2.9,0.53,0,0.525,42.2,descent,poor,Critical form deviation.
SES_SPR_POO_0011,athlete_42,35,sprint,109.04,100.2,153.89,135.01,112.33,116.54,171.2,168.99,99.51,108.83,34.26,2.02,21.17,1.08,0.34,0,0.659,27.4,descent,poor,Adjust knee alignment.
SES_VER_AVE_0002,athlete_06,85,vertical_jump,116.53,109.35,122.0,105.1,94.53,83.43,123.19,147.07,66.01,86.84,15.07,3.61,3.97,0.84,0.42,39.8,0.74,63.6,setup,average,Lower your hips.
SES_JAV_AVE_0014,athlete_57,43,javelin,137.05,122.61,162.97,159.97,145.47,143.78,170.77,158.05,101.9,84.69,78.77,1.18,21.06,-0.14,0.56,0,0.643,61.0,setup,average,Lower your hips.
SES_SNA_AVE_0006,athlete_24,80,snatch,127.66,108.73,116.55,118.43,80.32,44.22,159.53,169.5,71.62,86.76,47.6,1.1,19.87,-0.67,0.31,0,0.771,68.7,descent,average,Lower your hips.
SES_SPR_POO_0011,athlete_38,93,sprint,97.68,111.21,118.68,125.78,114.82,83.83,124.56,143.23,89.76,74.08,45.03,0.94,26.86,0.99,0.42,0,0.667,32.3,descent,poor,Work on symmetry.
SES_SPR_GOO_0009,athlete_58,42,sprint,61.38,63.02,90.22,95.74,83.26,76.69,73.39,87.87,89.09,87.25,9.66,0,8.82,-1.47,0.53,0,0.825,83.2,setup,good,Extend hips fully.
SES_VER_AVE_0002,athlete_09,41,vertical_jump,116.17,118.34,134.0,119.4,69.05,79.02,135.43,114.41,91.76,77.33,17.65,2.88,26.32,0.88,0.6,30.5,0.762,63.4,flight,average,Lower your hips.
SES_CRI_GOO_0017,athlete_38,64,cricket_bat,113.48,92.33,151.82,141.59,103.68,101.69,161.55,143.75,97.17,72.61,35.26,2.19,17.93,1.97,0.45,0,0.704,81.6,setup,good,Extend hips fully.
SES_JAV_POO_0015,athlete_45,81,javelin,149.02,135.59,154.77,175.45,102.08,117.19,180,147.7,48.35,76.91,63.48,2.69,12.82,9.4,0.46,0,0.538,48.1,descent,poor,Adjust knee alignment.
SES_CRI_ELI_0016,athlete_47,35,cricket_bat,129.69,113.49,126.36,123.53,127.29,92.77,145.86,141.44,100.65,89.81,14.59,0.97,47.64,2.15,0.49,0,0.776,97.2,setup,elite,Great form! Maintain position.
SES_SNA_ELI_0004,athlete_64,12,snatch,88.95,95.33,98.8,85.81,50.49,39.38,173.78,172.8,79.04,102.34,26.78,2.87,25.13,-0.95,0.59,0,0.89,91.3,setup,elite,Great form! Maintain position.
SES_JAV_GOO_0013,athlete_32,95,javelin,126.51,106.96,151.82,165.66,169.74,166.43,138.58,116.49,89.09,80.04,44.6,0.87,11.69,7.87,0.56,0,0.669,79.6,setup,good,Slight asymmetry detected.
SES_CRI_GOO_0017,athlete_60,19,cricket_bat,113.04,133.61,155.17,161.46,90.13,106.86,155.05,164.4,79.38,97.96,22.59,4.48,38.15,3.14,0.58,0,0.722,79.3,descent,good,Slight asymmetry detected.
SES_VER_GOO_0001,athlete_05,10,vertical_jump,101.29,100.38,110.58,113.29,42.87,60.47,150.24,141.06,68.97,90.65,23.32,2.27,36.3,-2.62,0.48,44.3,0.87,88.7,setup,good,Extend hips fully.
SES_JAV_GOO_0013,athlete_49,43,javelin,114.14,107.68,159.82,164.99,167.21,162.57,160.26,125.22,91.88,89.62,26.83,6.34,35.79,-1.59,0.64,0,0.714,83.2,descent,good,"Good depth, push harder through the heels."
SES_SPR_AVE_0010,athlete_02,91,sprint,75.86,75.69,107.5,120.42,92.77,89.49,129.95,95.57,91.8,76.11,18.43,2.54,29.18,7.51,0.49,0,0.767,59.7,setup,average,Activate core more.
SES_SPR_AVE_0010,athlete_19,45,sprint,108.9,79.19,98.99,106.59,93.4,116.3,144.08,115.23,61.96,78.09,24.12,0.72,13.7,3.77,0.48,0,0.697,73.7,descent,average,Activate core more.
SES_VER_ELI_0000,athlete_52,53,vertical_jump,84.23,91.76,99.15,92.24,64.24,53.05,135.35,111.89,89.87,94.43,13.05,0.19,26.47,5.7,0.48,54.3,0.914,98.4,setup,elite,Elite biomechanics detected.
SES_JAV_ELI_0012,athlete_15,52,javelin,104.29,107.2,168.14,151.54,156.68,165.3,143.23,135.35,83.0,81.85,33.92,2.2,36.51,2.34,0.52,0,0.742,93.0,setup,elite,Elite biomechanics detected.
SES_JAV_GOO_0013,athlete_64,23,javelin,107.35,133.26,130.73,159.86,163.91,163.43,123.45,147.33,86.8,89.32,39.07,0.31,33.29,-0.21,0.55,0,0.627,79.3,descent,good,Slight asymmetry detected.
SES_SPR_AVE_0010,athlete_48,50,sprint,82.71,81.59,119.55,104.91,114.89,118.34,92.47,93.24,93.27,89.28,32.23,0.46,26.13,4.92,0.55,0,0.759,71.4,descent,average,Activate core more.
SES_SPR_GOO_0009,athlete_49,99,sprint,69.47,61.57,111.9,86.78,97.89,87.84,107.19,91.04,87.79,67.98,18.8,1.0,31.64,3.17,0.47,0,0.749,76.2,descent,good,"Good depth, push harder through the heels."
SES_VER_POO_0003,athlete_22,63,vertical_jump,118.26,125.48,130.54,162.93,93.9,55.89,180,142.4,76.33,80.73,50.55,2.52,27.41,2.82,0.49,19.9,0.623,40.7,descent,poor,Work on symmetry.
SES_SNA_POO_0007,athlete_74,80,snatch,99.09,146.99,175.97,160.37,63.1,83.87,144.65,135.83,80.55,73.18,57.7,2.94,31.0,0.31,0.49,0,0.596,27.8,setup,poor,Work on symmetry.
SES_JAV_GOO_0013,athlete_76,3,javelin,105.79,109.77,161.7,158.77,159.06,166.29,139.0,141.87,83.08,75.97,44.02,5.18,28.4,-1.84,0.4,0,0.724,81.2,setup,good,Extend hips fully.
SES_VER_ELI_0000,athlete_03,72,vertical_jump,83.49,88.53,94.89,95.35,65.7,70.97,105.97,118.33,81.74,94.65,18.0,1.46,37.16,-1.48,0.62,60.1,0.941,93.2,setup,elite,Hold this form.
SES_SNA_GOO_0005,athlete_56,51,snatch,92.96,88.63,110.31,104.3,20.36,59.81,180,174.04,84.93,80.18,34.89,4.38,11.74,2.4,0.44,0,0.87,81.0,descent,good,"Good depth, push harder through the heels."
SES_SNA_POO_0007,athlete_20,9,snatch,156.68,143.74,148.62,160.71,81.77,87.49,146.51,162.14,76.68,78.39,30.63,1.03,20.8,3.36,0.48,0,0.673,39.1,descent,poor,Work on symmetry.
SES_CRI_ELI_0016,athlete_18,55,cricket_bat,123.47,109.78,150.7,138.71,89.57,75.26,124.8,153.31,82.89,87.52,21.03,1.49,44.41,-0.65,0.43,0,0.763,93.9,setup,elite,Great form! Maintain position.
SES_CRI_ELI_0016,athlete_57,19,cricket_bat,133.24,129.72,138.81,129.17,93.28,96.09,147.82,127.17,84.81,91.88,15.65,2.33,34.19,4.83,0.54,0,0.791,94.9,descent,elite,Elite biomechanics detected.
SES_CRI_AVE_0018,athlete_77,98,cricket_bat,130.2,153.56,150.28,159.59,112.14,123.97,148.94,171.16,92.69,74.48,15.97,0.04,11.63,1.52,0.49,0,0.657,67.7,descent,average,Lower your hips.
SES_JAV_GOO_0013,athlete_72,1,javelin,128.12,108.98,158.37,150.16,161.41,171.3,146.07,146.38,104.3,57.65,51.88,1.67,19.1,2.91,0.55,0,0.68,77.3,setup,good,Slight asymmetry detected.
SES_SPR_ELI_0008,athlete_50,72,sprint,58.66,56.12,99.2,92.54,70.75,66.15,83.48,89.59,73.11,71.26,19.03,1.04,26.9,-1.29,0.44,0,0.867,93.4,descent,elite,Hold this form.
SES_VER_GOO_0001,athlete_58,57,vertical_jump,93.16,85.53,98.66,108.47,63.33,45.52,136.51,123.58,75.53,69.33,18.48,3.94,17.74,-4.44,0.5,47.3,0.828,77.0,takeoff,good,"Good depth, push harder through the heels."
SES_JAV_POO_0015,athlete_17,94,javelin,165.95,154.99,165.44,171.0,127.32,139.39,180,159.51,49.13,86.99,45.27,2.24,21.04,-4.13,0.38,0,0.57,53.7,setup,poor,Work on symmetry.
SES_VER_POO_0003,athlete_59,52,vertical_jump,144.37,124.49,117.83,150.37,73.91,109.92,174.9,161.82,68.8,89.83,40.43,0.58,22.66,0.52,0.45,11.6,0.594,39.8,descent,poor,Work on symmetry.
SES_JAV_GOO_0013,athlete_77,0,javelin,103.92,107.29,154.63,157.61,154.73,156.05,129.14,139.07,86.98,76.37,37.77,2.98,17.84,1.73,0.51,0,0.725,87.3,setup,good,Extend hips fully.
SES_JAV_ELI_0012,athlete_70,40,javelin,94.77,101.23,153.27,140.51,169.59,172.07,116.3,133.63,73.89,80.18,41.8,2.34,55.82,3.39,0.47,0,0.736,94.5,descent,elite,Elite biomechanics detected.
SES_JAV_ELI_0012,athlete_72,41,javelin,113.44,108.02,140.71,159.07,180,162.36,113.82,121.9,79.22,83.64,35.33,1.11,39.37,4.55,0.56,0,0.731,97.2,descent,elite,Elite biomechanics detected.
SES_SNA_ELI_0004,athlete_66,20,snatch,91.61,99.19,104.86,110.94,53.25,48.71,180,174.98,79.79,99.6,31.0,1.75,36.34,2.89,0.49,0,0.911,97.2,setup,elite,Great form! Maintain position.
SES_CRI_GOO_0017,athlete_40,53,cricket_bat,150.24,126.26,156.43,154.16,106.66,97.52,152.02,155.36,111.57,72.61,28.1,0.37,14.53,1.85,0.51,0,0.728,80.3,setup,good,"Good depth, push harder through the heels."
SES_VER_GOO_0001,athlete_42,1,vertical_jump,108.28,101.01,109.44,115.56,65.46,69.28,109.75,131.1,87.83,84.27,23.57,2.34,22.94,-0.48,0.5,48.6,0.844,76.8,descent,good,Extend hips fully.
SES_SPR_AVE_0010,athlete_27,34,sprint,94.59,66.47,117.09,122.41,108.76,85.16,91.36,107.12,106.1,75.21,37.87,0,22.58,5.24,0.52,0,0.698,65.9,setup,average,Activate core more.
SES_SPR_ELI_0008,athlete_17,15,sprint,45.17,45.15,101.54,92.31,80.69,83.01,94.41,107.53,58.95,70.99,5.07,1.56,39.67,5.32,0.55,0,0.873,91.3,setup,elite,Great form! Maintain position.
SES_SNA_POO_0007,athlete_21,99,snatch,132.1,132.54,120.4,117.44,70.58,94.25,112.66,152.21,89.5,78.89,75.32,2.49,25.89,-0.35,0.35,0,0.712,42.0,descent,poor,LOWER HIPS!
SES_JAV_GOO_0013,athlete_16,96,javelin,127.17,113.42,178,153.94,134.41,160.42,156.09,133.42,70.11,92.77,35.94,0.76,15.39,4.73,0.59,0,0.667,83.5,setup,good,"Good depth, push harder through the heels."
SES_SPR_GOO_0009,athlete_59,15,sprint,60.53,57.33,100.21,98.42,76.35,72.69,139.35,103.88,75.42,70.65,18.29,4.98,26.41,-0.94,0.47,0,0.829,77.1,descent,good,Slight asymmetry detected.
SES_SNA_GOO_0005,athlete_02,46,snatch,96.76,93.73,109.45,112.08,69.53,53.37,175.76,164.81,74.66,76.02,16.01,3.62,36.37,-2.18,0.56,0,0.884,83.9,descent,good,"Good depth, push harder through the heels."
SES_SPR_AVE_0010,athlete_39,86,sprint,71.38,78.61,139.42,123.72,120.56,64.19,100.9,124.0,101.43,91.94,43.45,0.23,36.1,6.51,0.48,0,0.739,59.7,setup,average,Control trunk lean.
SES_VER_GOO_0001,athlete_41,38,vertical_jump,103.1,83.22,102.73,101.48,71.49,68.54,148.24,134.34,84.96,84.43,22.41,1.55,27.08,1.8,0.53,33.5,0.819,82.4,flight,good,Extend hips fully.
SES_JAV_AVE_0014,athlete_17,52,javelin,123.67,124.45,178,155.89,135.72,142.27,152.13,130.39,95.93,78.11,39.8,5.78,30.53,-1.65,0.49,0,0.641,57.3,descent,average,Control trunk lean.
SES_VER_POO_0003,athlete_61,13,vertical_jump,148.93,120.8,143.86,128.64,128.86,110.29,167.29,130.13,68.37,63.43,50.98,1.8,12.85,3.16,0.4,0.6,0.612,50.5,takeoff,poor,LOWER HIPS!
SES_SPR_POO_0011,athlete_50,68,sprint,108.44,107.1,126.55,147.03,124.17,130.45,133.09,146.71,86.45,80.18,6.55,5.31,17.95,4.72,0.41,0,0.675,32.3,setup,poor,Work on symmetry.
SES_SPR_GOO_0009,athlete_24,89,sprint,82.44,47.0,99.03,103.17,100.06,108.67,122.26,106.88,65.79,79.58,10.99,2.21,39.96,2.34,0.45,0,0.709,83.2,setup,good,Slight asymmetry detected.
SES_CRI_POO_0019,athlete_03,31,cricket_bat,146.56,147.84,137.27,156.05,180,119.11,177.9,161.32,88.47,77.84,40.31,1.94,21.85,2.35,0.53,0,0.581,35.5,descent,poor,Adjust knee alignment.
SES_CRI_POO_0019,athlete_61,37,cricket_bat,164.02,147.99,165.11,160.11,126.75,115.25,144.17,156.93,62.67,92.49,49.41,4.16,48.07,5.09,0.51,0,0.582,34.0,setup,poor,Work on symmetry.
SES_VER_ELI_0000,athlete_29,66,vertical_jump,98.5,97.46,103.82,99.16,70.82,68.97,168.56,106.59,83.57,83.52,13.89,1.65,30.43,-1.14,0.56,58.8,0.943,92.7,landing,elite,Great form! Maintain position.
SES_SNA_POO_0007,athlete_08,25,snatch,138.28,111.62,152.08,136.61,85.2,85.98,122.09,140.02,88.13,68.35,51.12,0.44,23.39,3.08,0.5,0,0.632,45.3,setup,poor,Adjust knee alignment.
SES_JAV_GOO_0013,athlete_55,45,javelin,130.66,112.78,149.2,163.38,167.9,163.29,128.2,129.96,79.43,77.0,45.4,1.0,15.82,0.67,0.56,0,0.673,80.3,descent,good,Slight asymmetry detected.
SES_JAV_AVE_0014,athlete_29,18,javelin,120.73,124.11,171.11,144.57,146.52,141.32,125.96,151.66,83.91,83.14,28.87,0.51,30.7,-2.38,0.59,0,0.625,57.8,descent,average,Activate core more.
SES_VER_ELI_0000,athlete_13,43,vertical_jump,95.02,89.55,84.15,102.47,52.44,54.82,141.83,121.44,75.44,91.97,1.87,2.55,35.67,-2.59,0.44,71.3,0.889,94.9,takeoff,elite,Great form! Maintain position.
SES_SPR_POO_0011,athlete_18,56,sprint,108.3,88.31,159.01,119.81,101.86,113.66,112.58,142.85,72.66,92.76,33.05,3.1,17.31,-0.81,0.53,0,0.591,38.3,setup,poor,Critical form deviation.
SES_VER_POO_0003,athlete_63,46,vertical_jump,155.1,123.69,123.73,144.66,90.97,106.7,164.32,128.99,84.27,69.61,36.49,2.6,29.9,-0.61,0.37,24.7,0.596,33.2,takeoff,poor,LOWER HIPS!
SES_SNA_POO_0007,athlete_37,34,snatch,112.94,102.24,144.46,133.5,41.48,60.31,159.09,177.37,57.77,81.33,51.4,1.58,35.43,1.1,0.38,0,0.669,54,descent,poor,LOWER HIPS!
SES_JAV_ELI_0012,athlete_76,70,javelin,107.54,104.93,151.6,153.64,176.84,168.36,122.91,149.07,72.34,87.37,35.69,0,23.72,0.1,0.42,0,0.769,96.8,descent,elite,Great form! Maintain position.
SES_VER_ELI_0000,athlete_74,36,vertical_jump,93.07,90.36,98.46,99.74,58.76,64.0,111.26,102.75,87.93,79.69,17.51,1.38,31.73,2.05,0.57,60.1,0.947,95.0,descent,elite,Hold this form.
SES_JAV_POO_0015,athlete_52,53,javelin,133.86,118.24,178,178,131.04,157.82,168.57,127.21,51.49,52.89,80,0,26.65,3.98,0.5,0,0.565,46.2,descent,poor,Adjust knee alignment.
SES_SNA_GOO_0005,athlete_55,50,snatch,82.03,102.91,111.65,107.74,56.55,44.52,175.26,180,79.95,74.97,18.61,2.12,30.68,1.45,0.43,0,0.829,83.0,setup,good,"Good depth, push harder through the heels."
SES_SPR_GOO_0009,athlete_56,16,sprint,45.15,65.33,95.27,73.25,96.72,79.55,110.26,127.78,73.78,59.17,10.5,2.75,31.35,1.87,0.43,0,0.688,85.7,descent,good,"Good depth, push harder through the heels."
SES_CRI_AVE_0018,athlete_39,5,cricket_bat,139.14,136.68,142.74,174.44,91.64,110.95,172.86,180,73.07,88.78,50.47,5.2,29.03,-3.44,0.38,0,0.66,66.8,setup,average,Control trunk lean.
SES_SPR_POO_0011,athlete_77,40,sprint,112.85,83.53,130.99,150.36,96.95,101.12,180,104.54,83.12,102.7,33.85,0.15,14.59,2.38,0.39,0,0.603,35.2,setup,poor,Adjust knee alignment.
SES_SPR_ELI_0008,athlete_38,14,sprint,43.23,46.61,98.87,96.01,63.17,83.55,99.61,87.71,77.79,65.72,4.25,2.01,40.66,1.87,0.45,0,0.87,96.1,descent,elite,Hold this form.
SES_JAV_ELI_0012,athlete_19,72,javelin,109.3,104.1,149.8,153.56,156.71,161.72,120.94,114.56,101.08,90.54,41.01,0,24.01,-1.89,0.51,0,0.758,95.9,setup,elite,Great form! Maintain position.
SES_SNA_AVE_0006,athlete_17,70,snatch,102.77,93.26,136.43,136.27,19.95,67.15,148.91,150.37,71.63,80.24,31.81,3.93,16.74,-0.62,0.42,0,0.792,63.7,descent,average,Activate core more.
SES_JAV_POO_0015,athlete_48,40,javelin,150.58,130.99,178,154.68,104.03,124.43,179.97,180,63.7,95.89,69.62,3.48,24.34,1.82,0.4,0,0.522,34.4,descent,poor,Critical form deviation.
SES_CRI_GOO_0017,athlete_31,95,cricket_bat,117.36,137.46,147.44,146.88,52.5,77.44,151.63,116.61,92.71,88.14,19.47,2.96,30.35,1.48,0.51,0,0.735,75,descent,good,Extend hips fully.
SES_VER_GOO_0001,athlete_69,69,vertical_jump,115.6,88.74,106.1,110.04,70.36,70.51,117.88,131.69,97.71,91.39,8.76,2.05,21.58,-1.2,0.44,29.1,0.8,87.2,descent,good,"Good depth, push harder through the heels."
SES_CRI_AVE_0018,athlete_53,73,cricket_bat,150.79,134.54,178,173.55,73.42,125.87,168.41,140.56,89.38,77.43,29.12,3.09,13.26,4.15,0.46,0,0.68,64.5,descent,average,Lower your hips.
SES_SPR_GOO_0009,athlete_25,70,sprint,60.54,66.97,106.05,99.65,72.26,73.99,108.56,77.16,75.46,81.37,13.41,2.87,31.75,3.96,0.46,0,0.803,87.7,setup,good,"Good depth, push harder through the heels."
SES_SNA_ELI_0004,athlete_61,38,snatch,102.26,91.87,87.81,104.61,41.33,44.6,171.75,180,99.14,90.37,21.5,1.04,34.23,3.45,0.51,0,0.871,98.9,descent,elite,Great form! Maintain position.
SES_SPR_POO_0011,athlete_47,54,sprint,88.22,82.08,104.83,134.87,110.54,86.13,106.09,144.56,104.1,101.88,46.56,1.73,19.74,3.08,0.46,0,0.632,31.9,descent,poor,LOWER HIPS!
SES_VER_ELI_0000,athlete_13,8,vertical_jump,87.8,97.44,95.7,99.48,62.87,77.22,123.66,116.45,98.19,91.9,12.56,4.22,35.95,3.56,0.58,53.9,0.919,96.0,takeoff,elite,Great form! Maintain position.
SES_CRI_GOO_0017,athlete_06,82,cricket_bat,116.3,132.41,134.1,174.33,80.36,113.72,163.7,137.87,115.43,97.99,17.02,1.38,22.03,-1.71,0.55,0,0.674,80.1,descent,good,"Good depth, push harder through the heels."
SES_CRI_AVE_0018,athlete_34,71,cricket_bat,145.61,146.87,142.09,163.23,128.32,135.65,112.2,169.04,103.67,97.48,27.1,2.95,27.13,1.25,0.53,0,0.679,62.7,descent,average,Control trunk lean.
SES_SNA_AVE_0006,athlete_53,54,snatch,111.63,121.89,133.17,134.85,39.06,72.77,139.87,174.02,72.48,79.34,35.1,4.46,20.71,1.32,0.38,0,0.791,69.3,setup,average,Lower your hips.
SES_CRI_ELI_0016,athlete_39,84,cricket_bat,112.66,117.34,134.53,122.83,81.76,81.28,164.5,138.03,80.56,97.69,10.82,2.05,36.82,0.99,0.51,0,0.782,95.9,setup,elite,Hold this form.
SES_JAV_POO_0015,athlete_26,97,javelin,128.86,164.91,168.27,167.61,139.9,117.11,155.06,166.56,59.67,92.62,67.29,3.29,29.25,-0.22,0.52,0,0.533,46.6,setup,poor,Adjust knee alignment.
SES_VER_GOO_0001,athlete_30,56,vertical_jump,85.32,100.81,115.53,110.43,58.89,79.54,128.13,147.83,93.28,100.28,18.94,3.17,37.37,3.89,0.49,41.4,0.821,75,descent,good,Extend hips fully.
SES_SNA_ELI_0004,athlete_27,94,snatch,89.98,89.3,100.03,103.88,36.74,39.85,174.07,177.36,102.73,99.0,28.89,0.44,28.4,3.69,0.54,0,0.937,99.6,descent,elite,Elite biomechanics detected.
SES_SNA_POO_0007,athlete_12,43,snatch,142.31,132.12,154.52,143.25,90.43,91.96,136.63,149.13,71.24,83.71,45.02,1.89,22.58,4.36,0.67,0,0.677,40.4,descent,poor,Critical form deviation.
SES_CRI_AVE_0018,athlete_58,30,cricket_bat,134.59,159.34,147.49,162.82,118.94,112.76,159.15,164.97,81.64,69.29,37.05,1.02,27.39,1.21,0.4,0,0.645,63.5,descent,average,Lower your hips.
SES_SNA_POO_0007,athlete_22,37,snatch,140.44,127.3,137.16,134.94,105.6,78.62,130.13,167.1,80.19,77.84,60.41,4.17,35.13,4.08,0.47,0,0.687,36.4,setup,poor,Adjust knee alignment.
SES_SPR_AVE_0010,athlete_13,28,sprint,58.12,69.82,127.88,121.72,100.63,126.48,104.33,104.85,81.06,88.63,18.73,5.41,29.58,11.76,0.54,0,0.735,64.9,setup,average,Activate core more.
SES_SPR_ELI_0008,athlete_71,73,sprint,55.27,53.58,94.68,87.28,92.84,80.83,94.62,84.04,69.37,73.89,12.42,3.02,45.01,0.61,0.52,0,0.867,90.6,descent,elite,Elite biomechanics detected.
SES_CRI_ELI_0016,athlete_51,18,cricket_bat,138.99,121.78,152.56,136.59,101.65,86.71,108.72,136.87,86.87,88.81,11.9,3.4,27.0,0.53,0.53,0,0.751,97.7,setup,elite,Hold this form.
SES_VER_GOO_0001,athlete_78,92,vertical_jump,87.78,96.27,106.08,111.13,67.47,70.9,118.53,112.46,74.24,92.3,11.0,0.38,25.4,-1.98,0.49,41.4,0.84,86.8,landing,good,Slight asymmetry detected.
SES_VER_ELI_0000,athlete_01,70,vertical_jump,102.37,84.65,88.08,98.28,66.21,62.8,117.13,124.98,82.45,92.5,11.01,0.68,36.36,2.67,0.57,53.5,0.877,95.2,flight,elite,Hold this form.
SES_SPR_GOO_0009,athlete_77,78,sprint,37.64,52.38,116.95,103.36,80.56,89.37,101.41,113.05,75.56,93.02,10.13,1.53,35.22,-1.83,0.48,0,0.731,84.6,setup,good,Extend hips fully.
SES_JAV_ELI_0012,athlete_70,34,javelin,117.38,96.95,136.24,146.93,167.59,180,120.18,126.26,84.08,91.3,35.14,0.43,25.0,3.18,0.61,0,0.706,95.6,setup,elite,Hold this form.
SES_SPR_ELI_0008,athlete_73,84,sprint,39.57,39.69,96.63,93.44,80.86,84.64,97.92,66.91,71.75,72.21,11.6,0.91,23.08,4.19,0.57,0,0.889,95.6,descent,elite,Great form! Maintain position.
SES_CRI_POO_0019,athlete_72,78,cricket_bat,128.45,175,161.45,162.23,138.62,102.9,152.17,180,72.46,71.6,45.59,0,19.39,-0.88,0.57,0,0.539,40.2,descent,poor,Critical form deviation.
SES_SPR_GOO_0009,athlete_10,60,sprint,67.98,53.69,103.97,96.55,57.77,97.27,94.34,102.07,74.36,81.58,21.57,1.25,19.09,-1.22,0.53,0,0.766,81.1,descent,good,"Good depth, push harder through the heels."
SES_JAV_ELI_0012,athlete_53,46,javelin,113.92,95.02,137.36,150.94,171.63,154.48,144.56,122.23,85.7,72.88,27.12,1.16,26.04,5.31,0.44,0,0.703,96.7,descent,elite,Elite biomechanics detected.
SES_JAV_POO_0015,athlete_80,0,javelin,128.95,140.35,167.66,166.17,123.94,149.34,139.44,119.51,85.25,75.3,63.48,4.25,26.49,3.11,0.5,0,0.573,36.7,descent,poor,Adjust knee alignment.
SES_CRI_GOO_0017,athlete_37,61,cricket_bat,127.75,120.71,156.84,139.59,110.43,108.04,150.7,138.87,77.89,94.35,17.58,0.46,18.85,7.74,0.52,0,0.73,81.4,descent,good,"Good depth, push harder through the heels."
SES_SNA_POO_0007,athlete_55,60,snatch,144.7,134.62,119.4,153.92,70.62,47.66,92.25,136.71,83.92,88.41,13.41,0,18.85,0.62,0.31,0,0.632,41.6,setup,poor,Work on symmetry.
SES_SNA_ELI_0004,athlete_04,56,snatch,105.39,84.21,108.63,102.71,44.81,37.15,180,180,99.34,79.55,35.05,1.42,35.71,7.62,0.55,0,0.873,95.5,setup,elite,Elite biomechanics detected.
SES_JAV_POO_0015,athlete_15,35,javelin,89.41,148.06,178,164.9,126.69,130.26,140.51,136.64,70.1,67.72,66.46,1.62,32.12,4.36,0.46,0,0.5,30.0,descent,poor,LOWER HIPS!
SES_SNA_GOO_0005,athlete_55,47,snatch,95.42,86.02,114.7,107.9,61.64,33.42,174.28,163.78,76.53,80.81,27.72,0.73,21.46,2.35,0.58,0,0.853,81.1,descent,good,Slight asymmetry detected.
SES_CRI_POO_0019,athlete_74,10,cricket_bat,155.76,149.43,175.27,163.06,142.15,132.94,180,157.98,60.93,94.87,31.25,3.06,19.52,4.75,0.54,0,0.587,37.0,setup,poor,Work on symmetry.
SES_SNA_ELI_0004,athlete_34,92,snatch,94.48,82.33,101.21,94.93,36.32,54.1,176.32,176.19,89.17,93.77,29.07,0.26,36.0,8.35,0.52,0,0.893,95.6,descent,elite,Elite biomechanics detected.
SES_CRI_GOO_0017,athlete_24,29,cricket_bat,114.05,137.76,125.11,144.04,102.2,57.51,132.48,180,84.72,92.82,21.75,2.45,20.15,-0.23,0.45,0,0.689,81.4,descent,good,"Good depth, push harder through the heels."
SES_SNA_AVE_0006,athlete_34,27,snatch,108.51,88.49,133.31,137.47,33.38,58.8,175.34,157.33,89.48,84.74,28.86,5.12,31.88,3.65,0.41,0,0.756,59.8,descent,average,Lower your hips.
SES_SPR_AVE_0010,athlete_47,0,sprint,72.31,66.74,108.9,120.89,84.03,101.3,92.54,132.54,72.86,96.48,29.11,2.07,21.45,4.28,0.56,0,0.747,58.9,descent,average,Lower your hips.
SES_SNA_GOO_0005,athlete_69,80,snatch,110.39,102.62,99.96,108.49,43.16,51.14,159.95,166.31,85.06,76.23,20.39,1.38,26.25,-2.98,0.48,0,0.855,87.7,setup,good,Slight asymmetry detected.
SES_JAV_AVE_0014,athlete_76,82,javelin,156.1,143.05,156.87,157.23,166.43,145.28,155.3,170.76,68.57,66.5,57.52,2.8,23.32,-0.57,0.63,0,0.654,65.4,descent,average,Activate core more.
SES_SNA_GOO_0005,athlete_17,69,snatch,102.71,89.32,108.88,104.52,57.07,50.18,180,177.94,68.75,80.29,23.65,2.64,17.34,2.5,0.46,0,0.849,82.6,setup,good,Slight asymmetry detected.
SES_JAV_ELI_0012,athlete_68,98,javelin,81.84,92.17,141.77,153.55,168.08,165.01,114.5,120.49,90.48,75.37,38.55,5.25,31.56,1.94,0.54,0,0.723,93.5,setup,elite,Elite biomechanics detected.
SES_SNA_AVE_0006,athlete_50,60,snatch,104.65,99.67,138.61,124.74,50.38,47.39,157.74,163.15,74.4,110.99,57.03,0,35.42,2.26,0.46,0,0.776,67.5,descent,average,Control trunk lean.
SES_JAV_GOO_0013,athlete_03,79,javelin,102.92,123.0,178,160.55,154.86,166.19,121.19,147.69,77.3,75.03,38.29,2.15,18.85,0.02,0.44,0,0.662,88.8,setup,good,Extend hips fully.
SES_JAV_AVE_0014,athlete_29,24,javelin,129.77,130.83,155.07,162.73,136.61,104.29,172.64,165.42,55.69,79.32,62.07,0.77,19.03,-0.45,0.45,0,0.663,67.6,descent,average,Activate core more.
SES_VER_AVE_0002,athlete_11,18,vertical_jump,119.95,126.93,115.6,115.21,69.27,63.61,135.56,98.16,80.13,69.17,18.97,2.84,21.97,0.76,0.54,41.5,0.782,60.3,descent,average,Lower your hips.
SES_SNA_GOO_0005,athlete_36,61,snatch,105.46,93.03,119.35,97.83,30.61,49.85,180,176.36,102.14,90.93,27.15,2.99,20.07,1.94,0.5,0,0.811,75.3,setup,good,Slight asymmetry detected.
SES_VER_ELI_0000,athlete_47,28,vertical_jump,95.72,90.85,82.38,88.4,55.16,71.52,129.15,99.89,88.56,97.88,10.67,1.83,23.47,1.1,0.59,62.9,0.924,92.5,setup,elite,Elite biomechanics detected.
SES_SNA_ELI_0004,athlete_66,65,snatch,99.36,92.36,71.63,105.71,25.02,47.18,180,174.06,103.45,88.54,16.31,2.11,33.13,5.0,0.46,0,0.832,92.4,descent,elite,Elite biomechanics detected.
SES_CRI_GOO_0017,athlete_80,8,cricket_bat,129.15,139.99,141.15,130.35,102.13,97.16,142.57,123.11,90.57,79.28,28.83,1.18,18.28,-0.8,0.52,0,0.734,83.1,setup,good,Extend hips fully.
SES_SPR_POO_0011,athlete_13,41,sprint,105.27,82.66,163.86,140.07,121.22,106.16,119.11,101.87,111.05,75.84,49.71,3.22,29.67,0.19,0.54,0,0.612,47.1,descent,poor,Work on symmetry.
SES_VER_AVE_0002,athlete_18,28,vertical_jump,117.88,118.52,99.62,104.95,106.76,88.44,126.67,106.23,94.81,77.74,30.12,2.78,39.01,1.39,0.49,21.1,0.783,67.0,takeoff,average,Control trunk lean.
SES_CRI_ELI_0016,athlete_68,78,cricket_bat,103.19,104.61,128.02,147.4,81.94,84.8,171.23,147.52,86.4,88.8,23.3,1.56,37.28,4.92,0.57,0,0.776,91.8,descent,elite,Elite biomechanics detected.
SES_SNA_POO_0007,athlete_20,69,snatch,144.29,140.91,143.23,144.74,87.78,72.17,172.84,137.52,63.82,65.41,71.66,1.24,15.2,5.53,0.42,0,0.71,36.5,descent,poor,Critical form deviation.
SES_SPR_GOO_0009,athlete_56,27,sprint,64.59,43.9,103.04,104.56,73.84,91.8,113.75,79.54,83.14,78.37,4.04,0.95,15.43,0.62,0.59,0,0.75,80.7,descent,good,Extend hips fully.
SES_CRI_ELI_0016,athlete_49,54,cricket_bat,105.44,118.04,129.57,156.38,103.48,86.65,138.7,133.3,81.81,95.85,22.65,0.75,28.63,3.0,0.56,0,0.737,97.7,setup,elite,Great form! Maintain position.
SES_JAV_AVE_0014,athlete_69,1,javelin,130.31,131.41,170.15,154.85,129.03,164.68,180,138.01,51.93,80.46,57.46,3.87,11.27,7.32,0.51,0,0.651,67.2,setup,average,Control trunk lean.
SES_SPR_POO_0011,athlete_48,80,sprint,104.62,96.21,160.77,141.04,99.33,118.6,122.1,131.87,81.03,82.28,26.36,0.3,40.97,2.09,0.5,0,0.659,25.8,setup,poor,LOWER HIPS!
SES_CRI_POO_0019,athlete_01,41,cricket_bat,170.92,140.49,150.15,156.8,119.86,146.34,169.3,180,74.39,89.58,48.16,1.56,22.28,-1.09,0.36,0,0.554,26.0,setup,poor,LOWER HIPS!
SES_SPR_AVE_0010,athlete_26,96,sprint,62.64,59.64,106.8,131.41,99.81,92.31,86.46,131.28,66.34,76.25,37.75,0.67,24.24,0.36,0.53,0,0.729,59.9,descent,average,Lower your hips.
SES_SPR_GOO_0009,athlete_12,90,sprint,69.03,66.52,82.98,111.85,89.05,106.7,99.03,94.25,80.07,84.93,4.08,1.78,17.47,5.58,0.52,0,0.762,84.6,descent,good,Slight asymmetry detected.
SES_JAV_GOO_0013,athlete_80,8,javelin,127.36,113.74,152.52,168.07,150.16,158.2,115.21,133.42,77.86,80.29,51.97,0.99,18.59,7.12,0.58,0,0.68,87.0,setup,good,Extend hips fully.
SES_VER_ELI_0000,athlete_70,93,vertical_jump,96.18,94.55,92.43,97.94,43.43,52.54,130.58,148.3,84.65,107.19,7.04,4.74,27.66,5.88,0.52,75.8,0.938,99.5,descent,elite,Hold this form.
SES_JAV_AVE_0014,athlete_40,89,javelin,114.64,123.43,160.64,163.78,170.15,149.78,153.79,148.23,94.4,88.07,45.72,0,22.85,0.34,0.57,0,0.653,66.7,setup,average,Control trunk lean.
SES_JAV_ELI_0012,athlete_10,25,javelin,100.24,109.18,143.83,148.04,168.81,169.71,136.34,125.31,91.19,77.8,41.65,0,35.36,7.01,0.45,0,0.747,93.5,setup,elite,Hold this form.
SES_SPR_POO_0011,athlete_19,12,sprint,111.39,86.1,110.16,137.24,127.0,110.94,135.03,141.51,94.0,85.62,0.16,2.09,32.71,3.19,0.46,0,0.593,22.6,setup,poor,LOWER HIPS!
SES_SPR_AVE_0010,athlete_17,16,sprint,72.22,66.69,114.41,91.86,83.63,120.22,118.04,96.4,82.05,71.39,33.88,3.88,26.32,3.84,0.44,0,0.718,61.1,setup,average,Lower your hips.
SES_VER_ELI_0000,athlete_63,24,vertical_jump,88.73,96.7,108.99,99.62,61.87,59.47,134.37,109.29,77.46,95.02,0.17,2.52,32.61,4.84,0.59,48.4,0.909,94.6,takeoff,elite,Great form! Maintain position.
SES_CRI_POO_0019,athlete_44,76,cricket_bat,149.77,158.63,168.05,164.05,139.94,98.38,180,163.38,76.74,91.23,48.61,3.53,36.89,2.39,0.34,0,0.596,42.6,setup,poor,LOWER HIPS!
SES_CRI_POO_0019,athlete_52,73,cricket_bat,175,167.97,156.3,172.23,144.87,123.59,180,143.3,70.23,85.1,51.37,0,20.79,2.83,0.37,0,0.58,35.0,descent,poor,LOWER HIPS!
SES_JAV_ELI_0012,athlete_58,95,javelin,104.31,92.84,144.36,146.42,173.05,174.1,125.58,127.77,81.0,86.0,26.53,1.63,14.22,-2.5,0.51,0,0.743,95.5,descent,elite,Elite biomechanics detected.
SES_CRI_POO_0019,athlete_34,34,cricket_bat,166.31,152.69,172.54,165.68,95.59,134.24,159.98,180,63.84,76.13,67.94,0.15,24.13,3.57,0.46,0,0.584,42.9,setup,poor,Critical form deviation.
SES_SPR_ELI_0008,athlete_31,70,sprint,46.67,54.91,98.31,97.92,72.86,62.15,87.86,80.16,75.37,72.63,13.93,3.18,47.47,-1.2,0.48,0,0.854,92.3,setup,elite,Hold this form.
SES_CRI_POO_0019,athlete_21,65,cricket_bat,164.96,169.74,178,152.94,121.33,141.52,180,160.83,83.95,59.88,42.39,0,6.7,3.21,0.5,0,0.569,25.6,setup,poor,Work on symmetry.
SES_JAV_POO_0015,athlete_70,83,javelin,153.6,129.08,167.85,168.28,107.14,159.33,172.59,180,77.9,66.48,80,3.89,30.01,2.37,0.43,0,0.551,44.6,descent,poor,LOWER HIPS!
SES_JAV_GOO_0013,athlete_48,80,javelin,94.96,128.8,159.45,143.06,158.07,144.18,139.02,144.3,97.56,79.24,56.9,0,22.01,-1.88,0.49,0,0.63,80.4,setup,good,Extend hips fully.
SES_JAV_GOO_0013,athlete_56,14,javelin,110.62,121.55,165.74,163.55,144.6,151.01,135.15,153.0,82.83,84.11,49.56,1.68,23.98,4.43,0.49,0,0.709,77.0,descent,good,Extend hips fully.
SES_SNA_ELI_0004,athlete_65,58,snatch,85.86,82.88,92.29,103.83,40.93,45.63,178.94,177.31,92.42,80.33,22.05,0.23,50.09,2.39,0.48,0,0.906,90.4,descent,elite,Hold this form.
SES_CRI_ELI_0016,athlete_53,31,cricket_bat,128.55,135.1,134.4,140.12,93.1,97.87,127.84,155.03,90.76,93.03,13.33,1.83,29.17,-2.11,0.63,0,0.793,93.8,setup,elite,Elite biomechanics detected.
SES_JAV_GOO_0013,athlete_40,37,javelin,121.68,125.24,169.66,172.19,154.55,167.33,140.07,142.74,73.48,105.34,49.95,1.05,25.89,2.94,0.54,0,0.727,83.0,setup,good,"Good depth, push harder through the heels."
SES_CRI_ELI_0016,athlete_54,47,cricket_bat,118.04,127.46,121.4,133.15,76.34,103.51,165.93,132.04,83.26,97.12,28.11,1.59,15.23,-0.84,0.53,0,0.771,97.4,descent,elite,Hold this form.
SES_CRI_GOO_0017,athlete_75,16,cricket_bat,121.44,129.71,147.07,152.73,63.46,97.78,154.72,146.35,87.83,95.31,25.07,0.35,23.95,-0.4,0.38,0,0.75,80.2,setup,good,Slight asymmetry detected.
SES_CRI_AVE_0018,athlete_68,23,cricket_bat,129.53,150.4,156.79,152.96,107.77,135.67,163.65,163.0,79.27,89.94,30.54,4.85,5.3,-1.46,0.41,0,0.671,71.8,setup,average,Lower your hips.
SES_VER_GOO_0001,athlete_14,96,vertical_jump,93.64,95.44,93.85,99.79,68.67,70.51,130.34,141.32,79.25,90.25,17.45,0.4,27.3,0.64,0.49,29.7,0.856,80.1,takeoff,good,Extend hips fully.
SES_VER_AVE_0002,athlete_09,11,vertical_jump,114.4,112.43,125.06,112.61,71.62,79.98,167.04,123.53,77.23,61.43,33.02,2.06,32.28,2.73,0.38,41.5,0.765,58.8,takeoff,average,Control trunk lean.
SES_SNA_GOO_0005,athlete_80,89,snatch,85.36,97.33,104.49,125.22,46.89,59.12,170.44,170.56,83.1,80.76,29.62,3.24,19.65,0.83,0.48,0,0.813,76.3,descent,good,Slight asymmetry detected.
SES_JAV_GOO_0013,athlete_58,22,javelin,114.27,126.43,138.74,145.82,140.52,154.67,144.22,144.9,80.58,76.29,33.28,2.58,9.79,2.84,0.55,0,0.697,79.8,setup,good,"Good depth, push harder through the heels."
SES_SNA_AVE_0006,athlete_75,62,snatch,127.19,89.79,132.79,125.91,67.92,69.73,148.09,155.38,80.68,72.86,42.05,2.31,22.8,-2.83,0.4,0,0.716,73.2,setup,average,Lower your hips.
SES_VER_ELI_0000,athlete_58,69,vertical_jump,85.02,95.52,81.87,98.13,44.22,56.49,117.65,133.27,92.64,79.77,3.96,1.44,48.25,1.07,0.63,63.2,0.877,97.1,landing,elite,Great form! Maintain position.
SES_SPR_ELI_0008,athlete_47,80,sprint,34.2,45.03,88.57,88.47,69.65,78.0,87.39,92.74,82.59,77.52,9.46,0.97,31.86,1.91,0.59,0,0.828,96.3,descent,elite,Hold this form.
SES_VER_ELI_0000,athlete_73,19,vertical_jump,88.64,90.8,97.3,92.06,77.87,58.72,107.55,115.53,81.85,83.14,16.77,0.97,38.85,4.18,0.56,69.2,0.937,93.6,landing,elite,Hold this form.
SES_SNA_AVE_0006,athlete_02,44,snatch,149.09,104.77,131.69,114.74,73.52,73.41,141.77,134.05,81.9,77.53,24.2,2.91,32.36,-1.18,0.52,0,0.692,73.9,descent,average,Control trunk lean.
SES_SPR_POO_0011,athlete_14,88,sprint,83.21,80.55,109.15,126.63,108.08,72.1,83.61,110.62,85.23,78.33,39.89,1.13,30.17,8.3,0.45,0,0.669,28.6,setup,poor,Adjust knee alignment.
SES_SNA_GOO_0005,athlete_02,53,snatch,104.13,106.88,99.65,111.37,51.27,49.96,170.0,166.91,89.85,93.14,35.37,2.92,34.28,4.36,0.48,0,0.861,81.3,setup,good,Slight asymmetry detected.
SES_SPR_ELI_0008,athlete_33,87,sprint,49.24,45.53,105.11,84.55,85.72,77.52,75.27,83.86,77.58,74.12,14.56,2.94,28.42,2.5,0.61,0,0.819,94.2,descent,elite,Elite biomechanics detected.
SES_VER_AVE_0002,athlete_21,1,vertical_jump,134.27,115.84,119.1,127.62,103.85,78.24,154.0,154.93,69.28,79.45,36.34,2.9,14.26,-0.31,0.51,38.8,0.739,69.2,takeoff,average,Activate core more.
SES_SNA_ELI_0004,athlete_07,78,snatch,94.35,95.28,74.21,94.19,39.73,23.77,172.24,172.81,88.37,89.37,25.39,4.01,35.93,3.94,0.56,0,0.883,91.6,descent,elite,Elite biomechanics detected.
SES_CRI_POO_0019,athlete_71,3,cricket_bat,148.63,159.64,151.94,171.61,108.19,125.75,180,169.08,83.46,81.31,11.37,3.69,28.45,3.07,0.41,0,0.565,45.5,setup,poor,LOWER HIPS!
SES_SNA_AVE_0006,athlete_21,65,snatch,106.38,103.75,130.09,134.75,49.09,50.51,142.81,149.8,87.14,79.71,35.21,3.54,30.88,-2.37,0.38,0,0.802,63.2,descent,average,Control trunk lean.
SES_SNA_GOO_0005,athlete_07,26,snatch,107.18,94.05,114.7,104.42,47.28,63.0,170.58,174.68,107.06,91.81,33.82,4.31,22.36,7.97,0.56,0,0.836,85.5,setup,good,Extend hips fully.
SES_SPR_ELI_0008,athlete_14,69,sprint,38.9,50.04,81.21,78.19,63.5,70.82,77.7,83.04,70.67,60.5,19.87,4.59,33.97,1.01,0.56,0,0.822,94.9,setup,elite,Elite biomechanics detected.
SES_SNA_GOO_0005,athlete_63,87,snatch,88.59,89.75,111.31,105.63,31.36,41.83,170.33,164.47,94.65,73.95,25.55,1.31,25.4,5.44,0.5,0,0.881,85.1,setup,good,Slight asymmetry detected.
SES_SPR_AVE_0010,athlete_09,14,sprint,77.98,60.55,117.33,105.34,100.69,100.68,116.61,101.61,94.61,88.36,38.78,0.28,23.5,5.02,0.54,0,0.702,68.1,setup,average,Activate core more.
SES_VER_GOO_0001,athlete_45,32,vertical_jump,102.46,86.76,126.09,123.69,91.71,70.93,100.22,139.42,92.67,92.69,14.82,1.38,14.64,4.41,0.52,41.7,0.828,82.1,setup,good,Slight asymmetry detected.
SES_VER_POO_0003,athlete_20,0,vertical_jump,138.96,140.08,159.59,139.39,100.89,120.11,108.05,92.8,54.57,72.18,49.79,3.31,34.76,1.43,0.46,21.2,0.66,39.4,landing,poor,Adjust knee alignment.
SES_SNA_AVE_0006,athlete_28,52,snatch,83.63,120.31,151.48,96.48,69.78,79.19,174.89,149.32,91.91,89.53,9.71,3.09,17.93,2.62,0.46,0,0.62,62.3,setup,average,Lower your hips.
SES_SPR_ELI_0008,athlete_11,0,sprint,60.52,58.25,102.6,80.46,77.92,93.29,73.45,93.2,83.71,69.05,13.21,0.88,46.35,1.16,0.5,0,0.824,98.3,setup,elite,Hold this form.
SES_JAV_POO_0015,athlete_29,46,javelin,164.4,129.92,159.19,160.31,116.24,144.35,159.04,163.23,101.06,70.81,80,1.86,41.65,6.11,0.42,0,0.535,33.4,descent,poor,Critical form deviation.
SES_JAV_AVE_0014,athlete_32,11,javelin,94.63,105.68,158.91,178,122.82,124.26,178.09,144.65,86.11,88.76,45.55,3.4,14.39,4.34,0.51,0,0.616,56.2,setup,average,Control trunk lean.
SES_SNA_GOO_0005,athlete_21,71,snatch,102.1,86.16,110.28,88.71,53.14,56.12,163.63,174.88,81.67,81.54,23.22,0.7,23.28,4.9,0.51,0,0.794,81.2,descent,good,"Good depth, push harder through the heels."
SES_SNA_ELI_0004,athlete_80,87,snatch,89.97,87.11,97.67,97.6,40.93,36.94,178.12,173.96,101.91,96.49,17.12,1.55,28.91,0.05,0.5,0,0.94,92.4,setup,elite,Elite biomechanics detected.
SES_JAV_POO_0015,athlete_69,84,javelin,159.57,152.67,178,174.72,122.01,151.9,147.71,155.87,68.29,67.69,34.35,3.53,13.51,6.38,0.4,0,0.581,46.5,setup,poor,Work on symmetry.
SES_JAV_ELI_0012,athlete_45,56,javelin,100.16,97.47,165.89,154.38,171.16,154.67,148.41,126.08,91.9,78.75,44.27,0,39.79,0.88,0.62,0,0.751,94.8,setup,elite,Great form! Maintain position.
SES_SNA_AVE_0006,athlete_13,92,snatch,106.92,106.61,113.75,118.67,35.41,42.98,144.06,145.49,72.78,85.78,23.8,0,17.55,2.0,0.48,0,0.807,69.9,descent,average,Activate core more.
SES_CRI_ELI_0016,athlete_58,79,cricket_bat,122.78,109.25,136.12,140.03,87.54,68.26,139.32,129.74,84.77,95.26,12.51,2.24,38.08,3.09,0.58,0,0.779,97.6,descent,elite,Hold this form.
SES_JAV_ELI_0012,athlete_13,85,javelin,103.89,107.89,146.64,143.64,170.61,169.44,128.61,140.11,87.41,77.24,38.32,2.68,47.71,3.5,0.55,0,0.763,96.1,descent,elite,Great form! Maintain position.
SES_CRI_GOO_0017,athlete_06,55,cricket_bat,135.34,121.19,144.49,143.91,108.88,94.31,170.83,139.54,77.39,87.17,38.69,0,29.79,-3.22,0.57,0,0.747,82.7,setup,good,Slight asymmetry detected.
SES_CRI_GOO_0017,athlete_59,13,cricket_bat,125.27,123.66,146.34,139.89,78.48,116.59,157.07,140.68,90.04,89.73,23.09,2.34,22.33,0.95,0.54,0,0.763,84.2,descent,good,Extend hips fully.
SES_JAV_ELI_0012,athlete_15,23,javelin,110.01,113.09,156.28,142.95,169.82,170.3,124.75,119.96,94.9,92.92,27.18,1.55,46.43,4.16,0.54,0,0.746,95.5,setup,elite,Hold this form.
SES_SPR_AVE_0010,athlete_78,61,sprint,69.67,82.23,148.88,114.7,67.67,85.89,112.62,99.24,92.5,84.23,47.14,3.15,16.77,-0.75,0.54,0,0.685,64.2,setup,average,Activate core more.
SES_SNA_ELI_0004,athlete_52,59,snatch,86.02,92.31,107.24,97.34,54.57,38.81,176.62,178.8,96.53,93.4,13.3,3.75,45.78,1.39,0.59,0,0.902,96.8,descent,elite,Elite biomechanics detected.
SES_VER_GOO_0001,athlete_80,12,vertical_jump,72.94,99.89,115.12,107.84,74.45,40.34,102.54,146.67,89.83,78.8,24.28,2.22,34.28,1.84,0.41,57.1,0.78,79.8,takeoff,good,"Good depth, push harder through the heels."
SES_SPR_ELI_0008,athlete_32,19,sprint,52.91,55.42,79.39,87.49,93.73,70.68,92.47,76.85,71.07,58.8,7.85,0.91,35.87,5.78,0.52,0,0.859,96.5,descent,elite,Hold this form.
SES_SNA_GOO_0005,athlete_67,35,snatch,93.81,85.47,116.11,99.64,35.02,42.07,163.58,174.02,85.72,85.82,33.69,4.15,22.48,7.08,0.51,0,0.831,86.1,setup,good,Extend hips fully.
SES_SPR_AVE_0010,athlete_15,46,sprint,75.41,73.72,128.7,125.59,113.48,102.27,123.92,112.58,82.0,89.13,50.79,3.03,28.77,-1.36,0.47,0,0.786,72.8,descent,average,Lower your hips.
SES_SPR_ELI_0008,athlete_78,65,sprint,54.56,44.25,96.01,103.38,78.67,80.06,94.78,102.12,64.62,64.38,6.63,1.45,42.24,-3.8,0.52,0,0.822,95.3,setup,elite,Great form! Maintain position.
SES_VER_GOO_0001,athlete_61,62,vertical_jump,112.85,111.76,106.76,103.67,75.91,62.23,86.93,139.67,91.66,99.17,16.2,0.85,29.23,-1.19,0.48,41.3,0.868,78.7,setup,good,"Good depth, push harder through the heels."
SES_CRI_AVE_0018,athlete_30,1,cricket_bat,140.39,162.58,152.04,163.69,138.41,122.64,180,164.67,77.42,80.09,28.77,3.66,20.21,1.98,0.44,0,0.658,74,descent,average,Lower your hips.
SES_CRI_GOO_0017,athlete_61,50,cricket_bat,114.23,134.41,152.91,146.93,78.2,104.65,166.75,150.38,73.56,96.93,35.14,2.89,25.91,5.93,0.38,0,0.723,80.2,setup,good,Slight asymmetry detected.
SES_VER_AVE_0002,athlete_04,58,vertical_jump,98.26,116.56,131.6,112.53,51.75,93.57,150.75,125.49,67.29,92.46,23.64,0.71,19.67,1.54,0.43,22.1,0.709,56.9,landing,average,Control trunk lean.
SES_SNA_AVE_0006,athlete_28,1,snatch,92.54,100.17,110.09,120.12,52.78,49.45,171.3,139.91,72.91,90.66,51.07,3.99,33.53,-1.38,0.47,0,0.772,55,descent,average,Control trunk lean.
SES_SPR_ELI_0008,athlete_19,71,sprint,49.04,59.32,94.85,95.18,101.49,79.05,99.38,101.79,65.86,65.58,14.76,2.89,47.18,-3.06,0.5,0,0.847,91.9,setup,elite,Great form! Maintain position.
SES_JAV_GOO_0013,athlete_32,19,javelin,121.01,107.87,173.04,153.21,154.17,147.28,137.14,117.87,82.52,89.06,48.97,1.1,28.07,1.95,0.41,0,0.673,85.1,descent,good,Extend hips fully.
SES_VER_GOO_0001,athlete_74,27,vertical_jump,98.91,109.19,101.46,116.9,88.8,66.44,133.69,126.01,74.21,93.77,29.51,1.76,20.93,3.6,0.54,44.2,0.812,88.7,descent,good,"Good depth, push harder through the heels."
SES_SNA_ELI_0004,athlete_55,68,snatch,91.06,98.24,108.29,105.8,45.38,45.51,164.5,173.07,71.29,85.64,22.33,1.47,40.08,-2.94,0.55,0,0.921,94.8,setup,elite,Great form! Maintain position.
SES_VER_AVE_0002,athlete_39,59,vertical_jump,140.23,110.05,129.86,114.35,72.06,100.74,169.25,125.86,76.46,73.13,43.44,1.7,18.83,7.25,0.55,24.2,0.7,71.0,descent,average,Activate core more.
SES_VER_AVE_0002,athlete_57,98,vertical_jump,106.5,139.44,113.83,118.68,69.8,69.52,180,155.62,70.58,86.54,27.69,5.62,19.94,-0.44,0.42,39.2,0.717,58.4,descent,average,Activate core more.
SES_SPR_AVE_0010,athlete_06,81,sprint,68.4,89.46,135.33,130.43,85.29,83.02,83.39,138.96,71.03,86.68,41.15,0.46,14.16,4.17,0.5,0,0.719,58.2,setup,average,Activate core more.
SES_JAV_POO_0015,athlete_26,41,javelin,129.47,140.93,166.01,178,135.64,92.97,180,152.23,79.09,65.98,80,1.24,20.23,1.78,0.45,0,0.555,28.0,setup,poor,Work on symmetry.
SES_SNA_GOO_0005,athlete_32,62,snatch,91.35,94.51,87.69,113.84,72.83,61.29,173.75,175.1,104.78,94.51,23.38,3.92,29.83,2.23,0.59,0,0.821,82.3,descent,good,"Good depth, push harder through the heels."
SES_VER_AVE_0002,athlete_15,95,vertical_jump,109.38,108.69,112.55,130.51,69.81,94.9,147.82,134.36,72.04,85.71,25.62,0.55,33.6,0.92,0.39,32.5,0.757,61.9,descent,average,Activate core more.
SES_SPR_ELI_0008,athlete_76,93,sprint,54.15,44.73,96.52,80.37,83.45,69.45,85.23,88.91,64.67,68.37,15.16,1.41,30.12,2.69,0.57,0,0.798,97.4,setup,elite,Elite biomechanics detected.
SES_SPR_ELI_0008,athlete_18,10,sprint,51.47,53.64,57.86,86.93,59.85,70.07,96.56,76.4,68.76,64.65,18.73,2.06,35.9,5.59,0.44,0,0.788,93.5,descent,elite,Great form! Maintain position.
SES_JAV_GOO_0013,athlete_69,49,javelin,119.59,107.21,158.18,168.82,135.51,151.32,138.88,125.81,81.02,82.62,31.39,0.22,12.7,4.77,0.44,0,0.69,85.5,setup,good,Slight asymmetry detected.
SES_CRI_POO_0019,athlete_36,67,cricket_bat,142.77,151.49,169.91,178,107.24,137.56,180,174.01,68.75,79.12,28.83,1.26,31.84,-4.42,0.59,0,0.589,34.8,setup,poor,Adjust knee alignment.
SES_JAV_POO_0015,athlete_78,93,javelin,175,175,175.35,171.15,112.38,116.71,180,139.58,70.02,70.53,69.46,1.48,31.92,-1.67,0.4,0,0.593,32.0,descent,poor,Work on symmetry.
SES_SPR_GOO_0009,athlete_22,68,sprint,57.84,48.04,106.2,111.04,75.98,77.14,102.81,106.11,78.61,77.5,14.25,1.8,20.32,-4.8,0.47,0,0.786,81.3,descent,good,Extend hips fully.
SES_SNA_GOO_0005,athlete_17,19,snatch,97.5,106.59,112.85,125.76,16.51,37.79,180,173.19,98.56,75.83,29.22,1.45,28.53,3.35,0.55,0,0.844,82.9,setup,good,Slight asymmetry detected.
SES_CRI_ELI_0016,athlete_15,41,cricket_bat,113.73,116.74,142.74,136.41,93.19,80.51,133.88,160.65,78.58,94.78,16.42,2.2,35.42,1.5,0.51,0,0.799,93.0,descent,elite,Hold this form.
SES_VER_GOO_0001,athlete_69,42,vertical_jump,97.0,98.43,102.23,101.39,83.4,64.63,138.75,117.62,79.95,100.08,12.42,2.32,29.06,1.44,0.5,40.7,0.873,79.1,setup,good,"Good depth, push harder through the heels."
SES_JAV_AVE_0014,athlete_78,48,javelin,127.59,132.83,169.96,158.78,161.27,134.85,133.31,139.1,59.17,70.15,53.49,2.03,17.49,5.24,0.43,0,0.648,65.0,descent,average,Control trunk lean.
SES_JAV_GOO_0013,athlete_73,53,javelin,119.14,102.08,145.37,158.96,159.07,154.39,124.5,151.36,80.83,90.12,41.19,2.68,16.94,4.1,0.37,0,0.671,85.6,setup,good,"Good depth, push harder through the heels."
SES_SNA_AVE_0006,athlete_57,20,snatch,124.11,124.36,127.49,103.33,70.87,44.78,150.86,165.97,88.52,77.83,40.32,1.5,31.26,1.45,0.51,0,0.763,63.0,setup,average,Lower your hips.
SES_VER_POO_0003,athlete_67,53,vertical_jump,120.32,148.8,134.61,128.1,105.13,85.12,114.54,169.76,35.23,48.75,45.77,0,32.97,-0.75,0.48,37.6,0.628,41.4,descent,poor,LOWER HIPS!
SES_JAV_AVE_0014,athlete_43,10,javelin,129.87,156.79,172.07,168.98,156.82,139.12,167.28,146.45,83.1,69.27,29.79,0.85,33.21,-0.94,0.44,0,0.623,64.2,setup,average,Lower your hips.
SES_CRI_AVE_0018,athlete_59,10,cricket_bat,151.88,160.43,134.53,154.6,126.54,125.24,148.25,155.44,82.78,92.68,32.96,0.52,23.12,0.58,0.48,0,0.665,66.4,descent,average,Activate core more.
SES_SNA_GOO_0005,athlete_01,55,snatch,81.46,88.89,100.04,124.46,58.56,31.81,166.45,164.1,78.26,81.47,34.89,4.28,28.49,1.91,0.51,0,0.816,80.1,setup,good,Slight asymmetry detected.
SES_SNA_ELI_0004,athlete_57,21,snatch,81.7,81.05,113.79,97.88,42.53,49.4,173.28,168.8,88.27,90.95,18.66,0.81,29.9,-2.99,0.47,0,0.906,91.4,descent,elite,Elite biomechanics detected.
SES_CRI_POO_0019,athlete_45,24,cricket_bat,172.52,103.43,178,177.85,178.95,97.48,180,180,65.81,74.8,76.53,0,39.64,0.69,0.46,0,0.5,32.3,setup,poor,Critical form deviation.
SES_SPR_ELI_0008,athlete_22,62,sprint,42.58,42.85,94.92,95.1,74.85,90.65,94.85,83.14,74.76,75.71,7.01,2.99,32.94,-3.97,0.47,0,0.898,94.4,descent,elite,Hold this form.
SES_VER_AVE_0002,athlete_54,51,vertical_jump,131.73,111.3,103.62,132.94,26.19,72.8,130.45,134.3,87.61,74.22,24.07,2.65,31.35,6.13,0.38,33.8,0.687,66.8,flight,average,Lower your hips.
SES_VER_GOO_0001,athlete_49,53,vertical_jump,96.91,116.31,100.99,97.2,68.02,46.23,135.13,115.78,85.42,81.45,8.09,2.31,27.67,3.42,0.46,36.8,0.819,89,setup,good,"Good depth, push harder through the heels."
SES_JAV_POO_0015,athlete_34,92,javelin,117.3,130.82,166.27,145.5,145.84,106.13,140.03,166.9,75.39,70.32,39.07,2.79,20.42,-1.92,0.51,0,0.532,33.0,setup,poor,Work on symmetry.
SES_VER_POO_0003,athlete_71,4,vertical_jump,145.36,121.08,147.9,148.01,60.27,129.98,125.48,137.43,86.26,66.93,61.39,2.09,24.28,3.84,0.35,22.4,0.65,42.0,landing,poor,Adjust knee alignment.
SES_SPR_POO_0011,athlete_78,32,sprint,71.72,93.75,162.4,135.95,106.48,131.47,101.92,133.09,99.16,92.34,37.77,0.14,25.03,2.33,0.39,0,0.601,28.5,setup,poor,LOWER HIPS!
SES_SPR_ELI_0008,athlete_31,96,sprint,46.68,49.65,90.02,93.35,76.81,74.43,100.92,89.25,64.27,76.06,24.25,0.85,32.01,1.65,0.48,0,0.871,96.8,descent,elite,Great form! Maintain position.
SES_CRI_AVE_0018,athlete_40,96,cricket_bat,125.95,157.01,161.0,136.27,127.29,128.39,148.12,158.91,87.61,77.79,26.79,1.89,20.2,-0.16,0.56,0,0.615,58.0,descent,average,Lower your hips.
SES_CRI_POO_0019,athlete_11,52,cricket_bat,147.01,144.32,170.73,178,104.76,146.47,150.84,172.83,113.3,100.63,54.51,2.07,15.8,3.5,0.42,0,0.602,36.2,descent,poor,Work on symmetry.
SES_JAV_AVE_0014,athlete_64,80,javelin,98.46,115.06,166.17,174.77,139.29,126.92,180,159.77,69.94,89.83,46.8,0.13,16.42,3.53,0.45,0,0.622,69.7,setup,average,Activate core more.
SES_CRI_AVE_0018,athlete_17,40,cricket_bat,142.95,145.06,174.91,164.28,108.53,115.99,176.6,152.74,86.23,72.06,31.59,2.13,36.02,0.16,0.49,0,0.697,70.0,descent,average,Lower your hips.
SES_VER_AVE_0002,athlete_21,65,vertical_jump,106.12,106.17,121.72,114.3,52.93,85.19,148.36,154.7,79.77,79.47,8.73,1.0,35.29,2.97,0.4,27.0,0.782,67.4,takeoff,average,Activate core more.
SES_SNA_GOO_0005,athlete_21,95,snatch,94.16,107.2,103.46,119.71,48.68,61.79,163.84,180,81.97,96.26,16.78,1.96,35.28,5.25,0.5,0,0.823,82.4,descent,good,Slight asymmetry detected.
SES_CRI_ELI_0016,athlete_44,90,cricket_bat,138.29,116.39,133.86,143.1,96.57,100.4,140.79,141.55,80.34,96.44,21.73,1.46,23.85,3.51,0.53,0,0.753,97.4,setup,elite,Hold this form.
SES_JAV_POO_0015,athlete_20,6,javelin,160.0,151.25,161.35,165.21,110.93,106.27,168.37,177.21,69.52,68.6,80,1.29,26.64,1.4,0.52,0,0.577,47.3,descent,poor,Adjust knee alignment.
SES_CRI_ELI_0016,athlete_04,15,cricket_bat,113.94,128.02,126.91,138.62,82.51,92.91,145.76,129.74,80.97,89.1,23.56,4.51,40.22,3.23,0.47,0,0.762,93.1,setup,elite,Hold this form.
SES_JAV_POO_0015,athlete_62,86,javelin,169.41,134.01,162.93,165.05,133.32,123.62,173.16,180,82.29,70.04,65.02,2.69,7.36,-0.74,0.46,0,0.533,30.4,setup,poor,Critical form deviation.
SES_CRI_AVE_0018,athlete_45,7,cricket_bat,158.31,156.23,157.52,152.97,129.36,121.38,137.12,180,91.72,86.34,6.02,2.38,25.12,1.14,0.56,0,0.707,59.8,setup,average,Control trunk lean.
SES_CRI_ELI_0016,athlete_40,0,cricket_bat,125.45,121.27,147.49,134.31,91.45,101.12,121.23,134.7,84.35,89.11,19.91,1.38,36.09,2.34,0.59,0,0.783,96.0,descent,elite,Great form! Maintain position.
SES_SPR_POO_0011,athlete_56,66,sprint,81.81,82.2,137.48,123.82,85.73,114.51,132.07,125.84,78.85,94.45,40.77,0.91,26.78,-2.78,0.39,0,0.689,40.2,setup,poor,LOWER HIPS!
SES_CRI_AVE_0018,athlete_46,26,cricket_bat,131.08,163.47,148.0,148.22,107.31,109.59,117.88,174.14,66.42,89.51,59.12,0.37,26.04,-0.62,0.54,0,0.66,61.2,descent,average,Activate core more.
SES_VER_ELI_0000,athlete_41,62,vertical_jump,90.43,83.22,97.33,90.69,46.48,51.89,114.76,113.79,91.21,91.38,12.84,0.27,35.38,-3.07,0.41,63.7,0.916,92.7,takeoff,elite,Hold this form.
SES_VER_ELI_0000,athlete_34,25,vertical_jump,81.29,92.98,103.4,100.7,50.81,64.57,134.49,131.64,89.31,85.19,17.01,3.48,36.35,1.35,0.52,55.3,0.914,93.9,takeoff,elite,Great form! Maintain position.
SES_SNA_GOO_0005,athlete_73,31,snatch,96.74,109.66,101.44,118.08,51.1,65.57,178.92,166.82,84.94,81.04,22.32,3.43,35.01,-0.23,0.45,0,0.822,79.7,descent,good,"Good depth, push harder through the heels."
SES_SPR_ELI_0008,athlete_57,64,sprint,45.63,51.05,98.76,107.56,85.74,87.5,71.79,92.45,86.71,81.91,7.87,0.38,46.99,1.35,0.45,0,0.844,91.8,setup,elite,Elite biomechanics detected.
SES_SNA_POO_0007,athlete_06,32,snatch,135.54,99.95,113.54,153.25,52.58,46.19,145.48,104.74,71.3,53.2,66.63,4.77,28.12,3.96,0.59,0,0.563,46.6,descent,poor,Critical form deviation.
SES_SNA_POO_0007,athlete_47,79,snatch,140.18,110.17,147.86,132.13,47.5,91.18,180,153.84,56.97,72.58,59.03,2.53,25.29,1.44,0.5,0,0.624,38.5,setup,poor,Critical form deviation.
SES_JAV_ELI_0012,athlete_68,2,javelin,97.19,110.27,147.81,155.35,168.45,160.51,126.2,131.51,88.51,89.91,39.88,3.09,20.5,2.46,0.57,0,0.73,93.9,descent,elite,Hold this form.
SES_CRI_ELI_0016,athlete_23,64,cricket_bat,111.25,122.0,155.12,132.16,89.54,106.16,152.85,144.45,112.03,104.62,13.31,0.97,35.02,3.28,0.48,0,0.749,96.3,descent,elite,Great form! Maintain position.
SES_SNA_AVE_0006,athlete_59,51,snatch,84.57,135.53,92.67,132.52,58.59,71.19,152.74,153.24,88.51,89.77,80,0.85,30.65,0.06,0.61,0,0.617,65.6,setup,average,Lower your hips.
SES_SNA_GOO_0005,athlete_40,0,snatch,89.69,116.52,91.75,110.1,66.41,47.21,167.64,166.16,79.42,85.96,24.58,4.61,27.3,2.08,0.48,0,0.781,86.6,setup,good,Slight asymmetry detected.
SES_VER_ELI_0000,athlete_22,60,vertical_jump,85.63,92.08,101.79,100.73,55.39,53.49,100.29,131.9,89.28,96.12,6.89,2.65,41.12,3.22,0.47,61.5,0.936,94.4,takeoff,elite,Elite biomechanics detected.
SES_CRI_ELI_0016,athlete_48,85,cricket_bat,123.41,131.12,140.04,143.81,82.83,77.57,161.57,145.16,92.84,88.84,27.18,1.02,41.06,2.74,0.61,0,0.794,96.0,descent,elite,Hold this form.
SES_SPR_GOO_0009,athlete_36,31,sprint,74.35,53.73,95.93,95.03,87.8,96.63,93.81,100.4,92.64,79.0,22.54,0,26.95,7.58,0.44,0,0.764,82.5,setup,good,Slight asymmetry detected.
SES_VER_GOO_0001,athlete_72,79,vertical_jump,99.45,101.33,101.3,95.2,79.26,56.41,180,129.91,89.48,93.0,16.49,1.67,26.23,-3.34,0.47,48.7,0.856,75,takeoff,good,Extend hips fully.
SES_CRI_ELI_0016,athlete_03,29,cricket_bat,110.68,115.14,127.69,134.38,89.64,86.47,151.75,146.76,63.68,87.56,26.69,0.95,31.45,0.03,0.58,0,0.793,94.0,setup,elite,Elite biomechanics detected.
SES_JAV_ELI_0012,athlete_30,93,javelin,104.82,106.87,147.99,154.93,153.61,160.37,135.51,125.03,74.98,83.01,21.8,1.18,35.22,2.71,0.46,0,0.761,94.3,setup,elite,Elite biomechanics detected.
SES_SPR_AVE_0010,athlete_50,69,sprint,48.37,63.63,95.67,145.42,89.33,98.49,114.7,128.36,89.23,86.95,29.13,3.51,39.76,-0.03,0.47,0,0.625,68.6,descent,average,Control trunk lean.
SES_JAV_GOO_0013,athlete_61,61,javelin,107.91,105.68,143.09,158.77,169.02,151.42,129.78,145.79,75.64,86.83,32.02,0.59,22.05,-2.13,0.44,0,0.704,89,descent,good,Extend hips fully.
SES_CRI_ELI_0016,athlete_39,38,cricket_bat,118.25,125.16,131.68,129.54,83.85,79.14,114.92,139.65,85.82,79.75,29.22,2.63,43.73,5.25,0.42,0,0.799,92.8,setup,elite,Elite biomechanics detected.
SES_SNA_ELI_0004,athlete_19,53,snatch,86.04,84.7,95.79,94.12,56.15,50.66,171.88,170.1,93.05,84.6,25.52,0,35.47,2.09,0.55,0,0.94,94.4,setup,elite,Elite biomechanics detected.
SES_SPR_AVE_0010,athlete_18,90,sprint,72.14,59.48,123.98,134.21,69.23,76.14,113.99,69.43,91.02,94.09,47.05,2.44,28.44,-2.08,0.56,0,0.724,57.0,descent,average,Activate core more.
SES_SNA_ELI_0004,athlete_35,36,snatch,89.45,85.16,82.28,105.76,35.09,44.43,180,176.07,93.93,95.09,22.64,2.4,24.59,5.05,0.54,0,0.869,94.1,setup,elite,Elite biomechanics detected.
SES_SPR_GOO_0009,athlete_61,25,sprint,64.72,63.57,85.17,90.07,92.16,81.34,111.46,112.98,87.65,68.65,22.27,1.01,12.36,-2.23,0.47,0,0.828,80.7,descent,good,Slight asymmetry detected.
SES_VER_AVE_0002,athlete_18,57,vertical_jump,108.67,112.29,111.45,127.39,69.45,90.88,154.76,119.39,82.19,62.42,32.88,4.74,21.25,3.96,0.6,38.0,0.753,62.0,takeoff,average,Lower your hips.
SES_JAV_GOO_0013,athlete_08,76,javelin,119.8,132.89,152.51,143.66,177.12,146.56,148.8,134.52,84.35,72.25,40.12,1.21,30.87,1.23,0.46,0,0.693,81.7,descent,good,Slight asymmetry detected.
SES_VER_AVE_0002,athlete_25,12,vertical_jump,99.34,126.38,123.45,134.66,65.05,95.8,134.06,125.1,81.84,68.59,22.66,3.47,24.94,-0.74,0.44,30.7,0.711,65.7,descent,average,Lower your hips.
SES_CRI_ELI_0016,athlete_23,89,cricket_bat,119.42,117.83,142.16,146.21,103.72,74.72,134.12,169.18,80.9,95.6,16.97,0.64,28.91,8.76,0.55,0,0.808,93.9,setup,elite,Great form! Maintain position.
SES_VER_ELI_0000,athlete_57,75,vertical_jump,94.34,90.36,99.36,92.82,52.47,67.3,127.82,84.53,80.85,89.48,18.89,2.53,41.05,4.14,0.55,55.5,0.928,97.6,flight,elite,Great form! Maintain position.
SES_JAV_GOO_0013,athlete_59,31,javelin,112.57,125.83,155.75,166.87,157.76,166.98,139.36,143.04,84.65,86.14,41.04,2.25,16.28,2.32,0.5,0,0.688,86.4,setup,good,Slight asymmetry detected.
SES_SNA_ELI_0004,athlete_42,22,snatch,85.28,90.4,110.06,104.6,52.33,43.2,174.41,176.59,85.33,83.33,21.69,0,38.86,5.13,0.49,0,0.918,92.9,setup,elite,Great form! Maintain position.
SES_VER_AVE_0002,athlete_48,13,vertical_jump,130.37,108.59,120.05,118.22,92.97,80.04,174.71,145.29,53.74,79.73,28.95,3.97,19.23,-0.14,0.4,32.7,0.745,58.6,setup,average,Control trunk lean.
SES_SNA_POO_0007,athlete_22,92,snatch,164.07,112.8,168.09,142.9,80.74,76.62,179.53,133.37,77.08,70.16,48.17,5.97,27.8,5.13,0.49,0,0.581,39.4,descent,poor,Adjust knee alignment.
SES_CRI_AVE_0018,athlete_04,3,cricket_bat,158.27,137.57,139.94,162.24,120.37,119.84,180,167.5,59.11,92.8,26.57,1.68,28.81,2.1,0.48,0,0.64,62.8,setup,average,Control trunk lean.
SES_SPR_GOO_0009,athlete_50,45,sprint,55.34,50.31,96.71,109.61,120.57,85.41,103.98,97.11,73.04,69.89,14.97,1.53,36.36,3.97,0.46,0,0.787,81.3,descent,good,Slight asymmetry detected.
SES_VER_GOO_0001,athlete_42,82,vertical_jump,115.08,111.79,92.13,107.82,94.48,70.53,109.88,124.41,59.24,84.46,2.36,0.26,28.41,-4.46,0.49,40.0,0.828,86.1,flight,good,Extend hips fully.
SES_SPR_ELI_0008,athlete_78,25,sprint,57.07,60.71,107.53,87.24,78.05,82.34,96.07,80.93,70.19,69.58,22.72,2.97,43.91,-0.07,0.54,0,0.825,95.0,descent,elite,Great form! Maintain position.
SES_CRI_POO_0019,athlete_72,17,cricket_bat,130.32,175,152.53,155.28,145.14,119.91,180,180,62.92,74.38,33.05,3.87,11.45,-0.9,0.42,0,0.538,26.2,setup,poor,Adjust knee alignment.
SES_CRI_AVE_0018,athlete_32,66,cricket_bat,164.4,141.68,178,162.89,128.61,113.21,152.57,149.8,65.86,73.7,39.77,0.84,14.38,3.34,0.49,0,0.653,63.3,setup,average,Lower your hips.
SES_CRI_ELI_0016,athlete_34,28,cricket_bat,117.11,123.87,161.49,144.59,110.25,96.35,162.92,144.24,76.86,84.6,11.54,2.67,23.15,1.06,0.5,0,0.772,94.3,descent,elite,Hold this form.
SES_CRI_POO_0019,athlete_42,28,cricket_bat,175,158.7,178,162.6,152.37,119.7,180,151.41,68.53,80.62,17.96,0.85,31.92,0.83,0.45,0,0.566,47.6,setup,poor,LOWER HIPS!
SES_VER_AVE_0002,athlete_15,50,vertical_jump,126.92,121.09,126.8,131.52,66.16,88.8,167.15,143.43,89.88,70.56,41.94,0.07,27.57,1.12,0.43,39.8,0.775,68.5,flight,average,Lower your hips.
SES_CRI_AVE_0018,athlete_23,27,cricket_bat,141.47,125.22,153.86,164.0,110.69,81.93,127.86,177.17,111.53,77.08,37.2,1.6,17.22,-2.58,0.5,0,0.667,55.3,descent,average,Activate core more.
SES_SNA_GOO_0005,athlete_70,20,snatch,87.03,90.35,113.45,112.67,30.45,50.5,158.17,180,84.98,95.02,30.35,4.33,37.99,0.12,0.48,0,0.887,86.9,descent,good,Slight asymmetry detected.
SES_VER_POO_0003,athlete_57,93,vertical_jump,119.85,135.96,144.37,156.89,65.15,78.79,175.2,152.28,71.58,61.98,43.91,1.99,37.57,4.92,0.54,11.3,0.641,39.1,setup,poor,Critical form deviation.
SES_VER_ELI_0000,athlete_72,10,vertical_jump,96.21,83.17,104.49,100.37,73.94,67.4,121.31,132.21,86.67,87.72,2.07,2.35,38.92,0.96,0.57,58.1,0.908,95.5,landing,elite,Hold this form.
SES_JAV_POO_0015,athlete_11,16,javelin,175,153.46,178,153.72,100.68,111.64,175.29,180,45.86,89.28,75.35,3.92,18.56,1.5,0.5,0,0.522,31.9,setup,poor,Critical form deviation.
SES_SPR_GOO_0009,athlete_75,74,sprint,59.18,47.04,88.29,116.34,78.63,98.34,64.07,86.15,85.04,84.66,16.85,2.89,23.78,5.17,0.43,0,0.716,77.5,descent,good,"Good depth, push harder through the heels."
SES_SNA_POO_0007,athlete_67,20,snatch,120.4,138.82,142.32,144.91,73.49,77.88,109.78,143.31,91.92,83.78,38.45,3.18,19.45,5.57,0.41,0,0.675,43.2,descent,poor,LOWER HIPS!
SES_SPR_POO_0011,athlete_29,11,sprint,84.21,93.0,111.87,131.93,109.04,69.59,103.04,103.26,98.56,89.05,41.02,1.86,25.25,9.1,0.41,0,0.646,37.2,setup,poor,Adjust knee alignment.
SES_VER_GOO_0001,athlete_61,9,vertical_jump,102.8,103.49,116.42,107.51,78.75,57.14,144.37,141.43,77.77,78.84,17.65,0.83,10.79,-1.37,0.4,44.2,0.855,80.5,descent,good,Extend hips fully.
SES_JAV_GOO_0013,athlete_11,40,javelin,126.67,113.95,153.33,153.81,169.34,145.48,132.2,132.64,98.55,71.75,42.99,4.69,32.07,4.6,0.44,0,0.709,84.0,setup,good,"Good depth, push harder through the heels."
SES_SNA_AVE_0006,athlete_33,50,snatch,84.3,100.12,125.89,118.98,58.5,62.8,136.51,134.52,82.69,93.33,53.94,1.17,22.76,6.06,0.37,0,0.756,67.0,descent,average,Activate core more.
SES_SNA_AVE_0006,athlete_52,35,snatch,104.89,97.75,155.15,147.56,61.41,41.79,160.18,179.53,68.87,72.27,38.42,1.06,29.85,5.94,0.44,0,0.785,64.6,setup,average,Lower your hips.
SES_SNA_AVE_0006,athlete_75,57,snatch,93.08,103.93,147.83,123.08,59.78,58.05,131.57,168.2,106.97,65.07,45.74,3.11,21.45,3.26,0.59,0,0.738,65.4,descent,average,Control trunk lean.
SES_JAV_ELI_0012,athlete_45,22,javelin,97.32,107.38,148.05,149.29,175.02,165.98,119.83,114.63,84.31,76.18,37.59,2.37,26.03,3.06,0.6,0,0.749,94.2,descent,elite,Great form! Maintain position.
SES_SPR_ELI_0008,athlete_26,23,sprint,48.64,40.6,97.68,80.7,83.44,67.21,81.77,76.76,62.75,73.62,12.21,0,31.27,-0.45,0.53,0,0.798,98.1,setup,elite,Great form! Maintain position.
SES_SPR_ELI_0008,athlete_68,39,sprint,48.72,35.37,86.61,87.35,79.43,74.94,88.63,85.7,78.06,72.09,9.47,0.87,37.39,-0.36,0.56,0,0.815,90.9,descent,elite,Hold this form.
SES_CRI_GOO_0017,athlete_30,22,cricket_bat,140.88,134.92,154.5,146.35,86.62,125.65,124.24,152.34,72.34,93.57,16.45,1.4,37.58,4.68,0.57,0,0.751,81.5,descent,good,"Good depth, push harder through the heels."
SES_VER_ELI_0000,athlete_74,1,vertical_jump,86.19,90.6,88.09,103.99,63.77,72.74,136.61,102.69,104.65,86.54,6.5,1.76,25.16,4.88,0.51,43.8,0.9,93.5,takeoff,elite,Elite biomechanics detected.
SES_SPR_POO_0011,athlete_49,74,sprint,73.75,92.11,144.22,138.59,117.14,114.15,117.21,120.77,80.77,110.74,42.34,0.63,9.92,3.53,0.52,0,0.648,32.0,descent,poor,Critical form deviation.
SES_VER_GOO_0001,athlete_42,89,vertical_jump,106.25,101.0,111.81,101.28,94.58,30.25,117.15,150.14,93.24,87.63,0,4.23,25.66,-4.13,0.54,36.6,0.837,78.8,landing,good,Extend hips fully.
SES_CRI_GOO_0017,athlete_40,69,cricket_bat,122.64,144.15,145.2,143.52,93.29,92.03,159.98,148.23,100.44,88.57,32.1,0.9,27.07,2.4,0.49,0,0.732,85.2,descent,good,"Good depth, push harder through the heels."
SES_CRI_POO_0019,athlete_06,75,cricket_bat,175,163.12,178,143.68,124.54,128.64,148.75,165.57,65.71,64.05,39.06,3.45,27.22,5.35,0.43,0,0.542,44.8,descent,poor,Critical form deviation.
SES_SPR_GOO_0009,athlete_11,62,sprint,67.38,60.07,97.26,108.4,78.57,83.28,100.0,103.48,63.64,76.96,12.38,0,31.18,2.6,0.39,0,0.787,80.5,setup,good,"Good depth, push harder through the heels."
SES_JAV_POO_0015,athlete_62,17,javelin,128.38,120.87,178,178,160.07,145.52,173.33,151.7,41.44,63.11,61.79,2.23,37.95,-3.34,0.3,0,0.582,33.6,setup,poor,Work on symmetry.
SES_CRI_ELI_0016,athlete_38,97,cricket_bat,134.82,116.68,108.46,125.64,91.48,91.81,124.14,121.07,95.1,89.13,22.33,2.31,33.28,3.5,0.56,0,0.739,96.5,setup,elite,Great form! Maintain position.
SES_CRI_AVE_0018,athlete_52,57,cricket_bat,167.13,114.47,161.66,154.61,91.11,108.15,159.17,159.73,104.75,70.42,32.95,0,41.59,3.35,0.54,0,0.612,58.6,descent,average,Activate core more.
SES_SNA_ELI_0004,athlete_20,17,snatch,91.92,92.18,99.64,84.44,37.97,48.84,176.5,175.04,90.99,88.51,26.51,0.4,31.21,0.47,0.49,0,0.903,100,setup,elite,Elite biomechanics detected.
SES_JAV_GOO_0013,athlete_70,77,javelin,119.7,112.24,140.96,159.21,171.76,158.11,143.84,111.43,83.29,81.36,31.74,2.34,24.87,1.57,0.42,0,0.687,84.4,descent,good,"Good depth, push harder through the heels."
SES_VER_GOO_0001,athlete_54,52,vertical_jump,109.29,105.7,103.04,107.81,44.74,46.73,142.96,108.55,79.99,90.76,17.06,0.65,30.47,2.15,0.48,37.9,0.857,81.8,flight,good,Slight asymmetry detected.
SES_SNA_ELI_0004,athlete_24,44,snatch,84.83,104.56,93.84,119.36,47.39,52.93,171.84,178.15,109.9,96.39,19.64,1.95,26.18,3.36,0.47,0,0.829,94.0,descent,elite,Great form! Maintain position.
SES_SPR_GOO_0009,athlete_22,0,sprint,49.92,63.77,106.59,89.23,64.34,113.15,109.52,92.32,99.28,78.7,27.34,0.65,27.49,-1.64,0.47,0,0.736,86.0,setup,good,"Good depth, push harder through the heels."
SES_SPR_ELI_0008,athlete_69,52,sprint,47.15,56.83,78.93,97.01,71.88,91.72,71.29,95.75,80.63,64.92,5.93,2.46,49.74,-2.2,0.58,0,0.793,96.2,descent,elite,Hold this form.
SES_SNA_AVE_0006,athlete_38,25,snatch,95.65,113.28,124.5,113.92,45.39,57.21,180,150.32,85.57,61.76,23.58,0.13,24.11,1.4,0.47,0,0.748,64.1,descent,average,Lower your hips.
SES_SNA_POO_0007,athlete_01,46,snatch,151.12,156.67,155.73,138.34,107.05,67.78,180,167.22,67.16,78.63,23.43,2.45,34.16,5.51,0.5,0,0.676,25.4,setup,poor,Work on symmetry.
SES_SNA_AVE_0006,athlete_38,38,snatch,90.67,108.16,131.7,124.18,57.1,71.39,127.57,170.14,77.16,74.92,39.97,0.23,28.42,-0.99,0.36,0,0.754,56.8,setup,average,Control trunk lean.
SES_SPR_AVE_0010,athlete_34,25,sprint,75.98,74.94,135.64,94.16,106.65,86.51,99.98,96.39,88.69,86.14,22.72,2.85,11.5,1.96,0.54,0,0.704,63.6,setup,average,Lower your hips.
SES_CRI_ELI_0016,athlete_64,50,cricket_bat,122.59,119.73,126.25,147.78,105.92,99.56,146.13,148.31,91.06,92.44,19.55,2.38,31.84,-2.41,0.51,0,0.769,91.1,descent,elite,Great form! Maintain position.
SES_JAV_AVE_0014,athlete_30,37,javelin,112.0,136.21,163.68,154.18,152.01,148.02,150.85,130.75,86.31,76.68,73.21,3.9,31.94,-1.36,0.42,0,0.609,74,descent,average,Lower your hips.
SES_CRI_AVE_0018,athlete_33,33,cricket_bat,155.9,146.74,138.6,167.11,144.47,101.63,120.61,171.64,82.92,75.23,18.71,5.12,19.6,3.96,0.45,0,0.651,70.8,setup,average,Lower your hips.
SES_VER_POO_0003,athlete_55,21,vertical_jump,152.53,140.09,160.34,144.69,75.98,88.4,175.09,111.18,67.04,72.91,27.92,0,10.8,1.21,0.35,14.6,0.646,33.3,takeoff,poor,Work on symmetry.
SES_VER_AVE_0002,athlete_51,37,vertical_jump,104.02,104.79,138.06,103.28,69.53,67.54,112.19,174.58,90.09,82.71,26.24,1.05,29.59,5.61,0.5,36.2,0.722,69.0,descent,average,Lower your hips.
SES_SNA_GOO_0005,athlete_15,38,snatch,97.13,94.41,118.3,131.91,27.57,47.63,170.66,175.7,70.37,79.39,23.82,0,17.0,3.09,0.49,0,0.861,89.0,descent,good,Extend hips fully.
SES_JAV_AVE_0014,athlete_50,81,javelin,117.31,143.58,163.36,158.45,169.71,105.48,139.77,133.37,67.78,79.19,61.25,1.71,36.62,1.89,0.57,0,0.616,68.7,descent,average,Control trunk lean.
SES_VER_POO_0003,athlete_37,32,vertical_jump,142.45,152.68,147.42,150.6,110.29,100.17,164.17,146.1,57.5,72.02,36.86,0.43,32.71,0.41,0.43,16.4,0.674,43.2,flight,poor,Adjust knee alignment.
SES_SNA_GOO_0005,athlete_80,28,snatch,105.57,100.05,101.2,109.51,55.49,41.06,159.17,159.29,80.58,91.85,32.43,3.04,26.72,-0.63,0.43,0,0.862,84.8,descent,good,Slight asymmetry detected.
SES_VER_GOO_0001,athlete_22,36,vertical_jump,96.04,107.98,112.07,103.3,85.4,81.0,157.87,138.03,85.79,103.18,15.28,1.22,29.33,2.13,0.57,44.6,0.823,75.5,descent,good,Slight asymmetry detected.
SES_VER_GOO_0001,athlete_33,91,vertical_jump,87.79,102.75,118.67,107.79,61.26,81.7,93.85,129.07,99.8,87.78,9.46,2.24,22.17,1.74,0.49,43.6,0.809,81.0,setup,good,"Good depth, push harder through the heels."
SES_VER_AVE_0002,athlete_25,32,vertical_jump,135.41,107.11,103.22,122.73,108.7,61.11,142.38,133.33,65.29,90.14,15.89,0.77,23.51,-3.66,0.52,34.0,0.69,67.3,takeoff,average,Control trunk lean.
SES_SNA_AVE_0006,athlete_01,49,snatch,118.52,95.35,122.91,131.91,70.05,68.4,156.64,159.69,69.97,77.55,34.45,0,24.03,2.76,0.57,0,0.741,60.3,setup,average,Control trunk lean.
SES_VER_AVE_0002,athlete_63,16,vertical_jump,100.12,118.81,138.11,118.1,88.49,60.79,150.23,129.63,85.52,63.9,30.07,0,23.9,2.07,0.45,33.5,0.709,60.5,landing,average,Control trunk lean.
SES_SPR_GOO_0009,athlete_38,77,sprint,60.04,48.25,101.0,110.33,67.68,68.25,107.48,90.49,79.59,73.34,27.25,4.51,29.77,1.85,0.54,0,0.766,85.0,descent,good,Slight asymmetry detected.
SES_VER_AVE_0002,athlete_58,2,vertical_jump,107.57,107.11,120.25,125.02,38.04,77.33,149.1,149.62,72.6,75.17,35.65,1.15,7.51,6.43,0.39,22.6,0.787,69.5,flight,average,Lower your hips.
SES_SNA_GOO_0005,athlete_04,10,snatch,99.33,94.61,117.34,100.65,57.98,63.65,157.35,171.49,98.27,82.46,27.28,4.32,16.05,-0.1,0.4,0,0.843,78.7,setup,good,"Good depth, push harder through the heels."
SES_CRI_AVE_0018,athlete_64,2,cricket_bat,148.51,131.07,140.31,164.0,103.93,102.5,180,164.85,86.35,85.35,33.58,3.24,43.04,3.75,0.49,0,0.641,68.7,setup,average,Lower your hips.
SES_JAV_AVE_0014,athlete_71,92,javelin,111.78,122.89,137.68,156.81,150.89,142.91,154.09,158.82,84.17,58.41,37.9,0,24.97,1.31,0.69,0,0.616,72.2,descent,average,Activate core more.
SES_CRI_ELI_0016,athlete_35,70,cricket_bat,117.54,112.59,134.36,146.47,98.9,69.35,160.83,156.06,90.42,89.65,19.26,3.64,24.15,3.35,0.57,0,0.783,98.5,setup,elite,Hold this form.
SES_SPR_ELI_0008,athlete_63,21,sprint,38.16,41.38,96.6,99.89,67.85,77.32,89.74,90.71,79.2,60.67,17.54,2.39,42.31,0.04,0.46,0,0.867,94.5,setup,elite,Great form! Maintain position.
SES_CRI_AVE_0018,athlete_15,72,cricket_bat,142.85,139.93,157.62,148.24,92.39,132.11,180,159.46,65.46,89.8,43.34,0,2.6,0.3,0.43,0,0.696,71.3,setup,average,Activate core more.
SES_JAV_AVE_0014,athlete_06,62,javelin,129.04,130.88,165.54,162.26,144.07,127.86,180,180,70.72,82.35,20.88,0,16.07,0.71,0.51,0,0.67,74,setup,average,Lower your hips.
SES_CRI_ELI_0016,athlete_50,53,cricket_bat,107.55,122.35,139.76,124.46,79.87,90.86,123.91,132.31,90.79,81.37,7.95,1.74,26.76,1.0,0.54,0,0.751,93.4,setup,elite,Elite biomechanics detected.
SES_JAV_ELI_0012,athlete_16,18,javelin,101.72,112.75,131.46,144.46,168.29,171.98,114.42,135.27,91.25,81.61,10.89,2.72,40.66,2.07,0.55,0,0.724,96.7,setup,elite,Great form! Maintain position.
SES_SPR_AVE_0010,athlete_08,73,sprint,56.54,77.69,122.46,111.46,106.55,111.85,96.28,107.18,86.24,90.79,19.3,3.62,31.83,2.96,0.46,0,0.691,57.6,descent,average,Control trunk lean.
SES_JAV_AVE_0014,athlete_03,40,javelin,126.91,144.84,138.01,145.41,148.14,164.56,144.79,134.56,62.47,82.06,70.99,1.61,37.48,4.93,0.43,0,0.628,66.8,setup,average,Control trunk lean.
SES_CRI_GOO_0017,athlete_62,21,cricket_bat,122.5,145.06,153.64,150.06,92.56,87.38,124.38,153.14,92.68,95.21,32.32,1.24,26.61,1.77,0.48,0,0.726,79.2,descent,good,Slight asymmetry detected.
SES_SPR_AVE_0010,athlete_46,70,sprint,92.82,84.57,109.12,95.55,95.43,91.68,102.47,108.35,72.31,88.71,27.37,0.15,23.1,8.07,0.47,0,0.736,67.6,setup,average,Lower your hips.
SES_CRI_POO_0019,athlete_29,9,cricket_bat,175,145.28,143.58,178,109.96,108.63,180,140.54,79.73,73.34,38.89,2.02,19.33,6.25,0.56,0,0.511,37.1,descent,poor,Adjust knee alignment.
SES_CRI_GOO_0017,athlete_61,60,cricket_bat,123.1,122.41,158.44,148.37,69.96,86.26,124.86,167.39,69.79,83.46,22.03,3.5,10.39,5.95,0.56,0,0.759,75,descent,good,Slight asymmetry detected.
SES_SNA_AVE_0006,athlete_67,46,snatch,99.75,106.44,122.67,95.14,61.79,76.55,168.63,151.16,75.97,65.56,38.83,0.5,29.05,0.67,0.6,0,0.734,69.3,setup,average,Lower your hips.
SES_VER_AVE_0002,athlete_58,49,vertical_jump,97.91,88.2,111.88,129.22,28.96,86.35,165.0,165.77,80.9,80.34,13.55,1.8,29.71,0.15,0.63,27.2,0.73,55,takeoff,average,Activate core more.
SES_SPR_ELI_0008,athlete_51,6,sprint,48.92,37.78,97.7,89.93,82.23,73.85,94.68,86.12,79.47,69.85,12.44,0.71,25.51,-0.87,0.6,0,0.808,98.0,setup,elite,Hold this form.
SES_VER_POO_0003,athlete_33,34,vertical_jump,105.2,139.72,154.91,138.07,60.13,102.5,180,163.57,71.47,79.47,72.85,3.12,17.64,2.51,0.36,12.6,0.593,33.1,flight,poor,LOWER HIPS!
SES_SNA_POO_0007,athlete_07,12,snatch,147.11,129.98,127.19,150.1,74.72,114.99,144.09,156.71,59.18,76.26,56.6,3.95,15.21,1.6,0.46,0,0.639,39.2,descent,poor,Adjust knee alignment.
SES_JAV_POO_0015,athlete_45,73,javelin,128.45,152.86,160.49,158.2,124.46,130.26,180,180,76.64,73.87,70.08,2.08,28.13,-1.16,0.48,0,0.548,49.2,setup,poor,Critical form deviation.
SES_JAV_GOO_0013,athlete_39,87,javelin,115.23,112.11,156.42,162.43,155.75,147.64,174.67,120.0,86.26,69.15,49.22,1.29,27.69,0.9,0.58,0,0.721,82.0,setup,good,Extend hips fully.
SES_CRI_ELI_0016,athlete_50,22,cricket_bat,130.27,119.63,136.42,147.28,65.09,89.15,124.93,121.11,92.63,93.73,20.71,0.61,22.27,5.77,0.52,0,0.773,97.2,descent,elite,Hold this form.
SES_JAV_AVE_0014,athlete_06,21,javelin,126.77,131.91,148.23,153.22,131.03,129.17,142.22,151.57,66.69,77.94,55.6,2.97,26.72,1.85,0.5,0,0.659,63.9,setup,average,Lower your hips.
SES_SPR_AVE_0010,athlete_11,10,sprint,55.49,73.44,134.15,127.24,75.61,90.6,86.96,99.75,96.31,96.61,11.69,2.39,40.93,1.36,0.44,0,0.711,63.0,setup,average,Control trunk lean.
SES_CRI_POO_0019,athlete_65,36,cricket_bat,162.5,173.9,141.67,161.29,82.87,132.57,180,161.09,59.68,92.41,54.39,0,26.86,-0.36,0.39,0,0.564,48.3,setup,poor,Adjust knee alignment.
SES_CRI_AVE_0018,athlete_78,64,cricket_bat,126.52,117.49,171.66,152.45,110.97,129.24,162.83,149.24,56.89,82.29,29.91,3.64,25.31,5.04,0.36,0,0.665,60.6,setup,average,Activate core more.
SES_JAV_ELI_0012,athlete_39,78,javelin,102.96,101.71,155.84,159.98,170.86,153.81,124.7,127.49,83.9,89.53,19.41,1.96,40.6,3.34,0.54,0,0.769,96.1,setup,elite,Elite biomechanics detected.
SES_JAV_GOO_0013,athlete_67,97,javelin,115.03,118.79,129.33,157.52,170.64,150.99,171.08,131.99,103.97,93.63,59.49,1.22,19.76,-1.18,0.43,0,0.677,82.8,descent,good,"Good depth, push harder through the heels."
SES_SPR_AVE_0010,athlete_35,15,sprint,70.67,72.18,117.55,126.39,108.81,73.34,103.53,136.38,115.35,92.81,33.21,1.45,32.13,5.41,0.54,0,0.773,64.9,setup,average,Activate core more.
SES_JAV_AVE_0014,athlete_58,60,javelin,118.71,143.93,137.03,149.42,106.41,153.89,125.54,140.6,69.55,79.36,41.74,3.35,13.05,-0.42,0.64,0,0.603,69.5,setup,average,Control trunk lean.
SES_VER_AVE_0002,athlete_73,63,vertical_jump,107.87,122.41,129.87,117.95,86.99,89.3,170.37,108.24,72.93,87.55,14.53,1.35,14.48,-0.12,0.6,29.9,0.737,57.6,takeoff,average,Control trunk lean.
SES_VER_POO_0003,athlete_30,9,vertical_jump,119.03,130.36,141.47,151.4,92.77,66.05,180,174.92,37.13,57.72,27.07,2.12,17.71,1.82,0.43,22.2,0.654,31.5,landing,poor,Critical form deviation.
SES_VER_POO_0003,athlete_33,92,vertical_jump,133.58,131.6,146.62,135.36,85.35,83.56,140.5,98.81,81.79,57.97,52.97,1.16,25.3,0.48,0.36,29.9,0.673,38.6,takeoff,poor,Critical form deviation.
SES_SNA_AVE_0006,athlete_19,90,snatch,105.16,88.13,110.65,121.39,38.48,53.85,139.62,120.42,73.38,72.01,40.61,4.13,31.87,5.83,0.48,0,0.745,57.0,setup,average,Control trunk lean.
SES_SPR_AVE_0010,athlete_65,20,sprint,86.84,75.89,115.43,104.41,112.76,92.7,136.5,107.22,95.38,65.82,36.8,0,31.41,1.69,0.47,0,0.734,69.6,descent,average,Lower your hips.
SES_CRI_AVE_0018,athlete_65,24,cricket_bat,133.3,156.98,141.28,166.51,124.74,98.8,141.38,180,70.86,95.22,45.01,1.18,30.93,0.52,0.52,0,0.629,65.9,setup,average,Lower your hips.
SES_SPR_GOO_0009,athlete_42,64,sprint,50.35,56.8,90.4,99.79,96.69,69.67,112.34,101.15,94.61,77.07,11.45,1.25,32.88,0.66,0.46,0,0.788,81.6,descent,good,Extend hips fully.
SES_SNA_POO_0007,athlete_03,52,snatch,108.82,129.9,165.97,163.67,105.24,78.28,136.22,136.3,62.96,62.65,50.08,3.44,24.89,3.37,0.51,0,0.667,29.2,descent,poor,Work on symmetry.
SES_VER_ELI_0000,athlete_34,89,vertical_jump,94.26,84.99,102.38,106.41,56.43,63.53,127.8,111.97,80.22,87.8,18.56,0.71,33.89,5.07,0.62,53.9,0.919,97.0,flight,elite,Hold this form.
SES_SPR_POO_0011,athlete_41,87,sprint,97.11,66.33,110.03,133.63,101.36,132.81,117.09,141.07,79.03,95.08,53.52,0.11,33.86,7.18,0.48,0,0.572,20,descent,poor,Work on symmetry.
SES_SNA_AVE_0006,athlete_45,16,snatch,107.16,128.3,106.13,126.2,53.06,79.57,175.83,165.3,70.76,67.81,18.56,0,29.03,3.53,0.45,0,0.723,65.1,descent,average,Lower your hips.
SES_JAV_GOO_0013,athlete_44,60,javelin,127.67,119.36,150.25,159.03,166.46,162.66,140.62,127.28,78.46,76.21,38.02,0.6,23.4,5.7,0.41,0,0.704,81.3,setup,good,Extend hips fully.
SES_VER_GOO_0001,athlete_72,66,vertical_jump,91.95,89.77,102.38,93.51,57.03,75.83,160.61,135.53,92.75,84.9,13.33,1.57,24.17,-0.1,0.4,41.4,0.847,80.0,landing,good,"Good depth, push harder through the heels."
SES_SNA_GOO_0005,athlete_40,88,snatch,96.26,82.55,99.93,122.27,49.52,57.69,177.35,172.98,79.69,92.65,26.18,1.95,32.52,-0.64,0.49,0,0.802,79.1,setup,good,Extend hips fully.
SES_CRI_POO_0019,athlete_41,1,cricket_bat,161.89,174.12,165.85,161.43,157.93,133.0,180,158.98,86.99,97.42,71.96,0.62,27.13,2.55,0.46,0,0.591,35.7,setup,poor,Work on symmetry.
SES_SPR_GOO_0009,athlete_77,1,sprint,46.83,52.05,95.56,104.69,86.37,102.86,117.8,83.55,101.71,83.69,23.31,1.45,18.36,4.65,0.56,0,0.794,83.8,descent,good,"Good depth, push harder through the heels."
SES_SPR_GOO_0009,athlete_72,12,sprint,49.64,54.98,96.72,114.38,93.43,75.27,71.99,107.18,81.22,82.5,37.88,4.08,24.49,7.26,0.43,0,0.775,75.2,descent,good,Extend hips fully.
SES_SNA_POO_0007,athlete_68,50,snatch,119.74,113.88,152.66,164.51,107.05,56.94,129.81,125.23,75.76,82.79,70.33,1.49,24.89,5.2,0.53,0,0.684,49.5,setup,poor,Work on symmetry.
SES_CRI_AVE_0018,athlete_50,85,cricket_bat,113.18,152.62,166.27,149.31,145.87,126.01,144.44,146.3,93.17,95.72,30.18,1.9,8.16,7.73,0.46,0,0.612,65.2,setup,average,Lower your hips.
SES_VER_POO_0003,athlete_24,43,vertical_jump,133.96,139.33,127.02,122.36,94.19,55.82,162.18,154.03,54.86,87.61,36.19,0,31.27,0.12,0.57,20.4,0.677,27.7,flight,poor,Adjust knee alignment.
SES_CRI_POO_0019,athlete_78,6,cricket_bat,121.14,150.45,178,178,129.33,124.59,145.85,177.02,85.24,80.06,66.41,4.08,27.58,1.97,0.3,0,0.562,47.4,setup,poor,Work on symmetry.
SES_SNA_AVE_0006,athlete_25,3,snatch,104.7,109.1,98.17,124.43,42.24,55.75,157.73,141.5,83.48,69.18,58.63,1.58,10.96,0.94,0.5,0,0.745,62.8,descent,average,Activate core more.
SES_VER_POO_0003,athlete_22,45,vertical_jump,119.62,140.51,144.23,148.02,74.77,112.59,155.76,160.93,93.71,65.42,48.82,3.62,11.76,0.76,0.44,20.6,0.648,32.2,takeoff,poor,LOWER HIPS!
SES_VER_ELI_0000,athlete_59,44,vertical_jump,83.34,94.56,97.02,93.88,56.04,63.18,100.99,116.98,89.91,82.89,12.81,1.12,49.23,4.89,0.49,53.9,0.915,96.7,landing,elite,Elite biomechanics detected.
SES_SPR_ELI_0008,athlete_55,67,sprint,58.0,38.05,95.87,79.23,64.18,81.6,83.05,104.9,59.38,71.06,16.53,0.85,37.87,4.03,0.63,0,0.745,91.9,descent,elite,Elite biomechanics detected.
SES_JAV_POO_0015,athlete_33,20,javelin,160.14,149.44,160.48,177.53,165.51,119.06,168.52,180,62.9,67.76,64.99,1.18,14.84,7.65,0.3,0,0.551,43.0,descent,poor,Critical form deviation.
SES_SNA_AVE_0006,athlete_51,68,snatch,100.6,109.84,125.05,112.48,42.82,104.82,147.74,149.26,86.5,80.81,59.16,2.23,22.41,0.43,0.44,0,0.765,62.8,setup,average,Lower your hips.
SES_SPR_ELI_0008,athlete_46,48,sprint,61.68,38.32,89.58,85.77,75.08,82.53,86.26,86.82,65.93,67.99,9.86,2.38,36.12,2.18,0.5,0,0.774,94.6,setup,elite,Great form! Maintain position.
SES_SPR_ELI_0008,athlete_06,12,sprint,47.1,41.34,78.84,104.13,71.65,86.01,83.36,98.4,75.6,60.06,15.53,2.42,26.87,-6.17,0.63,0,0.79,95.9,setup,elite,Great form! Maintain position.
SES_CRI_AVE_0018,athlete_79,51,cricket_bat,135.74,141.95,145.78,144.64,105.33,104.06,163.87,142.32,90.15,86.75,35.83,1.64,35.58,0.41,0.42,0,0.705,66.7,descent,average,Activate core more.
SES_VER_AVE_0002,athlete_62,0,vertical_jump,125.54,113.97,115.82,108.84,77.9,99.99,156.76,165.85,88.93,62.01,15.35,3.64,29.94,-1.11,0.37,41.2,0.754,58.7,takeoff,average,Control trunk lean.
SES_SPR_GOO_0009,athlete_62,80,sprint,71.28,49.05,97.01,107.09,79.85,88.52,96.66,113.45,98.78,67.62,30.14,0,16.31,-3.51,0.48,0,0.728,85.7,setup,good,Extend hips fully.
SES_SNA_POO_0007,athlete_14,70,snatch,123.37,120.96,123.07,157.73,61.85,61.24,137.57,160.73,69.26,57.59,80,2.4,25.17,0.41,0.42,0,0.648,20.8,descent,poor,Critical form deviation.
SES_CRI_GOO_0017,athlete_41,94,cricket_bat,129.7,130.92,143.39,146.71,112.51,109.2,141.62,156.14,81.66,88.48,29.19,1.18,24.12,2.47,0.53,0,0.77,79.9,descent,good,Slight asymmetry detected.
SES_CRI_ELI_0016,athlete_38,4,cricket_bat,104.87,124.21,147.64,146.15,92.56,82.4,158.21,133.92,88.8,92.28,17.05,1.57,37.13,-2.65,0.5,0,0.77,95.7,setup,elite,Elite biomechanics detected.
SES_SPR_AVE_0010,athlete_57,79,sprint,70.87,76.57,112.22,107.3,86.27,97.98,106.46,134.18,91.33,74.83,25.86,0.64,32.07,2.25,0.43,0,0.765,65.2,descent,average,Lower your hips.
SES_CRI_AVE_0018,athlete_03,81,cricket_bat,152.09,148.72,157.09,147.32,69.75,103.35,154.87,175.47,77.7,84.09,27.87,1.11,15.8,4.98,0.34,0,0.695,63.1,setup,average,Lower your hips.
SES_CRI_AVE_0018,athlete_21,59,cricket_bat,130.72,155.35,153.28,165.16,48.15,100.61,161.23,162.25,99.43,87.53,51.52,4.49,40.0,-1.92,0.46,0,0.651,58.7,setup,average,Lower your hips.
SES_JAV_AVE_0014,athlete_02,42,javelin,133.42,135.41,178,167.18,139.49,161.91,133.53,153.04,87.66,79.04,29.6,1.02,15.34,-2.17,0.41,0,0.657,61.4,setup,average,Control trunk lean.
SES_VER_POO_0003,athlete_35,7,vertical_jump,162.88,139.96,150.24,116.85,106.27,43.87,136.98,109.22,84.02,61.87,37.77,2.27,28.26,2.06,0.35,30.4,0.591,25.6,flight,poor,Adjust knee alignment.
SES_VER_ELI_0000,athlete_52,57,vertical_jump,98.18,84.22,88.48,104.76,47.47,58.85,117.3,140.37,70.08,91.68,7.95,1.9,40.02,1.24,0.48,57.5,0.871,95.2,landing,elite,Hold this form.
SES_JAV_GOO_0013,athlete_08,35,javelin,125.65,113.88,163.13,137.83,138.4,161.95,146.17,151.41,86.77,81.35,47.23,1.76,26.83,5.64,0.53,0,0.665,81.6,setup,good,Extend hips fully.
SES_SNA_ELI_0004,athlete_58,91,snatch,93.56,88.37,102.69,95.31,33.74,37.78,180,172.75,94.33,92.67,19.5,3.53,40.38,4.93,0.55,0,0.912,94.1,descent,elite,Elite biomechanics detected.
SES_VER_AVE_0002,athlete_02,24,vertical_jump,119.47,105.76,124.61,115.15,68.23,71.4,128.44,131.01,73.79,91.24,28.17,2.06,19.99,1.58,0.52,34.9,0.743,64.0,flight,average,Lower your hips.
SES_SNA_GOO_0005,athlete_56,40,snatch,85.14,82.09,126.6,113.02,29.53,66.13,168.36,166.43,90.42,85.22,36.52,4.24,24.33,-0.43,0.54,0,0.857,88.8,setup,good,"Good depth, push harder through the heels."
SES_VER_POO_0003,athlete_10,72,vertical_jump,90.4,151.1,136.59,157.91,92.94,48.57,153.86,169.12,54.1,70.37,25.65,2.79,30.26,2.06,0.54,25.1,0.539,35.1,setup,poor,Work on symmetry.
SES_SNA_POO_0007,athlete_30,40,snatch,136.62,139.23,117.73,141.95,80.85,65.13,131.67,161.76,87.84,106.64,52.36,1.3,10.42,1.57,0.46,0,0.663,42.4,descent,poor,LOWER HIPS!
SES_SNA_ELI_0004,athlete_07,88,snatch,92.55,90.74,102.5,96.11,41.08,37.47,180,180,105.89,89.48,26.21,0,34.23,1.93,0.51,0,0.925,94.2,setup,elite,Great form! Maintain position.
SES_SPR_ELI_0008,athlete_19,85,sprint,49.57,49.45,74.29,95.41,88.8,75.32,103.64,79.62,61.95,66.63,8.17,0,28.81,0.84,0.5,0,0.833,91.2,setup,elite,Hold this form.
SES_CRI_ELI_0016,athlete_03,37,cricket_bat,106.66,124.21,144.91,143.02,94.08,74.29,144.31,148.92,95.21,78.44,31.87,4.03,29.78,-0.03,0.63,0,0.774,98.8,descent,elite,Great form! Maintain position.
SES_SPR_GOO_0009,athlete_76,66,sprint,73.22,59.31,108.87,103.61,97.01,83.33,80.13,99.3,77.87,83.59,30.03,0.23,23.8,0.61,0.42,0,0.779,82.9,setup,good,Slight asymmetry detected.
SES_VER_GOO_0001,athlete_52,78,vertical_jump,85.33,101.34,101.42,101.48,68.26,68.8,151.75,122.39,94.75,70.03,8.81,2.34,31.77,6.32,0.48,49.7,0.832,77.6,descent,good,Slight asymmetry detected.
SES_SNA_POO_0007,athlete_29,55,snatch,138.6,117.46,146.24,127.27,51.73,70.64,180,170.69,56.09,72.55,56.23,4.99,27.3,4.97,0.48,0,0.635,36.9,descent,poor,Critical form deviation.
SES_CRI_AVE_0018,athlete_03,0,cricket_bat,138.12,148.42,150.8,153.94,99.71,119.43,173.55,178.63,91.4,88.52,36.36,1.1,35.1,2.99,0.57,0,0.693,68.1,descent,average,Lower your hips.
SES_SNA_POO_0007,athlete_79,47,snatch,112.66,101.31,119.19,134.2,81.61,96.91,126.22,132.05,81.53,60.28,58.8,0.89,39.15,8.11,0.36,0,0.656,42.9,descent,poor,Critical form deviation.
SES_SNA_ELI_0004,athlete_19,62,snatch,79.67,99.89,88.19,99.79,44.6,35.02,178.94,177.19,90.27,88.62,26.81,3.93,44.87,4.0,0.55,0,0.854,94.5,setup,elite,Hold this form.
SES_SPR_ELI_0008,athlete_07,54,sprint,57.5,45.38,82.75,85.35,86.9,73.51,80.08,82.16,74.04,67.44,18.44,1.38,28.55,7.86,0.56,0,0.828,96.2,descent,elite,Elite biomechanics detected.
SES_CRI_ELI_0016,athlete_28,43,cricket_bat,115.98,119.83,153.55,143.11,78.05,91.23,115.03,149.46,93.06,92.75,7.03,0,33.59,5.89,0.54,0,0.79,96.8,setup,elite,Great form! Maintain position.
SES_VER_POO_0003,athlete_35,22,vertical_jump,141.69,155.7,132.63,131.71,73.82,86.68,115.66,169.36,73.33,55.95,15.62,2.74,25.65,2.53,0.4,4.7,0.671,42.0,takeoff,poor,Work on symmetry.
SES_SNA_POO_0007,athlete_43,33,snatch,137.96,120.91,109.13,123.05,50.14,93.55,118.3,121.81,92.01,61.46,57.4,0.62,34.19,2.06,0.49,0,0.649,28.1,setup,poor,Critical form deviation.
SES_JAV_GOO_0013,athlete_35,5,javelin,110.55,114.82,163.37,178,144.91,161.2,149.24,148.34,59.07,85.44,44.23,3.24,42.93,2.47,0.47,0,0.704,86.8,setup,good,Extend hips fully.
SES_SNA_ELI_0004,athlete_23,76,snatch,101.95,89.86,106.53,91.85,47.0,49.32,172.24,180,89.62,84.41,15.56,3.31,32.96,2.61,0.57,0,0.873,93.9,descent,elite,Hold this form.
SES_CRI_ELI_0016,athlete_65,56,cricket_bat,118.69,130.2,152.05,151.14,72.73,89.08,136.74,175.58,90.8,94.32,18.68,1.51,25.73,1.68,0.49,0,0.792,99.9,descent,elite,Elite biomechanics detected.
SES_CRI_ELI_0016,athlete_35,34,cricket_bat,124.4,123.71,139.32,138.4,97.7,79.65,148.85,121.66,96.48,94.73,22.03,0.91,34.78,0.76,0.46,0,0.816,95.1,descent,elite,Elite biomechanics detected.
SES_SPR_GOO_0009,athlete_72,3,sprint,71.52,51.12,95.97,90.58,74.66,84.84,84.9,108.96,62.25,83.57,29.29,2.98,19.87,6.61,0.48,0,0.748,78.3,setup,good,Slight asymmetry detected.
SES_JAV_POO_0015,athlete_33,79,javelin,146.15,149.04,175.26,176.87,150.27,110.54,173.8,144.5,74.68,74.95,40.69,3.28,20.99,0.19,0.47,0,0.591,51.5,setup,poor,Adjust knee alignment.
SES_SPR_ELI_0008,athlete_55,45,sprint,56.68,50.1,87.63,92.59,71.3,77.77,84.39,86.02,80.45,61.73,12.75,1.5,44.22,7.29,0.49,0,0.849,92.0,setup,elite,Hold this form.
SES_SNA_AVE_0006,athlete_66,81,snatch,118.53,115.21,152.33,142.34,63.64,52.92,155.38,150.71,85.58,95.59,29.5,1.29,13.74,2.98,0.5,0,0.792,74,descent,average,Lower your hips.
SES_CRI_ELI_0016,athlete_59,66,cricket_bat,119.21,116.14,163.36,138.98,111.62,77.22,137.84,140.92,102.7,82.95,13.83,1.37,48.27,0.62,0.54,0,0.768,94.8,setup,elite,Elite biomechanics detected.
SES_JAV_POO_0015,athlete_27,50,javelin,131.49,135.71,156.89,163.4,130.25,109.99,139.78,112.32,93.56,42.96,65.34,1.34,19.81,4.95,0.49,0,0.579,36.1,setup,poor,Work on symmetry.
SES_CRI_ELI_0016,athlete_51,99,cricket_bat,120.54,128.39,143.65,124.05,90.38,74.8,139.51,124.68,88.06,90.25,12.19,0.35,26.64,0.01,0.45,0,0.761,90.8,descent,elite,Hold this form.
SES_CRI_GOO_0017,athlete_08,23,cricket_bat,130.52,138.52,151.06,133.45,98.5,84.61,174.86,172.64,84.17,83.2,16.72,0,14.91,0.33,0.37,0,0.728,82.8,setup,good,"Good depth, push harder through the heels."
SES_VER_ELI_0000,athlete_52,11,vertical_jump,87.2,89.08,87.14,96.65,65.86,66.44,124.86,132.99,93.21,97.74,13.76,3.61,30.22,5.35,0.54,59.8,0.924,94.2,setup,elite,Great form! Maintain position.
SES_VER_ELI_0000,athlete_53,23,vertical_jump,88.4,84.38,99.12,97.76,48.66,60.58,136.11,118.01,82.55,89.27,8.44,0.37,49.51,3.5,0.53,54.6,0.942,96.0,descent,elite,Elite biomechanics detected.
SES_JAV_AVE_0014,athlete_10,53,javelin,139.45,154.29,170.4,165.35,125.69,114.08,122.5,154.74,77.52,82.94,41.99,0.88,31.17,0.34,0.45,0,0.642,69.0,setup,average,Lower your hips.
SES_JAV_ELI_0012,athlete_66,24,javelin,94.15,112.11,143.39,140.19,164.36,164.8,128.17,133.49,73.69,92.84,33.35,1.3,32.13,3.37,0.55,0,0.725,93.2,descent,elite,Hold this form.
SES_VER_GOO_0001,athlete_79,50,vertical_jump,113.17,101.46,119.97,98.14,84.06,67.15,148.75,124.27,96.31,71.95,23.46,2.75,28.07,3.33,0.6,40.1,0.794,80.7,landing,good,Extend hips fully.
SES_SPR_POO_0011,athlete_74,34,sprint,119.26,79.83,110.83,139.94,116.49,120.62,134.83,176.35,81.98,85.71,52.91,4.02,32.82,-1.22,0.51,0,0.558,38.8,setup,poor,LOWER HIPS!
SES_VER_ELI_0000,athlete_01,59,vertical_jump,94.21,89.13,97.86,89.13,69.66,51.84,109.86,116.96,87.43,95.39,15.29,2.5,34.74,4.04,0.64,59.5,0.917,90.8,descent,elite,Great form! Maintain position.
SES_SNA_POO_0007,athlete_60,41,snatch,149.24,99.07,149.42,126.96,50.84,105.19,160.72,147.93,59.23,74.77,48.98,1.88,21.05,-0.49,0.38,0,0.574,49.0,setup,poor,Adjust knee alignment.
SES_SPR_POO_0011,athlete_23,72,sprint,87.01,74.26,131.91,126.06,89.1,117.39,110.29,118.57,80.94,87.24,26.17,2.81,28.87,2.77,0.42,0,0.663,44.8,setup,poor,Adjust knee alignment.
SES_JAV_GOO_0013,athlete_52,4,javelin,99.08,121.13,141.28,167.87,154.66,173.29,114.94,130.37,76.76,80.97,38.09,1.43,32.17,4.16,0.51,0,0.638,79.8,setup,good,Slight asymmetry detected.
SES_JAV_GOO_0013,athlete_47,63,javelin,77.39,121.4,152.02,151.03,134.92,162.45,140.14,121.52,95.65,78.43,41.81,4.21,29.91,-2.0,0.48,0,0.629,78.2,setup,good,Slight asymmetry detected.
SES_JAV_ELI_0012,athlete_07,36,javelin,113.51,113.84,148.38,144.47,179.07,170.87,128.4,127.74,79.87,83.26,40.58,2.85,27.95,4.15,0.53,0,0.771,92.0,setup,elite,Hold this form.
SES_CRI_AVE_0018,athlete_51,82,cricket_bat,119.06,134.16,149.6,156.08,106.49,129.4,172.79,153.38,70.78,76.96,38.05,3.46,25.58,7.86,0.47,0,0.674,65.8,descent,average,Lower your hips.
SES_JAV_POO_0015,athlete_01,61,javelin,164.03,150.95,161.21,178,108.32,136.66,132.28,180,77.72,60.87,80,3.08,27.0,3.18,0.51,0,0.548,36.9,descent,poor,Adjust knee alignment.
SES_SNA_AVE_0006,athlete_75,84,snatch,106.9,110.86,131.05,129.55,104.71,61.65,178.64,174.06,53.17,85.95,58.35,1.22,38.55,-2.75,0.5,0,0.806,66.6,setup,average,Control trunk lean.
SES_VER_ELI_0000,athlete_12,94,vertical_jump,79.56,90.47,101.3,100.66,52.13,71.34,105.75,104.66,85.92,99.52,16.52,2.12,31.65,6.32,0.54,68.3,0.922,92.8,takeoff,elite,Elite biomechanics detected.
SES_SNA_GOO_0005,athlete_21,12,snatch,95.99,98.21,109.99,99.64,57.29,51.09,180,177.47,75.05,93.02,35.63,3.59,20.05,1.31,0.41,0,0.865,82.3,setup,good,"Good depth, push harder through the heels."
SES_JAV_POO_0015,athlete_49,12,javelin,151.03,142.39,155.83,178,125.08,117.57,180,130.44,52.85,82.83,61.62,1.67,15.37,4.02,0.3,0,0.545,35.0,setup,poor,LOWER HIPS!
SES_SPR_GOO_0009,athlete_70,52,sprint,56.93,60.88,117.6,99.8,85.84,79.81,90.4,68.45,75.92,47.22,17.76,1.32,32.32,2.93,0.39,0,0.785,84.7,descent,good,Slight asymmetry detected.
SES_SNA_AVE_0006,athlete_09,48,snatch,110.28,108.51,142.06,144.47,27.34,72.33,176.51,164.89,79.96,85.96,51.46,1.42,26.74,6.16,0.42,0,0.81,71.0,setup,average,Control trunk lean.
SES_SNA_AVE_0006,athlete_80,4,snatch,108.29,88.88,114.04,129.06,63.19,44.17,180,169.21,56.41,85.96,30.14,3.55,19.77,-3.2,0.47,0,0.731,64.9,descent,average,Lower your hips.
SES_SPR_POO_0011,athlete_52,92,sprint,83.28,87.31,178,129.79,108.99,77.21,115.11,134.54,82.04,94.74,22.09,0,24.79,-7.26,0.4,0,0.625,30.8,descent,poor,Adjust knee alignment.
SES_CRI_ELI_0016,athlete_75,26,cricket_bat,126.67,140.26,141.03,135.59,92.32,105.17,134.27,119.94,106.47,90.11,19.04,2.42,34.67,0.35,0.5,0,0.779,96.4,descent,elite,Hold this form.
SES_JAV_ELI_0012,athlete_07,33,javelin,102.98,97.15,134.9,155.59,159.84,161.04,140.21,114.33,90.29,85.31,38.01,0.52,37.99,2.03,0.58,0,0.723,98.4,setup,elite,Great form! Maintain position.
SES_VER_AVE_0002,athlete_63,47,vertical_jump,108.67,112.8,108.72,126.68,89.97,106.66,148.55,155.79,66.82,82.09,25.75,0,31.85,7.04,0.47,44.6,0.746,68.9,landing,average,Activate core more.
SES_SPR_GOO_0009,athlete_69,19,sprint,51.47,54.98,124.8,88.26,79.75,94.42,97.0,94.01,81.44,71.81,14.85,1.57,25.73,-0.13,0.59,0,0.743,80.7,setup,good,"Good depth, push harder through the heels."
SES_JAV_AVE_0014,athlete_13,15,javelin,105.36,131.6,157.97,167.5,155.37,150.91,172.74,152.26,88.47,62.12,50.2,3.12,34.68,-0.7,0.67,0,0.603,68.8,descent,average,Control trunk lean.
SES_VER_GOO_0001,athlete_35,75,vertical_jump,102.53,102.21,96.79,104.74,65.41,80.59,106.34,137.21,80.54,85.13,24.61,0.07,29.26,2.96,0.48,45.8,0.856,80.0,takeoff,good,Slight asymmetry detected.
SES_CRI_POO_0019,athlete_07,51,cricket_bat,133.02,165.42,157.32,175.44,140.52,131.99,180,180,60.18,69.55,28.52,0.74,22.11,1.2,0.42,0,0.53,47.4,descent,poor,LOWER HIPS!
SES_VER_GOO_0001,athlete_13,30,vertical_jump,70.14,106.69,75.33,116.57,60.22,93.16,136.32,125.04,102.42,76.08,15.88,2.48,19.08,-1.73,0.58,47.1,0.671,82.1,flight,good,"Good depth, push harder through the heels."
SES_VER_ELI_0000,athlete_14,15,vertical_jump,88.45,87.19,92.3,97.53,45.49,45.44,111.96,114.1,88.19,98.28,10.6,2.9,39.93,6.31,0.47,69.0,0.94,90.9,descent,elite,Great form! Maintain position.
SES_VER_AVE_0002,athlete_36,15,vertical_jump,108.15,100.78,124.55,126.59,71.35,70.58,127.38,125.96,78.61,70.56,22.79,0,26.97,-0.35,0.54,34.3,0.775,71.7,descent,average,Control trunk lean.
SES_VER_POO_0003,athlete_17,89,vertical_jump,118.89,162.92,156.29,138.16,81.97,112.62,162.81,172.44,78.68,65.54,66.21,1.26,27.48,4.86,0.51,17.0,0.584,37.4,landing,poor,Critical form deviation.
SES_VER_POO_0003,athlete_05,19,vertical_jump,135.8,140.81,121.51,141.6,108.02,110.58,148.44,166.84,47.08,58.72,43.9,2.13,31.89,5.94,0.51,22.7,0.647,33.9,descent,poor,Adjust knee alignment.
SES_SPR_POO_0011,athlete_18,25,sprint,87.85,91.96,134.19,143.42,106.14,84.28,122.06,111.97,101.08,117.3,52.26,0.47,34.51,-5.07,0.56,0,0.687,40.1,descent,poor,LOWER HIPS!
SES_VER_GOO_0001,athlete_59,7,vertical_jump,88.91,106.2,118.95,87.2,64.38,72.94,131.89,152.01,86.64,73.94,2.17,0.75,13.15,-2.92,0.56,45.3,0.751,87.5,setup,good,Extend hips fully.
SES_SNA_GOO_0005,athlete_50,99,snatch,93.31,103.43,100.74,125.28,52.61,56.35,152.3,171.71,79.13,94.11,32.68,2.7,20.82,5.05,0.49,0,0.812,78.1,setup,good,Extend hips fully.
SES_VER_GOO_0001,athlete_02,93,vertical_jump,110.88,111.66,113.8,97.59,55.6,63.64,127.74,107.85,88.83,80.18,27.04,0,19.25,4.79,0.57,54.7,0.835,78.8,flight,good,Slight asymmetry detected.
SES_SNA_POO_0007,athlete_01,76,snatch,154.45,83.28,153.41,146.26,98.72,95.53,161.64,138.15,73.31,66.25,37.4,3.18,23.17,-0.25,0.4,0,0.568,54,setup,poor,Work on symmetry.
SES_VER_AVE_0002,athlete_80,39,vertical_jump,126.4,84.6,104.63,112.93,101.1,71.64,109.96,155.71,76.64,76.96,31.71,1.35,28.9,-0.45,0.56,32.5,0.679,61.6,descent,average,Control trunk lean.
SES_SNA_ELI_0004,athlete_14,73,snatch,68.68,95.77,88.27,115.68,37.49,40.76,174.23,179.28,82.53,91.58,17.13,0.09,26.71,-1.48,0.62,0,0.794,92.9,setup,elite,Great form! Maintain position.
SES_CRI_AVE_0018,athlete_14,93,cricket_bat,163.17,143.66,141.51,141.94,112.28,120.37,146.28,144.95,82.12,94.61,39.11,0.75,39.09,3.99,0.56,0,0.683,62.3,descent,average,Activate core more.
SES_CRI_GOO_0017,athlete_36,15,cricket_bat,148.57,120.07,134.38,148.61,114.27,103.5,145.0,153.26,79.09,90.93,29.38,0.02,43.39,6.02,0.51,0,0.694,85.8,setup,good,"Good depth, push harder through the heels."
SES_SPR_ELI_0008,athlete_67,16,sprint,49.37,51.39,92.65,91.2,73.9,75.85,94.33,91.21,70.81,74.66,13.77,2.88,33.19,-1.28,0.55,0,0.884,95.2,descent,elite,Elite biomechanics detected.
SES_SNA_POO_0007,athlete_61,91,snatch,130.69,139.47,165.93,146.78,96.57,101.58,131.98,148.45,60.59,75.44,22.54,3.71,19.89,-1.56,0.39,0,0.666,46.0,setup,poor,Work on symmetry.
SES_JAV_POO_0015,athlete_52,57,javelin,123.14,110.84,166.54,168.03,138.99,136.84,163.1,180,53.14,75.0,66.34,2.36,16.91,-2.16,0.5,0,0.567,27.5,setup,poor,Critical form deviation.
SES_VER_AVE_0002,athlete_79,67,vertical_jump,107.44,118.51,118.75,133.66,60.66,56.51,141.32,171.06,91.9,79.25,34.93,4.46,13.75,1.96,0.48,34.1,0.739,66.7,takeoff,average,Control trunk lean.
SES_SNA_GOO_0005,athlete_14,65,snatch,92.32,87.0,120.26,95.03,49.3,60.77,176.85,172.78,99.5,92.44,25.2,1.19,31.79,5.07,0.46,0,0.82,84.5,setup,good,Slight asymmetry detected.
SES_JAV_POO_0015,athlete_30,22,javelin,149.53,130.38,170.63,158.39,88.42,124.16,180,160.45,83.36,62.25,48.28,1.21,34.4,1.22,0.51,0,0.54,34.1,descent,poor,Work on symmetry.
SES_SNA_POO_0007,athlete_36,94,snatch,104.51,128.5,139.86,151.06,71.72,68.32,144.27,151.33,73.17,76.62,80,1.28,23.05,3.48,0.37,0,0.642,43.2,setup,poor,Work on symmetry.
SES_VER_GOO_0001,athlete_02,58,vertical_jump,113.43,120.42,122.9,102.47,85.99,69.06,158.09,129.61,92.36,90.98,21.12,1.0,40.02,-1.53,0.55,46.8,0.813,80.7,descent,good,Slight asymmetry detected.
SES_CRI_POO_0019,athlete_61,97,cricket_bat,175,159.88,143.04,178,137.27,127.38,144.53,165.66,66.69,85.63,62.96,2.82,35.83,0.09,0.48,0,0.535,43.0,descent,poor,Critical form deviation.
SES_SPR_POO_0011,athlete_36,61,sprint,92.94,68.06,168.28,139.48,96.57,74.58,88.17,106.95,105.19,90.54,59.06,2.58,27.65,7.12,0.41,0,0.588,34.5,setup,poor,Critical form deviation.
SES_JAV_AVE_0014,athlete_44,6,javelin,128.44,132.56,157.11,173.94,125.68,147.97,151.76,126.99,99.03,75.52,47.97,0.39,31.29,6.41,0.45,0,0.642,71.0,setup,average,Activate core more.
SES_CRI_POO_0019,athlete_33,5,cricket_bat,149.83,143.43,156.25,176.88,124.51,114.46,145.05,175.7,69.49,81.87,59.27,2.93,5.49,-1.19,0.6,0,0.572,39.1,descent,poor,Adjust knee alignment.
SES_SNA_POO_0007,athlete_38,84,snatch,121.71,145.1,133.18,155.56,75.49,86.53,174.19,148.14,82.82,69.3,42.86,3.94,30.2,1.69,0.47,0,0.628,41.9,setup,poor,Critical form deviation.
SES_CRI_ELI_0016,athlete_46,57,cricket_bat,120.78,138.35,140.07,131.06,101.84,78.78,127.61,145.79,79.23,97.59,27.53,0,49.85,1.33,0.47,0,0.763,95.6,setup,elite,Great form! Maintain position.
SES_VER_POO_0003,athlete_45,56,vertical_jump,142.23,134.52,153.48,144.26,124.65,98.57,167.87,164.25,58.2,59.96,38.64,0.36,39.39,1.42,0.55,19.3,0.666,29.7,landing,poor,Critical form deviation.
SES_VER_POO_0003,athlete_78,40,vertical_jump,132.75,138.64,173.36,152.71,118.3,136.59,158.61,142.24,56.88,76.21,45.36,1.28,26.21,-0.41,0.45,8.3,0.652,28.0,setup,poor,Adjust knee alignment.
SES_SPR_ELI_0008,athlete_13,90,sprint,42.71,52.85,93.73,96.89,64.55,72.81,88.47,84.21,76.86,64.33,6.25,2.1,33.56,-2.41,0.44,0,0.833,91.9,setup,elite,Great form! Maintain position.
SES_CRI_GOO_0017,athlete_62,39,cricket_bat,147.39,124.26,152.98,136.86,99.95,88.15,136.32,137.51,85.78,86.66,37.69,5.18,12.44,1.23,0.57,0,0.701,86.6,descent,good,Slight asymmetry detected.
SES_VER_ELI_0000,athlete_57,14,vertical_jump,94.14,93.52,88.97,93.32,64.08,70.87,118.48,133.84,77.94,81.77,20.01,0.37,42.02,3.73,0.52,58.7,0.944,93.7,flight,elite,Hold this form.
SES_VER_POO_0003,athlete_19,80,vertical_jump,138.11,142.04,139.49,145.53,60.74,55.61,139.13,164.01,71.99,62.31,26.13,2.39,21.59,3.32,0.31,17.6,0.679,24.8,takeoff,poor,LOWER HIPS!
SES_SNA_AVE_0006,athlete_42,69,snatch,97.04,109.54,130.67,138.32,73.81,55.77,169.06,178.29,92.3,95.15,25.18,2.01,30.51,-0.79,0.45,0,0.769,60.7,setup,average,Lower your hips.
SES_SNA_ELI_0004,athlete_43,27,snatch,100.35,87.71,103.4,107.22,35.4,37.91,180,180,81.85,80.09,20.74,2.14,32.44,1.27,0.54,0,0.902,95.8,descent,elite,Great form! Maintain position.
SES_SNA_ELI_0004,athlete_61,9,snatch,90.07,89.65,107.19,101.08,48.28,42.3,180,176.36,76.53,91.01,22.43,1.57,38.43,7.16,0.48,0,0.932,97.1,descent,elite,Elite biomechanics detected.
SES_JAV_GOO_0013,athlete_61,86,javelin,113.88,131.1,133.27,160.22,154.1,159.34,129.86,143.55,62.67,86.23,31.78,5.32,35.19,-3.79,0.52,0,0.65,78.3,setup,good,"Good depth, push harder through the heels."
SES_JAV_ELI_0012,athlete_42,65,javelin,106.25,104.13,161.64,144.62,167.64,171.93,113.83,138.0,89.29,85.43,43.0,3.79,28.21,0.72,0.43,0,0.742,95.8,descent,elite,Great form! Maintain position.
SES_CRI_AVE_0018,athlete_62,15,cricket_bat,143.21,134.49,146.71,145.26,114.39,91.3,174.0,170.82,71.18,83.01,48.41,2.02,27.27,-0.17,0.58,0,0.699,63.7,setup,average,Control trunk lean.
SES_VER_GOO_0001,athlete_72,85,vertical_jump,80.81,103.49,93.64,109.43,61.21,70.01,118.15,127.23,85.89,82.43,23.92,3.22,14.63,0.59,0.6,56.6,0.771,83.3,setup,good,Extend hips fully.
SES_VER_ELI_0000,athlete_06,63,vertical_jump,85.69,93.05,97.44,89.92,63.36,53.11,119.4,116.08,90.41,87.66,12.51,2.29,32.22,5.88,0.45,50.9,0.913,93.0,takeoff,elite,Hold this form.
SES_SPR_ELI_0008,athlete_19,30,sprint,46.52,48.03,113.59,104.08,64.95,79.17,83.57,94.78,76.72,75.49,10.02,5.19,35.44,2.68,0.62,0,0.865,93.1,setup,elite,Great form! Maintain position.
SES_SNA_AVE_0006,athlete_19,39,snatch,124.54,118.64,117.34,121.1,78.91,81.43,149.65,173.53,86.37,83.69,25.68,0,29.08,-5.04,0.47,0,0.796,63.0,setup,average,Control trunk lean.
SES_VER_GOO_0001,athlete_68,70,vertical_jump,103.02,107.34,113.79,105.62,60.65,54.91,130.23,154.61,88.25,80.49,15.65,2.65,17.07,4.67,0.56,55.3,0.846,80.6,descent,good,Extend hips fully.
SES_VER_ELI_0000,athlete_51,99,vertical_jump,97.87,85.09,102.42,96.76,51.71,67.85,119.34,137.85,65.96,83.93,4.04,0.39,43.54,0.03,0.47,53.8,0.904,93.1,descent,elite,Hold this form.
SES_CRI_POO_0019,athlete_41,2,cricket_bat,136.79,168.83,168.53,162.68,148.13,89.82,125.64,169.36,100.34,59.15,28.94,2.45,36.59,3.99,0.55,0,0.553,33.8,setup,poor,Work on symmetry.
SES_VER_ELI_0000,athlete_21,37,vertical_jump,94.63,91.16,94.15,96.1,52.18,64.38,136.18,110.94,73.21,78.36,13.43,3.6,34.84,5.11,0.4,50.0,0.943,95.5,descent,elite,Great form! Maintain position.
SES_SNA_GOO_0005,athlete_46,41,snatch,107.65,100.19,111.94,115.81,38.4,58.69,164.54,164.99,78.2,88.07,25.22,1.21,23.2,4.07,0.48,0,0.869,85.9,descent,good,Extend hips fully.
SES_CRI_AVE_0018,athlete_25,77,cricket_bat,156.02,142.65,135.96,167.99,109.0,109.36,153.91,147.17,124.93,75.21,48.5,1.93,25.62,-3.01,0.46,0,0.637,59.9,setup,average,Activate core more.
SES_SPR_POO_0011,athlete_13,89,sprint,86.72,94.21,112.27,112.75,114.24,126.16,150.09,122.59,84.97,78.17,45.14,4.14,18.95,3.42,0.45,0,0.695,30.6,setup,poor,Work on symmetry.
SES_SPR_ELI_0008,athlete_22,61,sprint,56.29,53.37,103.38,90.96,76.63,78.67,69.73,80.22,61.77,72.28,6.73,4.69,49.78,-2.17,0.52,0,0.848,96.3,descent,elite,Elite biomechanics detected.
SES_JAV_GOO_0013,athlete_65,78,javelin,116.08,125.7,165.06,165.29,135.23,159.98,131.71,132.19,92.45,82.14,47.69,2.47,23.06,5.58,0.42,0,0.717,81.5,descent,good,"Good depth, push harder through the heels."
SES_SNA_POO_0007,athlete_07,67,snatch,125.64,116.6,155.31,156.35,87.07,61.7,168.97,143.87,83.09,80.64,66.78,2.39,30.04,5.45,0.44,0,0.696,26.3,setup,poor,Work on symmetry.
SES_JAV_POO_0015,athlete_07,51,javelin,142.38,160.87,161.57,159.63,133.26,156.23,177.91,133.14,72.16,56.08,28.18,1.12,9.5,5.07,0.36,0,0.562,36.1,setup,poor,LOWER HIPS!
SES_CRI_ELI_0016,athlete_56,51,cricket_bat,114.55,117.33,152.87,138.18,81.08,89.89,121.2,117.55,90.89,98.18,9.71,1.24,28.57,1.57,0.58,0,0.784,93.9,descent,elite,Elite biomechanics detected.
SES_VER_AVE_0002,athlete_16,25,vertical_jump,106.35,106.23,120.44,113.51,79.71,83.69,118.37,167.3,97.92,88.72,4.52,4.43,29.77,5.05,0.51,36.1,0.782,73.0,flight,average,Lower your hips.
SES_SNA_ELI_0004,athlete_60,84,snatch,93.34,79.84,109.1,98.38,35.76,52.16,176.78,179.21,94.95,90.75,18.81,0.79,35.75,0.49,0.52,0,0.877,95.3,descent,elite,Great form! Maintain position.
SES_SNA_ELI_0004,athlete_66,29,snatch,81.93,94.78,98.41,106.23,36.47,51.73,180,180,92.04,91.17,17.36,0,19.32,0.02,0.47,0,0.887,96.9,descent,elite,Great form! Maintain position.
SES_VER_POO_0003,athlete_22,95,vertical_jump,157.65,130.24,124.88,136.91,101.69,90.08,180,151.33,65.26,62.22,42.57,2.25,25.24,3.94,0.34,38.6,0.621,45.3,setup,poor,Critical form deviation.
SES_SNA_GOO_0005,athlete_45,79,snatch,91.29,102.99,111.73,109.35,37.45,53.66,171.68,166.5,80.03,91.21,24.14,0,24.93,2.77,0.59,0,0.86,75,descent,good,Extend hips fully.
SES_VER_ELI_0000,athlete_68,4,vertical_jump,94.05,94.06,94.69,87.04,51.8,56.2,128.18,119.89,87.84,81.23,3.61,2.1,37.96,0.68,0.56,68.2,0.936,92.5,takeoff,elite,Elite biomechanics detected.
SES_SPR_AVE_0010,athlete_56,24,sprint,53.17,67.95,104.96,149.97,110.16,81.52,98.2,113.39,111.35,77.03,28.1,2.48,37.96,-0.62,0.56,0,0.645,63.5,setup,average,Lower your hips.
SES_JAV_AVE_0014,athlete_12,47,javelin,125.47,141.89,157.3,140.24,129.5,140.08,111.02,144.85,84.61,93.0,62.27,1.79,13.43,-2.16,0.44,0,0.613,60.5,descent,average,Activate core more.
SES_JAV_ELI_0012,athlete_65,3,javelin,113.11,101.16,141.71,152.14,168.5,170.18,117.07,137.4,67.31,78.32,26.05,0.24,28.25,3.14,0.49,0,0.728,92.8,descent,elite,Elite biomechanics detected.
SES_SNA_POO_0007,athlete_14,42,snatch,157.79,142.14,125.86,134.64,13.37,81.89,141.56,126.95,78.03,76.33,48.73,1.73,28.57,-0.25,0.39,0,0.671,51.6,descent,poor,LOWER HIPS!
SES_JAV_POO_0015,athlete_19,68,javelin,175,149.11,159.28,160.77,116.55,161.45,176.78,177.06,79.86,62.65,48.67,0.39,26.92,6.12,0.49,0,0.553,42.9,descent,poor,Critical form deviation.
SES_SNA_ELI_0004,athlete_12,64,snatch,92.1,89.67,91.85,93.25,48.91,36.14,180,176.65,91.5,86.66,24.28,2.35,27.73,8.44,0.54,0,0.938,96.7,descent,elite,Elite biomechanics detected.
SES_CRI_ELI_0016,athlete_59,25,cricket_bat,127.21,120.26,141.44,150.64,95.23,102.22,153.12,150.45,84.37,94.69,4.09,4.81,22.79,1.28,0.51,0,0.785,99.3,descent,elite,Great form! Maintain position.
SES_VER_GOO_0001,athlete_74,59,vertical_jump,107.14,102.54,91.4,96.74,74.35,52.78,112.31,163.82,83.53,81.11,11.26,1.36,23.58,1.16,0.57,40.0,0.851,85.0,descent,good,Slight asymmetry detected.
SES_CRI_GOO_0017,athlete_69,99,cricket_bat,139.82,136.64,130.24,141.96,97.72,90.74,131.48,166.24,100.57,105.16,39.52,3.5,17.29,4.08,0.55,0,0.748,84.4,descent,good,Extend hips fully.
SES_JAV_ELI_0012,athlete_47,90,javelin,89.89,109.86,153.7,136.67,168.01,155.61,128.67,136.96,80.76,78.27,45.33,3.53,35.73,-0.93,0.53,0,0.692,91.9,setup,elite,Elite biomechanics detected.
SES_VER_GOO_0001,athlete_07,94,vertical_jump,87.99,96.64,105.72,105.56,82.08,66.65,129.54,95.4,74.81,79.33,13.41,3.29,19.17,-0.85,0.52,48.2,0.853,82.8,flight,good,Extend hips fully.
SES_VER_AVE_0002,athlete_58,96,vertical_jump,103.37,102.36,120.35,100.57,81.2,65.97,163.71,125.84,72.14,62.64,22.04,2.23,18.88,4.36,0.35,31.9,0.748,55.8,takeoff,average,Control trunk lean.
SES_CRI_ELI_0016,athlete_40,16,cricket_bat,134.08,117.1,139.92,133.21,93.85,100.27,169.31,143.79,93.59,77.75,22.31,1.4,36.38,1.42,0.55,0,0.768,95.8,setup,elite,Elite biomechanics detected.
SES_SPR_GOO_0009,athlete_12,8,sprint,49.62,62.42,136.6,102.5,55.98,69.25,82.53,102.9,92.83,82.48,11.51,3.19,20.63,0.63,0.51,0,0.714,76.7,setup,good,Extend hips fully.
SES_VER_AVE_0002,athlete_43,36,vertical_jump,122.0,110.35,119.6,128.11,81.63,86.28,127.02,160.48,63.93,72.66,3.64,2.24,20.68,-3.31,0.56,36.9,0.751,66.2,setup,average,Lower your hips.
SES_VER_POO_0003,athlete_61,85,vertical_jump,149.51,130.87,129.86,139.38,76.58,81.35,140.06,173.35,42.35,72.41,21.19,0.88,23.33,2.31,0.39,4.5,0.642,54,landing,poor,LOWER HIPS!
SES_JAV_AVE_0014,athlete_29,98,javelin,126.9,127.88,158.01,151.64,136.77,129.75,165.36,140.88,70.58,62.4,67.23,2.41,40.54,6.43,0.42,0,0.666,65.2,descent,average,Lower your hips.
SES_VER_GOO_0001,athlete_11,11,vertical_jump,90.34,106.7,122.6,110.42,91.89,81.89,88.5,123.72,85.67,94.15,27.82,0,18.67,0.34,0.43,35.4,0.804,85.8,flight,good,Extend hips fully.
SES_SPR_POO_0011,athlete_12,90,sprint,75.39,99.27,129.21,150.56,105.43,78.01,132.33,122.2,76.66,77.28,64.5,3.69,20.66,-1.14,0.59,0,0.605,47.8,setup,poor,Work on symmetry.
SES_JAV_ELI_0012,athlete_02,63,javelin,103.74,100.0,146.07,160.39,152.45,162.97,120.16,136.68,93.18,99.12,40.54,2.34,39.39,2.17,0.53,0,0.742,96.2,setup,elite,Elite biomechanics detected.
SES_VER_ELI_0000,athlete_50,64,vertical_jump,81.61,94.72,90.92,90.4,64.33,61.42,131.09,113.48,83.48,88.56,10.68,0.27,37.82,4.0,0.47,61.3,0.917,96.3,takeoff,elite,Elite biomechanics detected.
SES_SPR_GOO_0009,athlete_70,51,sprint,60.75,56.38,99.98,111.09,90.05,92.7,75.61,87.9,100.37,84.58,21.97,1.16,31.25,2.43,0.59,0,0.798,78.9,setup,good,"Good depth, push harder through the heels."
SES_JAV_POO_0015,athlete_27,31,javelin,130.8,159.92,163.38,165.88,81.82,135.25,180,180,105.66,76.6,38.17,0,21.29,4.73,0.6,0,0.541,46.4,setup,poor,LOWER HIPS!
SES_SPR_AVE_0010,athlete_02,23,sprint,51.28,62.93,133.16,125.95,97.56,116.81,117.96,127.18,83.63,78.49,35.34,0.05,34.88,0.67,0.37,0,0.728,66.4,setup,average,Control trunk lean.
SES_JAV_POO_0015,athlete_01,18,javelin,135.65,142.82,178,161.64,145.15,145.43,157.61,165.35,73.67,64.42,60.09,2.17,34.18,1.87,0.31,0,0.557,31.0,descent,poor,LOWER HIPS!
SES_CRI_GOO_0017,athlete_32,90,cricket_bat,128.43,120.6,115.81,140.19,79.07,97.8,153.45,128.18,94.88,82.15,17.6,0,35.36,0.54,0.58,0,0.71,89,descent,good,"Good depth, push harder through the heels."
SES_VER_ELI_0000,athlete_51,27,vertical_jump,90.75,93.44,98.4,91.0,75.19,60.51,110.96,104.43,78.98,89.98,6.82,4.09,44.75,3.4,0.51,64.8,0.929,95.3,flight,elite,Elite biomechanics detected.
SES_VER_ELI_0000,athlete_62,79,vertical_jump,90.46,89.39,77.21,87.63,59.72,61.33,127.82,120.7,77.18,84.75,10.88,0.64,32.44,3.26,0.46,55.4,0.921,94.3,descent,elite,Hold this form.
SES_CRI_POO_0019,athlete_65,58,cricket_bat,163.36,148.25,166.08,154.31,111.11,135.53,109.62,145.74,82.43,89.95,54.52,3.63,28.56,0.95,0.5,0,0.571,20,descent,poor,Critical form deviation.
SES_SPR_AVE_0010,athlete_80,9,sprint,57.25,62.09,108.36,127.8,100.62,96.99,101.89,91.52,104.19,84.74,32.22,0.99,20.67,1.3,0.4,0,0.731,70.5,setup,average,Lower your hips.
SES_SPR_POO_0011,athlete_28,5,sprint,99.18,87.68,123.64,133.59,118.58,116.4,77.74,161.12,108.75,86.27,58.46,1.38,20.66,3.06,0.39,0,0.663,46.7,setup,poor,Critical form deviation.
SES_SNA_ELI_0004,athlete_45,99,snatch,95.04,83.86,111.82,97.47,48.07,37.88,164.13,180,88.84,99.6,21.37,2.4,27.72,1.65,0.48,0,0.876,93.3,descent,elite,Hold this form.
SES_SPR_POO_0011,athlete_62,14,sprint,75.24,95.44,153.05,131.17,150.13,101.92,158.75,109.69,97.41,96.2,27.02,2.24,26.88,-2.05,0.48,0,0.614,25.3,descent,poor,LOWER HIPS!
SES_SNA_AVE_0006,athlete_18,88,snatch,78.11,123.64,134.81,129.74,52.97,52.52,133.64,154.7,97.71,96.62,46.47,1.12,44.85,-2.2,0.52,0,0.698,67.9,setup,average,Activate core more.
SES_CRI_AVE_0018,athlete_18,80,cricket_bat,154.68,170.48,143.14,157.62,113.86,110.44,180,159.65,91.48,98.28,35.93,0,22.65,3.06,0.52,0,0.665,59.5,descent,average,Activate core more.
SES_CRI_GOO_0017,athlete_75,3,cricket_bat,121.57,120.61,113.87,151.78,91.63,90.92,168.36,142.96,94.98,84.87,23.62,1.51,19.23,0.11,0.51,0,0.703,88.5,descent,good,Extend hips fully.
SES_SNA_GOO_0005,athlete_76,73,snatch,81.33,101.98,126.24,121.6,53.67,35.14,180,154.26,94.9,79.85,31.84,2.61,13.0,4.33,0.52,0,0.828,81.0,setup,good,Slight asymmetry detected.
SES_VER_ELI_0000,athlete_10,34,vertical_jump,86.19,90.22,85.86,89.95,67.05,56.35,106.52,113.29,89.26,81.82,10.4,1.78,38.54,1.66,0.53,46.8,0.933,96.6,descent,elite,Hold this form.
SES_JAV_GOO_0013,athlete_32,27,javelin,110.87,120.07,160.54,168.73,175.84,160.9,159.94,127.69,91.89,78.95,44.77,1.69,9.61,3.24,0.48,0,0.702,81.4,setup,good,Extend hips fully.
SES_SNA_POO_0007,athlete_10,48,snatch,133.75,122.16,122.18,155.0,69.2,85.83,144.76,155.47,30.61,72.48,62.33,3.97,33.7,5.06,0.47,0,0.63,38.8,setup,poor,LOWER HIPS!
SES_JAV_GOO_0013,athlete_41,30,javelin,126.53,115.92,163.18,162.25,175.1,159.45,159.74,145.89,95.16,80.53,38.39,0,30.05,2.04,0.48,0,0.713,78.1,descent,good,"Good depth, push harder through the heels."
SES_JAV_GOO_0013,athlete_09,7,javelin,116.03,102.85,159.2,150.55,154.86,151.26,145.45,128.17,84.49,81.81,40.23,0.78,14.44,4.47,0.53,0,0.69,81.3,descent,good,Extend hips fully.
SES_SNA_POO_0007,athlete_64,36,snatch,125.87,145.63,178,153.94,34.32,97.19,151.46,129.87,57.67,75.78,60.92,0.27,16.82,3.77,0.59,0,0.639,32.6,descent,poor,LOWER HIPS!
SES_SNA_POO_0007,athlete_63,17,snatch,97.66,115.16,133.66,151.15,86.52,73.53,154.51,146.77,80.36,69.2,80,1.9,37.96,6.31,0.4,0,0.64,41.8,setup,poor,Adjust knee alignment.
SES_CRI_GOO_0017,athlete_12,24,cricket_bat,127.93,154.35,142.48,147.63,110.75,88.22,143.56,147.72,74.36,90.51,15.25,3.11,24.64,2.62,0.52,0,0.718,80.6,setup,good,"Good depth, push harder through the heels."
SES_SPR_GOO_0009,athlete_76,79,sprint,57.36,51.79,125.8,77.33,86.71,83.46,112.57,92.1,68.21,75.27,19.12,2.17,27.45,2.0,0.47,0,0.705,84.9,descent,good,"Good depth, push harder through the heels."
SES_SNA_ELI_0004,athlete_02,95,snatch,90.57,91.8,89.8,90.51,48.93,54.83,172.1,173.45,89.85,90.49,27.5,0.17,40.81,5.98,0.54,0,0.944,97.0,descent,elite,Great form! Maintain position.
SES_SPR_AVE_0010,athlete_17,71,sprint,63.39,54.25,110.52,125.75,110.2,109.62,122.48,118.51,81.49,99.18,34.55,0.48,8.33,4.4,0.44,0,0.72,65.1,descent,average,Activate core more.
SES_CRI_GOO_0017,athlete_67,11,cricket_bat,135.8,119.11,145.67,147.89,120.7,92.33,134.3,123.1,85.65,81.54,34.12,3.28,20.79,6.42,0.53,0,0.739,82.2,setup,good,"Good depth, push harder through the heels."
SES_JAV_ELI_0012,athlete_27,26,javelin,107.06,110.98,139.79,157.72,164.83,165.83,97.28,131.3,77.18,84.91,34.15,1.32,32.1,0.31,0.5,0,0.735,92.7,setup,elite,Elite biomechanics detected.
SES_SPR_ELI_0008,athlete_18,41,sprint,48.17,60.07,92.82,83.45,59.03,73.76,84.85,98.06,74.97,81.49,19.18,3.35,36.04,0.95,0.54,0,0.81,93.2,descent,elite,Hold this form.
SES_SPR_ELI_0008,athlete_24,18,sprint,48.21,50.97,111.05,97.28,70.45,70.28,81.29,89.48,67.98,56.06,6.56,2.84,37.11,5.79,0.49,0,0.847,94.2,setup,elite,Elite biomechanics detected.
SES_SNA_ELI_0004,athlete_77,43,snatch,93.02,89.13,92.75,98.1,60.12,32.39,180,175.32,101.23,81.25,19.31,0,42.59,3.29,0.57,0,0.921,93.8,setup,elite,Great form! Maintain position.
SES_SPR_ELI_0008,athlete_10,77,sprint,37.02,41.02,79.73,90.26,71.03,71.38,73.11,85.79,62.94,69.23,8.48,0,36.79,2.33,0.54,0,0.836,92.5,descent,elite,Elite biomechanics detected.
SES_JAV_POO_0015,athlete_57,43,javelin,148.68,169.39,178,176.86,152.21,115.35,155.16,162.66,82.63,78.65,58.62,3.8,28.74,2.04,0.45,0,0.561,30.3,setup,poor,Adjust knee alignment.
SES_SNA_GOO_0005,athlete_18,52,snatch,111.95,95.66,116.97,104.78,43.34,47.74,168.2,180,75.78,100.09,34.42,0,17.48,4.96,0.46,0,0.825,82.4,descent,good,Extend hips fully.
SES_JAV_POO_0015,athlete_59,8,javelin,158.61,143.05,166.39,158.36,137.59,141.82,150.75,164.57,71.49,73.12,52.7,0,15.28,-6.03,0.47,0,0.556,34.6,descent,poor,LOWER HIPS!
SES_VER_POO_0003,athlete_55,55,vertical_jump,139.91,138.69,135.72,128.4,39.51,65.25,145.2,156.49,64.52,63.2,57.5,1.48,31.75,1.57,0.44,27.7,0.681,30.3,descent,poor,Adjust knee alignment.
SES_SPR_POO_0011,athlete_34,75,sprint,92.82,84.66,119.45,146.14,73.18,93.48,96.33,163.97,97.29,96.07,24.82,3.4,19.62,5.42,0.48,0,0.639,41.5,descent,poor,Work on symmetry.
SES_CRI_GOO_0017,athlete_03,0,cricket_bat,138.6,125.63,166.34,145.33,101.87,94.41,136.49,156.13,97.32,82.27,31.19,0,30.63,2.71,0.5,0,0.714,82.9,descent,good,"Good depth, push harder through the heels."
SES_CRI_GOO_0017,athlete_71,2,cricket_bat,106.97,131.7,148.46,124.22,75.93,92.15,157.01,172.7,86.17,82.35,28.06,1.14,34.43,0.28,0.57,0,0.675,79.2,setup,good,Slight asymmetry detected.
SES_JAV_ELI_0012,athlete_48,88,javelin,118.54,111.02,150.6,149.51,172.48,171.13,105.44,120.77,83.95,85.14,46.48,2.38,24.31,1.15,0.55,0,0.759,96.1,setup,elite,Hold this form.
SES_CRI_ELI_0016,athlete_61,67,cricket_bat,129.22,112.09,147.87,118.13,80.26,84.88,138.4,133.79,80.57,98.56,14.72,0.95,22.21,1.09,0.48,0,0.72,90,descent,elite,Elite biomechanics detected.
SES_SPR_GOO_0009,athlete_50,73,sprint,71.42,51.94,92.35,112.31,85.44,103.43,87.66,109.39,67.17,73.27,19.86,1.73,22.26,-2.76,0.48,0,0.715,78.8,descent,good,Extend hips fully.
SES_VER_GOO_0001,athlete_62,17,vertical_jump,93.12,112.71,107.71,110.14,42.96,91.12,146.34,136.68,82.59,89.45,6.51,2.82,30.21,1.97,0.53,38.0,0.821,83.6,takeoff,good,Extend hips fully.
SES_VER_GOO_0001,athlete_46,6,vertical_jump,110.8,90.08,117.63,106.03,67.22,77.61,133.25,150.62,71.22,78.57,18.27,3.9,31.81,1.05,0.51,35.9,0.794,81.8,flight,good,Extend hips fully.
SES_SPR_POO_0011,athlete_39,18,sprint,80.07,77.47,152.89,136.12,141.26,123.55,124.57,151.0,102.75,105.51,15.66,0.22,23.73,-0.71,0.4,0,0.677,39.8,setup,poor,Work on symmetry.
SES_SPR_GOO_0009,athlete_72,30,sprint,46.05,43.73,103.25,122.45,86.68,80.75,86.93,86.17,80.86,69.16,18.36,4.25,21.25,2.07,0.51,0,0.788,86.0,descent,good,"Good depth, push harder through the heels."
SES_SNA_GOO_0005,athlete_33,49,snatch,91.25,96.56,107.51,114.97,42.4,47.55,180,168.18,82.14,82.56,35.03,2.77,30.12,-1.11,0.55,0,0.864,77.0,setup,good,Slight asymmetry detected.
SES_JAV_ELI_0012,athlete_54,29,javelin,102.74,112.44,154.23,152.7,178.16,165.83,140.29,126.17,80.09,81.05,21.35,4.31,37.81,0.71,0.47,0,0.751,90.6,setup,elite,Elite biomechanics detected.
SES_SNA_POO_0007,athlete_09,39,snatch,136.62,126.47,136.27,147.21,70.04,81.77,135.05,130.94,74.62,51.24,79.5,3.32,20.21,4.37,0.52,0,0.675,54,setup,poor,LOWER HIPS!
SES_SNA_AVE_0006,athlete_80,37,snatch,108.19,94.36,145.31,127.09,57.36,71.26,180,155.99,84.16,79.62,49.82,2.04,42.1,3.13,0.35,0,0.744,60.9,setup,average,Lower your hips.
SES_CRI_ELI_0016,athlete_67,12,cricket_bat,118.57,118.14,125.99,144.77,53.43,80.33,150.36,146.52,76.65,98.06,16.42,1.03,44.71,1.97,0.51,0,0.78,91.8,setup,elite,Great form! Maintain position.
SES_SPR_ELI_0008,athlete_34,22,sprint,44.14,36.61,107.87,107.01,76.95,76.68,75.89,68.92,81.12,69.41,17.15,3.07,33.32,-2.79,0.55,0,0.846,95.5,setup,elite,Great form! Maintain position.
SES_SPR_AVE_0010,athlete_16,99,sprint,68.49,68.96,117.19,118.36,87.81,65.63,105.48,116.61,100.84,78.38,31.14,0.54,31.88,4.83,0.35,0,0.795,62.8,setup,average,Activate core more.
SES_SPR_AVE_0010,athlete_79,36,sprint,78.49,70.22,107.71,131.66,95.08,86.39,110.66,137.25,93.06,73.11,38.04,2.16,19.79,-3.02,0.46,0,0.714,62.9,setup,average,Lower your hips.
SES_VER_GOO_0001,athlete_47,74,vertical_jump,99.64,100.52,94.7,89.64,73.86,74.2,98.01,128.11,92.59,74.77,22.95,2.69,27.83,10.92,0.48,51.5,0.861,82.5,setup,good,Slight asymmetry detected.
SES_JAV_GOO_0013,athlete_72,12,javelin,114.91,117.65,135.0,161.97,158.09,170.34,122.45,149.14,84.36,77.4,48.98,3.0,31.28,2.31,0.44,0,0.683,87.6,descent,good,"Good depth, push harder through the heels."
SES_SNA_ELI_0004,athlete_77,80,snatch,106.11,95.22,113.53,105.63,54.2,35.66,178.3,178.52,85.08,93.92,25.36,3.75,33.41,1.53,0.68,0,0.898,93.8,descent,elite,Hold this form.
SES_SNA_GOO_0005,athlete_40,97,snatch,93.08,100.67,104.14,113.58,43.38,60.29,158.73,173.76,93.06,94.87,16.83,3.2,25.83,4.32,0.6,0,0.852,79.3,descent,good,"Good depth, push harder through the heels."
SES_SNA_POO_0007,athlete_73,53,snatch,169.69,141.93,175.12,164.21,124.67,70.27,165.17,124.43,71.85,80.98,80,0.45,9.67,-3.93,0.65,0,0.652,37.5,descent,poor,Work on symmetry.
SES_CRI_AVE_0018,athlete_55,9,cricket_bat,103.44,145.24,176.76,153.87,99.42,101.46,129.08,166.58,90.56,80.63,53.53,2.23,24.47,8.36,0.41,0,0.595,60.5,descent,average,Activate core more.
SES_CRI_POO_0019,athlete_68,88,cricket_bat,159.66,167.37,158.71,152.76,95.68,167.02,180,149.57,90.78,66.87,53.14,0,20.92,4.43,0.53,0,0.595,31.2,setup,poor,Adjust knee alignment.
SES_SPR_AVE_0010,athlete_14,2,sprint,64.52,73.08,126.09,119.16,84.15,83.03,104.47,121.09,50.32,65.81,29.83,2.56,27.17,-0.16,0.52,0,0.748,57.9,setup,average,Lower your hips.
SES_SNA_AVE_0006,athlete_40,5,snatch,109.29,106.07,127.45,137.51,57.69,53.61,134.3,165.59,79.53,86.81,39.96,0.05,14.93,6.89,0.51,0,0.789,62.5,setup,average,Lower your hips.
SES_CRI_AVE_0018,athlete_57,28,cricket_bat,131.04,134.35,160.95,123.25,116.58,96.32,160.65,180,81.65,90.04,49.71,1.41,27.67,2.34,0.49,0,0.642,70.2,descent,average,Lower your hips.
SES_CRI_GOO_0017,athlete_60,32,cricket_bat,128.54,142.72,160.38,150.14,117.41,98.85,180,128.71,89.1,85.63,16.3,3.2,34.25,5.51,0.4,0,0.731,83.7,setup,good,Slight asymmetry detected.
SES_CRI_POO_0019,athlete_24,47,cricket_bat,132.33,167.89,156.08,171.72,119.7,126.72,180,178.02,77.79,66.5,35.31,1.85,12.93,-1.09,0.48,0,0.529,31.4,descent,poor,LOWER HIPS!
SES_JAV_AVE_0014,athlete_36,0,javelin,138.99,131.93,155.47,162.06,154.65,136.61,114.92,166.58,80.98,75.29,42.28,4.23,26.4,-0.76,0.39,0,0.653,68.5,descent,average,Control trunk lean.
SES_SPR_POO_0011,athlete_79,27,sprint,70.19,84.02,151.46,147.49,88.95,102.6,140.81,116.17,73.78,100.83,19.7,5.68,27.68,3.52,0.47,0,0.663,29.1,setup,poor,Work on symmetry.
SES_SNA_GOO_0005,athlete_39,9,snatch,106.93,93.92,108.37,102.38,58.76,41.06,162.89,180,94.35,84.14,25.77,2.34,20.85,-0.32,0.49,0,0.847,78.9,setup,good,Slight asymmetry detected.
SES_JAV_GOO_0013,athlete_45,84,javelin,115.18,119.09,148.03,165.08,156.3,157.4,143.01,159.43,71.63,72.61,50.13,0.74,15.69,2.16,0.56,0,0.699,77.8,setup,good,"Good depth, push harder through the heels."
SES_CRI_GOO_0017,athlete_70,47,cricket_bat,110.66,155.04,134.62,141.42,89.85,119.58,116.19,163.82,95.41,92.14,15.21,3.33,23.15,0.59,0.53,0,0.68,85.3,descent,good,"Good depth, push harder through the heels."
SES_CRI_POO_0019,athlete_26,92,cricket_bat,137.25,135.23,157.51,157.16,87.05,156.02,165.9,156.8,83.79,87.21,63.38,3.02,30.95,2.21,0.5,0,0.615,38.5,setup,poor,Critical form deviation.
SES_JAV_ELI_0012,athlete_46,13,javelin,103.63,97.14,141.49,150.85,165.77,168.66,122.61,131.17,78.89,86.51,19.31,3.76,26.07,3.89,0.49,0,0.743,100,setup,elite,Great form! Maintain position.
SES_SNA_AVE_0006,athlete_27,7,snatch,132.19,89.28,151.1,145.39,72.5,57.19,178.42,164.71,103.82,83.07,44.53,4.44,21.52,1.17,0.56,0,0.711,63.4,setup,average,Lower your hips.
SES_VER_AVE_0002,athlete_47,29,vertical_jump,132.18,114.99,123.41,116.69,73.84,61.69,127.26,129.96,63.21,67.26,35.06,3.37,17.01,3.14,0.45,25.6,0.745,63.5,flight,average,Activate core more.
SES_VER_ELI_0000,athlete_47,76,vertical_jump,90.95,93.13,100.11,90.65,84.12,57.57,139.04,127.77,94.41,87.94,6.13,4.04,26.52,-4.7,0.56,66.5,0.925,95.9,flight,elite,Hold this form.
SES_SNA_GOO_0005,athlete_32,24,snatch,83.81,104.27,99.62,92.93,36.04,44.52,166.09,171.44,95.32,81.61,18.28,3.68,28.79,1.27,0.61,0,0.821,82.6,descent,good,"Good depth, push harder through the heels."
SES_SNA_AVE_0006,athlete_42,71,snatch,82.64,129.72,140.06,130.05,58.95,74.32,170.8,151.01,72.87,83.28,65.77,0,27.33,-1.72,0.42,0,0.69,62.5,setup,average,Lower your hips.
SES_JAV_POO_0015,athlete_80,78,javelin,107.85,157.48,176.32,172.1,128.53,111.01,114.94,136.96,41.34,65.32,47.19,1.73,19.35,2.76,0.45,0,0.5,39.5,descent,poor,Adjust knee alignment.
SES_CRI_POO_0019,athlete_38,74,cricket_bat,142.87,162.19,178,157.53,167.92,111.8,158.48,180,69.37,82.83,35.59,4.25,14.23,-2.81,0.33,0,0.55,38.5,descent,poor,LOWER HIPS!
SES_VER_POO_0003,athlete_61,57,vertical_jump,121.68,129.59,161.19,146.22,108.76,89.26,135.9,134.39,50.05,75.45,38.99,2.29,16.34,3.91,0.52,17.0,0.654,39.0,takeoff,poor,Critical form deviation.
SES_JAV_GOO_0013,athlete_28,90,javelin,99.93,134.58,146.43,140.35,157.1,172.58,124.33,136.03,69.99,76.72,26.33,3.44,17.26,4.76,0.39,0,0.65,77.5,descent,good,"Good depth, push harder through the heels."
SES_JAV_GOO_0013,athlete_63,73,javelin,123.99,123.86,156.02,145.48,164.62,144.68,163.8,132.27,86.34,80.6,46.93,3.02,21.13,-0.21,0.53,0,0.719,84.9,setup,good,Extend hips fully.
SES_SPR_GOO_0009,athlete_14,28,sprint,73.0,51.7,92.94,100.42,74.04,88.3,123.63,124.49,72.53,81.07,42.13,1.05,29.39,1.82,0.55,0,0.74,86.7,setup,good,Extend hips fully.
SES_SPR_POO_0011,athlete_46,77,sprint,83.34,93.91,113.19,131.28,106.58,64.93,180,148.38,78.61,85.53,36.05,4.4,22.41,-0.74,0.35,0,0.645,38.2,setup,poor,Critical form deviation.
SES_VER_AVE_0002,athlete_35,76,vertical_jump,86.12,118.47,127.74,116.72,78.05,99.61,121.07,146.58,73.16,69.27,27.87,0.59,21.06,5.38,0.51,31.3,0.692,58.9,takeoff,average,Activate core more.
SES_VER_POO_0003,athlete_26,54,vertical_jump,150.41,132.86,157.55,127.74,81.05,106.92,179.96,104.39,84.81,54.31,33.5,1.46,15.54,4.45,0.54,12.7,0.608,29.7,takeoff,poor,Work on symmetry.
SES_SNA_ELI_0004,athlete_39,24,snatch,87.72,87.38,91.79,102.26,40.03,39.75,177.64,180,100.15,92.04,24.67,2.39,28.74,9.45,0.58,0,0.918,100,setup,elite,Great form! Maintain position.
SES_CRI_ELI_0016,athlete_26,92,cricket_bat,119.98,119.76,141.98,143.82,101.15,92.74,153.28,135.91,95.69,93.61,19.71,4.82,15.45,0.66,0.51,0,0.816,96.1,setup,elite,Hold this form.
SES_CRI_ELI_0016,athlete_47,7,cricket_bat,122.21,113.44,134.27,148.41,77.15,85.61,127.31,138.06,76.89,90.24,28.93,2.77,19.75,1.76,0.47,0,0.77,95.4,setup,elite,Great form! Maintain position.
